# Blender 5.1.2
# www.blender.org
mtllib calf.mtl
o fl_calf_link
v 0.012247 -0.015590 -0.082370
v 0.012122 -0.015674 -0.080812
v -0.000089 -0.015640 -0.080904
v 0.002738 -0.014783 -0.096182
v 0.007720 -0.015555 -0.082136
v 0.005268 -0.015686 -0.080168
v 0.006725 -0.015492 -0.083222
v 0.004402 -0.015627 -0.081159
v 0.002299 -0.015578 -0.081872
v 0.009341 -0.015598 -0.081469
v 0.010894 -0.015584 -0.081729
v 0.009641 -0.016672 -0.065241
v 0.019374 -0.013360 -0.120439
v 0.018821 -0.013623 -0.116380
v 0.007815 -0.013289 -0.121205
v 0.013018 -0.013493 -0.117969
v 0.004995 -0.014101 -0.107639
v 0.008159 -0.013023 -0.124636
v 0.009929 -0.013202 -0.122127
v 0.011871 -0.013228 -0.121702
v 0.013717 -0.013182 -0.122467
v 0.021482 -0.012520 -0.131998
v 0.024641 0.010705 -0.154037
v 0.022903 0.010762 -0.152955
v 0.023294 0.011577 -0.143341
v 0.021698 0.010815 -0.152680
v 0.019555 0.010682 -0.153992
v 0.016731 0.010642 -0.154511
v 0.010286 0.009717 -0.167260
v 0.010433 0.010311 -0.158155
v 0.013402 0.010542 -0.155561
v 0.011282 0.009640 -0.168009
v 0.014508 0.010523 -0.155595
v 0.011394 0.010648 -0.154358
v 0.012409 0.010555 -0.155131
v 0.013127 0.013494 -0.118317
v 0.007670 0.013341 -0.120425
v 0.014526 0.013428 -0.118687
v 0.019374 0.013360 -0.120439
v 0.015619 0.013418 -0.118766
v 0.016673 0.013439 -0.118490
v 0.017656 0.013502 -0.117934
v 0.018320 0.013556 -0.116864
v 0.013692 0.013184 -0.122439
v 0.021497 0.012516 -0.132026
v 0.010626 0.013213 -0.121837
v 0.012389 0.013226 -0.121821
v 0.009290 0.013163 -0.122647
v 0.008523 0.013102 -0.123707
v 0.014101 0.004257 -0.235275
v 0.022264 0.013511 -0.240266
v 0.013835 0.004538 -0.235113
v 0.014113 -0.004222 -0.235282
v 0.022313 -0.013198 -0.240287
v 0.013856 -0.004534 -0.235125
v 0.018408 -0.018857 -0.237891
v 0.017475 0.019353 -0.237321
v 0.020194 0.017451 -0.238917
v -0.009417 0.004545 -0.220873
v 0.015268 0.020174 -0.235949
v -0.012657 0.019704 -0.218867
v -0.010423 0.020153 -0.220231
v -0.009428 -0.004545 -0.220866
v -0.014632 -0.018566 -0.217653
v -0.012486 -0.019793 -0.218970
v 0.016029 -0.019906 -0.236444
v -0.010422 -0.020164 -0.220229
v -0.017922 0.013199 -0.215654
v -0.009716 0.004283 -0.220690
v -0.016647 0.016244 -0.216425
v -0.014887 0.018335 -0.217497
v -0.018172 -0.011132 -0.215497
v -0.009710 -0.004281 -0.220693
v -0.017840 -0.013643 -0.215694
v -0.016503 -0.016510 -0.216512
v 0.003794 0.009955 -0.191112
v 0.005443 0.009525 -0.187529
v 0.006908 0.009223 -0.184040
v 0.014098 0.009957 -0.197577
v 0.007779 0.009673 -0.191258
v 0.006790 0.009709 -0.190695
v 0.005706 0.009745 -0.190701
v 0.026697 0.011879 -0.217397
v 0.021262 0.011237 -0.210851
v 0.020763 0.012022 -0.214545
v 0.014648 0.010623 -0.203133
v 0.027227 0.010513 -0.209976
v 0.025043 0.013332 -0.222546
v 0.026282 0.012850 -0.228090
v 0.026340 -0.012749 -0.227818
v 0.029305 -0.007206 -0.177725
v 0.014551 0.010694 -0.001854
v 0.014178 0.004795 -0.004671
v 0.013040 0.010677 -0.011495
v 0.014189 -0.004803 -0.004701
v 0.014569 -0.010693 -0.001741
v 0.012996 -0.010693 -0.011689
v 0.011270 -0.010671 -0.021070
v 0.015002 -0.013343 -0.085662
v 0.014778 0.013452 -0.084414
v 0.011527 0.014901 -0.063692
v 0.011513 0.010667 -0.063650
v 0.010247 -0.010708 -0.053502
v 0.010265 0.010695 -0.053625
v 0.009509 -0.010673 -0.043457
v 0.009518 0.010676 -0.043692
v 0.009476 -0.010697 -0.036161
v 0.009470 0.010698 -0.036362
v 0.009935 -0.010698 -0.029920
v 0.009925 0.010680 -0.030044
v 0.011217 0.010681 -0.021350
v 0.011528 -0.014949 -0.063696
v 0.011890 -0.015171 -0.066779
v 0.028220 -0.008453 -0.165359
v 0.028105 0.008517 -0.164211
v 0.026464 -0.009027 -0.150321
v 0.026404 0.009028 -0.149899
v 0.022631 -0.010889 -0.126967
v 0.022561 0.010936 -0.126579
v 0.029296 0.007226 -0.177606
v 0.029630 0.007531 -0.187360
v 0.029696 -0.006974 -0.187649
v 0.029643 0.007348 -0.199360
v 0.029636 -0.007353 -0.199625
v 0.028801 0.008726 -0.211491
v 0.028779 -0.008772 -0.211683
v 0.027968 0.010052 -0.218276
v 0.027910 -0.010610 -0.218205
v 0.023187 -0.010880 -0.240336
v 0.023228 0.010896 -0.240263
v 0.025017 -0.012071 -0.233670
v 0.024958 0.012046 -0.233889
v 0.007809 -0.007002 -0.170950
v 0.007823 0.007023 -0.170880
v -0.010844 -0.017809 -0.024691
v -0.011035 -0.018275 -0.022901
v -0.011056 -0.014734 -0.022754
v -0.011528 0.010951 -0.019263
v -0.011185 -0.012734 -0.021728
v -0.008030 -0.015766 -0.048667
v -0.011297 0.011862 -0.020861
v -0.011147 0.013198 -0.022065
v -0.011049 0.015161 -0.022817
v -0.008077 0.015733 -0.048425
v -0.011033 0.018235 -0.022828
v -0.005688 -0.014784 -0.064058
v -0.005657 0.014762 -0.064245
v -0.003609 -0.014014 -0.074989
v -0.003467 0.013966 -0.075697
v 0.002868 -0.012275 -0.105631
v 0.002896 0.012266 -0.105774
v 0.005880 -0.011279 -0.121655
v 0.005936 0.011809 -0.121644
v 0.007767 0.010288 -0.134663
v 0.008156 -0.009956 -0.137886
v 0.008417 0.009778 -0.140840
v 0.009001 -0.009658 -0.149155
v 0.008992 0.009682 -0.148877
v 0.009061 -0.008960 -0.157752
v 0.009020 0.008409 -0.157173
v 0.008343 0.007656 -0.167096
v 0.008383 -0.007725 -0.166783
v 0.006216 -0.006987 -0.178703
v 0.006155 0.007051 -0.178930
v 0.004280 -0.007930 -0.185046
v 0.004302 0.007936 -0.184993
v 0.002199 -0.008448 -0.190100
v 0.002192 0.008445 -0.190116
v -0.000245 -0.009295 -0.194848
v -0.009345 -0.012861 -0.207035
v -0.008282 0.012450 -0.205857
v -0.003009 -0.009845 -0.199205
v -0.002929 0.009780 -0.199088
v -0.000304 0.009385 -0.195012
v -0.018188 0.011147 -0.214817
v -0.018212 -0.011143 -0.214853
v -0.015106 0.011672 -0.212382
v -0.010777 0.012904 -0.208476
v -0.015106 -0.011672 -0.212382
v -0.011355 -0.011545 -0.020420
v -0.011633 -0.010731 -0.018393
v -0.011789 0.010653 -0.017355
v -0.012523 0.010692 -0.012536
v -0.012448 -0.010684 -0.012992
v -0.014320 0.010675 -0.003232
v -0.014295 -0.010814 -0.003092
v -0.010082 0.020494 -0.219746
v -0.009404 0.019357 -0.217827
v -0.008262 0.019643 -0.219148
v 0.014207 0.019695 -0.233016
v 0.015858 0.019528 -0.233629
v -0.012705 0.010961 0.006854
v -0.009568 0.011000 0.008044
v -0.005130 0.011000 0.011399
v -0.013945 0.010963 0.003718
v -0.012111 0.011000 0.003096
v -0.014331 0.010990 -0.000024
v -0.012254 0.011000 -0.002465
v -0.011137 0.011002 -0.017400
v -0.011456 0.010957 -0.017297
v 0.001609 0.011000 0.030869
v -0.002936 0.010959 0.025038
v -0.003072 0.010983 0.029300
v 0.009971 0.011000 0.007538
v 0.001525 0.011000 0.027619
v 0.012254 0.011000 0.002465
v 0.003049 0.011000 0.024746
v 0.005713 0.011000 0.011118
v 0.000323 0.011000 0.012496
v -0.002489 0.010963 0.032909
v 0.003280 0.011000 0.033659
v -0.000630 0.010963 0.036102
v 0.004886 0.010999 0.034583
v 0.002186 0.010963 0.038494
v 0.005637 0.010963 0.039811
v 0.011088 0.010999 0.034366
v 0.009331 0.010963 0.039904
v 0.012844 0.010963 0.038762
v 0.012461 0.011000 0.033421
v -0.006214 0.010973 0.016423
v -0.004408 0.010964 0.019945
v 0.009568 0.011000 -0.008044
v 0.012111 0.011000 -0.003096
v 0.013366 0.010976 -0.007889
v 0.006404 0.010974 -0.017070
v 0.006094 0.010964 -0.015973
v 0.005099 0.010999 -0.014808
v 0.015290 0.010976 0.005737
v 0.015780 0.010958 0.036522
v 0.017794 0.010963 0.033419
v 0.013985 0.011000 0.030549
v 0.018651 0.010965 0.029869
v 0.013901 0.011000 0.027298
v 0.018557 0.010964 0.027094
v 0.012230 0.011000 0.024509
v -0.007791 0.010999 -0.017018
v -0.010201 0.011000 -0.018440
v 0.009215 0.010975 -0.043446
v 0.009961 0.010964 -0.053283
v 0.004945 0.010976 -0.039506
v 0.011033 0.010990 -0.062652
v 0.003917 0.010964 -0.039481
v -0.007213 0.010976 -0.015584
v -0.009971 0.011000 -0.007538
v -0.006204 0.010973 -0.014707
v -0.005713 0.011000 -0.011118
v -0.000323 0.011000 -0.012496
v 0.005130 0.011000 -0.011399
v -0.009606 0.011001 -0.019411
v 0.002775 0.010967 -0.038878
v 0.005879 0.010964 -0.039039
v 0.006647 0.010968 -0.037980
v 0.009199 0.010971 -0.036148
v 0.009890 0.010966 -0.027818
v 0.004423 0.010998 0.023802
v 0.010624 0.010999 0.023585
v 0.023937 0.014860 -0.228872
v 0.024104 0.001152 -0.227969
v 0.024821 0.001230 -0.224466
v 0.024921 0.013394 -0.224100
v 0.001863 0.010216 -0.195257
v 0.003233 0.009780 -0.192624
v 0.003261 0.001184 -0.192669
v -0.008283 0.001208 -0.208943
v -0.008357 0.014909 -0.208938
v -0.007061 0.014299 -0.207608
v -0.004369 0.012917 -0.204501
v -0.004368 0.001171 -0.204571
v -0.001304 0.011454 -0.200420
v -0.001087 0.001195 -0.200159
v 0.002265 0.001183 -0.194617
v -0.008369 0.015975 -0.022059
v -0.008698 0.013401 -0.021408
v 0.010171 0.016578 -0.060880
v 0.018858 0.010735 0.027994
v 0.018911 0.010641 0.029916
v 0.018902 0.004800 0.027998
v 0.018732 0.004800 0.031309
v -0.003278 0.010694 0.027435
v -0.003308 0.004800 0.027339
v -0.003411 0.010718 0.029188
v -0.003334 0.004800 0.030654
v 0.016122 0.010580 0.036569
v 0.016556 0.004800 0.036011
v 0.018007 0.010643 0.033565
v 0.018732 0.010500 0.031309
v 0.012851 0.010591 0.039062
v 0.012497 0.004800 0.039231
v 0.009253 0.010612 0.040176
v 0.007423 0.004800 0.040279
v 0.002109 0.010597 0.038766
v 0.002420 0.004800 0.038931
v 0.005544 0.010641 0.040052
v 0.007423 0.010500 0.040279
v -0.001052 0.010554 0.036050
v -0.001441 0.004800 0.035477
v -0.002744 0.010643 0.032949
v -0.003334 0.010500 0.030654
v 0.016738 0.004799 0.012762
v 0.015541 0.010701 0.005465
v 0.018283 0.010679 0.023046
v 0.018326 0.004804 0.023052
v -0.003221 0.010695 0.025091
v -0.003351 0.004801 0.024236
v -0.003504 0.010816 0.023237
v -0.004661 0.010694 0.020033
v -0.004897 0.004800 0.019595
v -0.006262 0.010697 0.016940
v -0.007510 0.004799 0.014977
v -0.008941 0.010681 0.012823
v -0.007584 -0.004800 0.014864
v -0.004572 -0.004806 0.020253
v -0.004683 -0.010682 0.019986
v -0.003536 -0.010696 0.023272
v -0.003268 -0.004762 0.024772
v -0.003409 -0.010641 0.029318
v -0.003225 -0.010678 0.025026
v -0.013052 0.000000 0.006763
v -0.013035 -0.010669 0.006749
v -0.011854 -0.010685 0.008671
v -0.013047 0.010660 0.006731
v -0.011928 0.010684 0.008552
v -0.009043 -0.010697 0.012666
v -0.006250 -0.010699 0.016951
v -0.014578 -0.010500 0.001894
v -0.014664 0.010720 -0.000031
v -0.014661 -0.010738 0.000010
v -0.014578 0.010500 0.001894
v -0.014208 0.010642 0.003713
v -0.009505 0.010500 0.000246
v -0.012111 0.010500 0.003096
v -0.008108 0.010500 0.004965
v -0.009568 0.010500 0.008044
v -0.004539 0.010500 0.008354
v -0.005130 0.010500 0.011399
v 0.000246 0.010500 0.009505
v 0.000323 0.010500 0.012496
v 0.004965 0.010500 0.008108
v 0.005713 0.010500 0.011118
v 0.008354 0.010500 0.004539
v 0.009971 0.010500 0.007538
v 0.009505 0.010500 -0.000246
v 0.012254 0.010500 0.002465
v 0.012111 0.010500 -0.003096
v 0.008108 0.010500 -0.004965
v 0.009568 0.010500 -0.008044
v 0.004539 0.010500 -0.008354
v 0.005130 0.010500 -0.011399
v -0.000246 0.010500 -0.009505
v -0.000323 0.010500 -0.012496
v -0.004965 0.010500 -0.008108
v -0.005713 0.010500 -0.011118
v -0.008354 0.010500 -0.004539
v -0.009971 0.010500 -0.007538
v -0.012254 0.010500 -0.002465
v 0.006339 -0.004500 0.013735
v 0.004131 0.004500 0.014837
v -0.001707 -0.004500 0.017284
v -0.001723 0.004500 0.017284
v 0.013965 0.004500 -0.004119
v 0.007977 0.004500 0.011423
v 0.007977 -0.004500 0.011423
v 0.013962 -0.004500 -0.004113
v 0.017830 0.004500 0.021739
v 0.006469 0.004500 0.013598
v 0.007678 0.004500 0.026085
v 0.009187 0.004500 0.026448
v 0.010314 0.004500 0.027517
v -0.003009 0.004500 0.030658
v 0.005119 0.004500 0.027652
v 0.004756 0.004500 0.029161
v -0.001195 0.004500 0.035305
v 0.005197 0.004500 0.030651
v 0.002563 0.004500 0.038668
v 0.006323 0.004500 0.031720
v 0.007432 0.004500 0.039979
v 0.007833 0.004500 0.032083
v 0.012370 0.004500 0.038959
v 0.009322 0.004500 0.031642
v 0.016320 0.004500 0.035825
v 0.010391 0.004500 0.030516
v 0.018438 0.004500 0.031249
v 0.010754 0.004500 0.029006
v 0.018604 0.004500 0.028027
v -0.006299 0.004497 0.016259
v -0.004118 0.004500 0.017267
v -0.004103 0.004500 0.020671
v -0.003114 0.004500 0.023959
v 0.006188 0.004500 0.026525
v -0.006374 -0.004506 0.016208
v -0.004118 -0.004500 0.017267
v 0.005927 0.007600 0.026099
v 0.004753 0.007600 0.024221
v 0.004680 0.007600 0.027413
v 0.003417 0.007600 0.025085
v 0.004256 0.007600 0.029174
v 0.002012 0.007600 0.027733
v 0.002089 0.007600 0.030730
v 0.004770 0.007600 0.030912
v 0.003630 0.007600 0.033302
v 0.006084 0.007600 0.032159
v 0.004849 0.007600 0.034051
v 0.007846 0.007600 0.032583
v 0.009583 0.007600 0.032069
v 0.011254 0.007600 0.028993
v 0.013421 0.007600 0.027438
v 0.010740 0.007600 0.027256
v 0.011881 0.007600 0.024866
v 0.009426 0.007600 0.026008
v 0.010661 0.007600 0.024116
v 0.007665 0.007600 0.025585
v 0.010757 0.007600 0.033947
v 0.010831 0.007600 0.030755
v 0.012093 0.007600 0.033083
v 0.013498 0.007600 0.030435
v 0.010255 0.008798 -0.170281
v 0.010259 0.001235 -0.170350
v 0.011590 0.009386 -0.168004
v 0.019496 0.001239 -0.154659
v 0.019614 0.010381 -0.154390
v 0.007361 0.008953 -0.184365
v 0.007562 0.001160 -0.184637
v 0.014459 0.009696 -0.197703
v 0.021261 0.001235 -0.210387
v 0.021455 0.010995 -0.210786
v 0.027526 0.001196 -0.198089
v 0.027619 0.008858 -0.197014
v 0.026878 0.001216 -0.209250
v 0.027240 0.009703 -0.205648
v 0.026471 0.009338 -0.167990
v 0.027079 0.001255 -0.175768
v 0.025636 0.001183 -0.160705
v 0.025017 0.010232 -0.155392
v 0.025038 0.001211 -0.155777
v 0.027339 0.008694 -0.179756
v 0.027538 0.001186 -0.186318
v 0.027645 0.008604 -0.189303
v 0.009855 0.001189 -0.171524
v 0.008594 0.001193 -0.177843
v 0.009080 0.008585 -0.175486
v 0.009890 0.008631 -0.171111
v 0.007280 0.008867 -0.182331
v 0.008103 0.008651 -0.179615
v 0.007360 0.001200 -0.182320
v 0.024483 0.001187 -0.222455
v 0.008388 0.009387 -0.192204
v 0.014715 0.010471 -0.203969
v 0.024654 0.012985 -0.222691
v -0.010854 0.015181 -0.022525
v -0.008726 0.016003 -0.021933
v -0.010766 0.018501 -0.022531
v -0.008667 0.019719 -0.021957
v 0.013634 0.001194 -0.232495
v 0.014242 0.019474 -0.232889
v -0.006960 0.001177 -0.219882
v -0.007008 0.019488 -0.219904
v -0.004817 0.004550 -0.227559
v -0.004377 0.004550 -0.226070
v -0.004450 0.004530 -0.230997
v -0.005943 0.004550 -0.228629
v -0.004740 0.004550 -0.224560
v -0.005809 0.004550 -0.223434
v 0.000037 0.004550 -0.228187
v 0.002037 0.004550 -0.228239
v 0.008393 0.004550 -0.232603
v 0.002750 0.004550 -0.228990
v 0.002992 0.004550 -0.229996
v 0.001947 0.004550 -0.231702
v 0.005317 0.004550 -0.235524
v 0.005680 0.004550 -0.237034
v 0.011315 0.004550 -0.235680
v 0.010874 0.004550 -0.237169
v 0.010083 0.004532 -0.240805
v 0.009748 0.004550 -0.238238
v 0.008238 0.004550 -0.238601
v 0.007963 0.004536 -0.242668
v 0.006749 0.004550 -0.238160
v 0.002698 0.004550 -0.230989
v 0.006883 0.004550 -0.232966
v 0.005757 0.004550 -0.234035
v 0.010952 0.004550 -0.234170
v 0.009882 0.004550 -0.233044
v 0.003225 0.004547 -0.237029
v 0.002659 0.004519 -0.235457
v 0.001044 0.004550 -0.227945
v -0.000052 0.004550 -0.231650
v 0.000941 0.004550 -0.231944
v -0.000713 0.004550 -0.228900
v -0.001007 0.004550 -0.229893
v -0.000765 0.004550 -0.230899
v -0.007453 0.004550 -0.228992
v -0.006187 0.004548 -0.231048
v -0.008942 0.004550 -0.228551
v -0.007298 0.004550 -0.222994
v -0.008808 0.004550 -0.223357
v -0.012524 0.004527 -0.226014
v -0.009934 0.004550 -0.224426
v -0.010375 0.004550 -0.225915
v -0.013511 0.004521 -0.229366
v -0.010012 0.004550 -0.227425
v -0.013680 0.004521 -0.232044
v -0.013315 0.004529 -0.234688
v -0.008857 0.004514 -0.235534
v -0.012456 0.004521 -0.237243
v -0.008822 0.004519 -0.236878
v -0.011109 0.004521 -0.239563
v -0.009335 0.004521 -0.241577
v -0.007208 0.004521 -0.238939
v -0.007202 0.004521 -0.243206
v -0.005433 0.004521 -0.240329
v -0.004793 0.004521 -0.244387
v -0.003426 0.004520 -0.241287
v -0.002199 0.004521 -0.245076
v -0.000976 0.004515 -0.241798
v 0.000479 0.004521 -0.245245
v 0.003139 0.004521 -0.244889
v 0.000527 0.004522 -0.241233
v 0.005678 0.004521 -0.244021
v 0.011879 -0.004248 -0.238909
v -0.011904 -0.004214 -0.224231
v -0.011941 0.004271 -0.224327
v -0.013095 -0.004234 -0.226695
v -0.013118 0.004242 -0.226758
v -0.013792 -0.004241 -0.229343
v -0.013805 0.004241 -0.229425
v -0.013961 -0.004241 -0.232076
v -0.013957 0.004241 -0.232159
v -0.013593 -0.004241 -0.234790
v -0.013573 0.004241 -0.234871
v -0.012702 -0.004241 -0.237380
v -0.012668 0.004241 -0.237455
v -0.011324 -0.004241 -0.239746
v -0.011275 0.004241 -0.239813
v -0.009510 -0.004241 -0.241798
v -0.009449 0.004241 -0.241854
v -0.007331 -0.004241 -0.243457
v -0.007260 0.004241 -0.243500
v -0.004870 -0.004241 -0.244658
v -0.004792 0.004241 -0.244687
v -0.002222 -0.004241 -0.245357
v -0.002140 0.004241 -0.245370
v 0.000511 -0.004241 -0.245525
v 0.000594 0.004241 -0.245522
v 0.003225 -0.004241 -0.245157
v 0.003306 0.004241 -0.245138
v 0.005815 -0.004241 -0.244267
v 0.005890 0.004241 -0.244232
v 0.008181 -0.004241 -0.242889
v 0.008248 0.004241 -0.242840
v 0.010233 -0.004241 -0.241075
v 0.010289 0.004241 -0.241014
v 0.002490 -0.004252 -0.237616
v 0.002488 0.004228 -0.237596
v 0.000581 -0.004231 -0.240717
v 0.000602 0.004211 -0.240674
v 0.001897 0.004252 -0.235149
v 0.001899 -0.004224 -0.235164
v -0.004093 0.004231 -0.231491
v -0.004039 -0.004248 -0.231514
v -0.008392 -0.004248 -0.235150
v -0.008404 0.004216 -0.235199
v -0.006494 -0.004231 -0.232068
v -0.006537 0.004268 -0.232114
v 0.022501 0.000889 -0.211227
v 0.007465 0.000911 -0.183254
v 0.027238 0.000896 -0.186182
v 0.008815 0.000904 -0.178155
v 0.026620 0.000904 -0.173845
v 0.010371 0.000911 -0.170734
v 0.024804 0.000904 -0.155896
v 0.007871 0.000898 -0.184581
v 0.027245 0.000905 -0.198008
v 0.026121 0.000884 -0.210407
v 0.020704 0.000889 -0.153913
v -0.000526 0.000911 -0.199791
v 0.004214 0.000890 -0.191942
v 0.007549 0.000893 -0.191850
v 0.024554 0.000888 -0.223986
v 0.023638 0.000909 -0.228805
v -0.004103 0.000888 -0.204740
v 0.019999 0.000896 -0.232661
v 0.017753 0.000914 -0.233292
v -0.008961 0.000897 -0.210230
v 0.022410 0.000896 -0.230853
v 0.006469 0.000922 -0.191317
v 0.005282 0.000904 -0.191371
v 0.014831 0.000909 -0.232823
v -0.007765 0.000908 -0.218969
v -0.009988 0.000918 -0.212604
v -0.009325 0.000901 -0.217018
v -0.010018 0.000904 -0.214643
v 0.005545 0.010500 0.024119
v 0.009705 0.010500 0.024012
v 0.003417 0.010500 0.025085
v 0.002012 0.010500 0.027733
v 0.002089 0.010500 0.030730
v 0.003630 0.010500 0.033302
v 0.009965 0.010500 0.034048
v 0.005805 0.010500 0.034156
v 0.012093 0.010500 0.033083
v 0.013498 0.010500 0.030435
v 0.013421 0.010500 0.027438
v 0.011881 0.010500 0.024866
v 0.007833 0.007100 0.032083
v 0.009322 0.007100 0.031642
v 0.010391 0.007100 0.030516
v 0.010754 0.007100 0.029006
v 0.010314 0.007100 0.027517
v 0.009187 0.007100 0.026448
v 0.007678 0.007100 0.026085
v 0.006188 0.007100 0.026525
v 0.005119 0.007100 0.027652
v 0.004756 0.007100 0.029161
v 0.005197 0.007100 0.030651
v 0.006323 0.007100 0.031720
v 0.000233 -0.010000 0.009005
v 0.000233 0.010000 0.009005
v 0.004704 -0.010000 0.007682
v 0.004704 0.010000 0.007682
v 0.007915 -0.010000 0.004301
v 0.007915 0.010000 0.004301
v 0.009005 -0.010000 -0.000233
v 0.009005 0.010000 -0.000233
v 0.007682 -0.010000 -0.004704
v 0.007682 0.010000 -0.004704
v 0.004301 -0.010000 -0.007915
v 0.004301 0.010000 -0.007915
v -0.000233 -0.010000 -0.009005
v -0.000233 0.010000 -0.009005
v -0.004704 -0.010000 -0.007682
v -0.004704 0.010000 -0.007682
v -0.007915 -0.010000 -0.004301
v -0.007915 0.010000 -0.004301
v -0.009005 -0.010000 0.000233
v -0.009005 0.010000 0.000233
v -0.007682 -0.010000 0.004704
v -0.007682 0.010000 0.004704
v -0.004301 -0.010000 0.007915
v -0.004301 0.010000 0.007915
v 0.006414 0.002302 -0.037182
v 0.006476 0.010698 -0.037181
v 0.006233 0.002307 -0.038064
v 0.006292 0.010691 -0.038081
v 0.005694 0.002307 -0.038763
v 0.005739 0.010691 -0.038804
v 0.004903 0.002307 -0.039157
v 0.004926 0.010691 -0.039213
v 0.004020 0.002307 -0.039165
v 0.004016 0.010691 -0.039226
v 0.003222 0.002307 -0.038787
v 0.003191 0.010691 -0.038840
v 0.002678 0.002318 -0.038113
v 0.002626 0.010681 -0.038137
v 0.006119 0.010681 -0.017054
v 0.004124 0.002302 -0.015140
v 0.004125 0.010698 -0.015078
v 0.005093 0.002307 -0.015413
v 0.005116 0.010691 -0.015357
v 0.005794 0.002307 -0.016115
v 0.005842 0.010691 -0.016078
v -0.007052 0.002302 -0.017738
v -0.007107 0.010698 -0.017766
v -0.007248 0.002307 -0.016748
v -0.007308 0.010691 -0.016752
v -0.006938 0.002307 -0.015803
v -0.006993 0.010691 -0.015777
v -0.006206 0.002307 -0.015129
v -0.006241 0.010691 -0.015080
v 0.004523 0.002029 -0.038969
v 0.003214 0.002033 -0.038451
v 0.004767 0.002031 -0.015546
v 0.005535 0.002016 -0.016269
v -0.006060 0.002020 -0.015384
v -0.006976 0.002028 -0.016979
v -0.006711 0.002029 -0.015970
v 0.005476 0.002028 -0.038581
v 0.006051 0.002026 -0.037772
v -0.002581 0.018305 -0.040967
v -0.008679 0.020019 -0.022392
v -0.004779 0.018295 -0.041120
v -0.009215 0.020002 -0.022482
v -0.006040 0.018210 -0.042140
v -0.006933 0.018081 -0.043778
v 0.009543 0.016797 -0.063730
v 0.009621 0.016977 -0.060426
v 0.004516 0.017429 -0.053185
v 0.002342 0.017996 -0.045313
v -0.000910 0.018225 -0.042049
v 0.010614 0.016454 -0.067285
v 0.012125 0.015556 -0.082535
v 0.002946 0.014772 -0.096209
v 0.001159 0.015566 -0.081553
v 0.002223 0.015566 -0.081781
v 0.010948 0.015583 -0.081751
v 0.009212 0.015597 -0.081485
v 0.005521 0.015714 -0.079599
v 0.007766 0.015564 -0.082091
v 0.004282 0.015608 -0.081132
v 0.006707 0.015488 -0.083268
v 0.003357 0.015590 -0.081709
v 0.009637 0.016682 -0.065209
v 0.009014 0.002824 -0.064600
v 0.004572 0.002813 -0.079900
v 0.002245 0.002816 -0.081132
v 0.000099 0.002805 -0.079933
v -0.004049 0.002826 -0.059263
v -0.001802 0.002812 -0.042059
v -0.006089 0.002829 -0.043572
v -0.002957 0.002847 -0.041489
v -0.004223 0.002829 -0.041588
v -0.005307 0.002836 -0.042207
v -0.004311 0.003126 -0.059437
v -0.005095 0.016952 -0.054749
v -0.006400 0.003113 -0.044545
v -0.000645 0.003112 -0.078972
v -0.000550 0.015355 -0.079463
v -0.002041 0.015798 -0.072225
v -0.003709 0.016413 -0.063242
v 0.005187 0.003085 -0.079290
v 0.009159 0.003123 -0.065469
v 0.009274 0.016421 -0.065286
v 0.009111 0.016499 -0.063466
v 0.008992 0.003140 -0.063288
v -0.000686 0.017868 -0.042904
v -0.000769 0.003086 -0.042875
v 0.005722 0.002831 -0.107387
v 0.017923 0.002810 -0.116084
v 0.010940 0.002824 -0.082412
v 0.011868 0.002820 -0.083239
v 0.014119 0.002816 -0.117880
v 0.017404 0.002836 -0.117227
v 0.008618 0.002847 -0.082273
v 0.009799 0.002836 -0.082080
v 0.007470 0.002825 -0.083223
v 0.003616 0.002813 -0.096286
v 0.016460 0.002836 -0.117951
v 0.015297 0.002836 -0.118199
v 0.003329 0.003087 -0.097385
v 0.005296 0.003146 -0.106977
v 0.003242 0.014445 -0.097507
v 0.005346 0.013772 -0.107387
v 0.005887 0.003112 -0.108234
v 0.013067 0.003009 -0.117364
v 0.012973 0.013178 -0.117380
v 0.005852 0.013743 -0.108255
v 0.018304 0.013333 -0.114952
v 0.018252 0.003109 -0.114941
v 0.015208 0.003114 -0.098715
v 0.015441 0.014231 -0.099700
v 0.012567 0.015120 -0.083868
v 0.003359 0.003132 -0.095990
v 0.006804 0.003114 -0.083980
v 0.006752 0.015187 -0.083955
v 0.011637 0.002824 -0.122330
v 0.013107 0.002830 -0.122745
v 0.022752 0.002818 -0.142335
v 0.016397 0.002817 -0.153702
v 0.010489 0.002823 -0.137091
v 0.008938 0.002823 -0.124518
v 0.021359 0.002825 -0.133674
v 0.011808 0.002808 -0.153605
v 0.009540 0.002847 -0.123222
v 0.010494 0.002836 -0.122542
v 0.008647 0.003109 -0.125478
v 0.010091 0.011730 -0.136614
v 0.010101 0.003122 -0.136238
v 0.011127 0.010406 -0.152795
v 0.016463 0.010306 -0.154276
v 0.016693 0.003080 -0.153824
v 0.022624 0.003142 -0.143773
v 0.023010 0.003162 -0.141764
v 0.023047 0.011337 -0.141748
v 0.021693 0.012002 -0.133635
v 0.021644 0.003100 -0.133667
v 0.021056 0.003147 -0.132299
v 0.013926 0.003080 -0.123188
v 0.014004 0.012872 -0.123180
v 0.009909 0.009159 -0.169871
v 0.007229 0.001188 -0.183526
v 0.007163 0.008876 -0.183496
v 0.022303 0.001143 -0.211492
v 0.023734 0.001236 -0.211977
v 0.023341 0.010948 -0.211967
v 0.022291 0.011082 -0.211564
v 0.025218 0.001236 -0.211677
v 0.024252 0.010854 -0.211992
v 0.026356 0.001152 -0.210676
v 0.026070 0.010455 -0.211088
v 0.025255 0.010676 -0.211696
v 0.024506 0.001242 -0.154415
v 0.024386 0.010409 -0.154167
v 0.023382 0.001236 -0.153472
v 0.023338 0.010487 -0.153400
v 0.022249 0.010494 -0.153129
v 0.021946 0.001236 -0.153177
v 0.021348 0.010495 -0.153221
v 0.020554 0.001143 -0.153618
v 0.020404 0.010460 -0.153633
v 0.011476 0.010334 -0.153791
v 0.014483 0.010229 -0.155343
v 0.014126 0.003164 -0.155322
v 0.013503 0.010191 -0.155281
v 0.012645 0.003155 -0.154927
v 0.012582 0.010238 -0.154932
v 0.015530 0.010231 -0.155010
v 0.015605 0.003160 -0.154927
v 0.022967 0.003073 -0.142827
v 0.023031 0.011266 -0.142778
v 0.021358 0.012069 -0.132671
v 0.012945 0.003122 -0.122363
v 0.013227 0.012931 -0.122459
v 0.012302 0.012941 -0.122077
v 0.011685 0.003116 -0.122037
v 0.011333 0.012965 -0.121986
v 0.010420 0.003109 -0.122278
v 0.010306 0.012933 -0.122266
v 0.009365 0.003116 -0.123031
v 0.009453 0.012894 -0.122851
v 0.008795 0.012806 -0.123801
v 0.008733 0.003116 -0.124164
v 0.008612 0.012705 -0.124489
v 0.014010 0.003112 -0.118164
v 0.013789 0.013111 -0.118098
v 0.016614 0.013117 -0.118228
v 0.015561 0.013128 -0.118523
v 0.015280 0.003114 -0.118473
v 0.014612 0.013102 -0.118429
v 0.016544 0.003098 -0.118203
v 0.017590 0.003116 -0.117433
v 0.017463 0.013270 -0.117675
v 0.018107 0.013241 -0.116713
v 0.018203 0.003116 -0.116272
v 0.018317 0.013287 -0.115938
v 0.003256 0.014482 -0.096181
v 0.012100 0.003116 -0.083053
v 0.011918 0.015259 -0.082722
v 0.011116 0.003116 -0.082173
v 0.010874 0.015321 -0.081988
v 0.009841 0.003116 -0.081806
v 0.009819 0.015336 -0.081746
v 0.008725 0.015309 -0.081894
v 0.008535 0.003116 -0.082028
v 0.007921 0.015285 -0.082313
v 0.007460 0.003116 -0.082791
v 0.007216 0.015249 -0.082997
v 0.009274 0.003115 -0.064349
v 0.009307 0.016407 -0.064237
v 0.000124 0.015306 -0.080595
v 0.002282 0.015232 -0.081506
v 0.001201 0.015278 -0.081308
v 0.000949 0.003160 -0.081142
v 0.002207 0.003055 -0.081444
v 0.003495 0.003162 -0.081238
v 0.004150 0.015263 -0.080881
v 0.004825 0.015351 -0.080193
v -0.001367 0.017969 -0.041949
v -0.001627 0.003123 -0.041804
v -0.002118 0.018026 -0.041438
v -0.002886 0.003109 -0.041244
v -0.003095 0.018045 -0.041154
v -0.004268 0.003116 -0.041302
v -0.004125 0.018047 -0.041205
v -0.005041 0.017990 -0.041599
v -0.005476 0.003116 -0.041986
v -0.005789 0.017954 -0.042229
v -0.006239 0.003116 -0.043138
v -0.006369 0.017827 -0.043326
v 0.024819 0.001187 -0.223440
v 0.024844 0.013147 -0.223283
v 0.007587 0.009348 -0.191458
v 0.007713 0.001174 -0.191611
v 0.006545 0.001191 -0.191069
v 0.006676 0.009476 -0.191022
v 0.005560 0.009429 -0.190975
v 0.005247 0.001191 -0.191085
v 0.004694 0.009535 -0.191224
v 0.004089 0.001191 -0.191645
v 0.003924 0.009643 -0.191701
v 0.015135 0.001191 -0.233191
v 0.016235 0.019170 -0.233504
v 0.016790 0.001191 -0.233515
v 0.018443 0.001192 -0.233437
v 0.020005 0.017395 -0.233051
v 0.020089 0.001191 -0.232949
v 0.022719 0.001186 -0.230936
v 0.022475 0.015834 -0.231302
v 0.021514 0.001061 -0.232053
v 0.021838 0.016255 -0.231913
v 0.023593 0.001182 -0.229537
v 0.023437 0.015212 -0.229968
v -0.008238 0.001191 -0.218899
v -0.009959 0.001190 -0.211643
v -0.009545 0.015339 -0.210554
v -0.009294 0.001184 -0.210248
v -0.010291 0.001194 -0.214728
v -0.010257 0.016254 -0.212493
v -0.010294 0.001184 -0.213175
v -0.009921 0.001191 -0.216286
v -0.010321 0.017593 -0.214856
v -0.009226 0.001191 -0.217688
v -0.008749 0.019290 -0.218446
v -0.009397 0.014455 -0.207893
v -0.009294 0.013664 -0.207182
v -0.008288 0.014961 -0.207929
v -0.012451 0.020028 -0.218309
v 0.006928 0.009071 -0.181957
v 0.007765 0.008912 -0.178401
v 0.005481 0.009220 -0.185322
v -0.017929 0.013184 -0.214926
v -0.016219 0.013969 -0.213996
v -0.015223 0.015341 -0.214122
v -0.016615 0.016439 -0.215809
v -0.014104 0.016599 -0.214507
v -0.012915 0.017681 -0.215139
v -0.014783 0.018596 -0.216913
v -0.011713 0.018538 -0.215982
v -0.010765 0.017796 -0.214512
v -0.010009 0.019072 -0.216949
v -0.010761 0.016547 -0.212225
v -0.010086 0.015669 -0.210240
v -0.012467 0.015847 -0.212428
v -0.004683 0.013223 -0.203954
v -0.001487 0.011734 -0.199600
v 0.001320 0.010608 -0.195016
v 0.002991 0.010110 -0.192438
v 0.003398 0.009769 -0.190430
v -0.013309 0.014884 -0.212137
v -0.013784 0.013859 -0.211821
v 0.006488 0.007885 -0.178461
v 0.007036 0.008563 -0.178515
v 0.004822 0.008778 -0.185118
v 0.002749 0.009329 -0.190191
v 0.000249 0.010176 -0.195072
v -0.003108 0.010702 -0.199569
v -0.002657 0.011356 -0.199687
v -0.006334 0.012237 -0.203814
v -0.005987 0.012922 -0.204026
v 0.008090 0.007973 -0.170717
v 0.008691 0.008654 -0.170909
v 0.008925 0.009092 -0.167881
v 0.009418 0.008970 -0.171045
v 0.008494 0.008459 -0.167293
v 0.009541 0.009541 -0.167294
v -0.005603 0.015698 -0.063413
v -0.005021 0.016068 -0.064950
v 0.009710 0.011796 -0.139524
v 0.010578 0.010759 -0.152501
v 0.007149 0.013089 -0.121888
v 0.004545 0.014088 -0.107083
v -0.001416 0.015668 -0.078989
v 0.002830 0.014672 -0.097502
v 0.008108 0.012974 -0.125152
v -0.003473 0.016480 -0.067387
v -0.004590 0.016755 -0.062513
v -0.003491 0.014785 -0.074847
v 0.003173 0.012995 -0.106398
v 0.008271 0.010845 -0.137430
v 0.003525 0.013658 -0.105986
v 0.006513 0.012655 -0.121965
v 0.008671 0.011484 -0.137246
v 0.009518 0.010499 -0.149078
v 0.009139 0.009147 -0.157901
v 0.009571 0.009794 -0.157961
v -0.009857 0.019853 -0.022668
v -0.007689 0.016692 -0.049286
v -0.007746 0.017897 -0.043100
v -0.010213 0.019660 -0.022783
v -0.010570 0.018796 -0.024757
v -0.010778 0.019003 -0.022776
v 0.025405 0.013670 -0.223933
v 0.024894 0.014855 -0.227781
v 0.028339 0.008906 -0.189418
v 0.028327 0.009121 -0.196564
v 0.027828 0.009011 -0.179838
v 0.016321 0.020280 -0.235921
v 0.021108 0.017278 -0.235087
v 0.020503 0.017615 -0.238564
v 0.018691 0.018942 -0.235675
v 0.017848 0.019695 -0.236907
v 0.023418 0.013704 -0.237678
v 0.022898 0.012807 -0.240292
v 0.025579 0.013703 -0.230441
v 0.027752 0.010390 -0.210214
v 0.027647 0.009954 -0.205923
v 0.028271 0.009488 -0.202660
v 0.026200 0.013470 -0.224635
v 0.024917 0.014929 -0.228774
v 0.023480 0.015843 -0.231340
v 0.020499 0.017625 -0.233302
v 0.017972 0.018872 -0.233784
v 0.028462 0.009757 -0.213699
v 0.022926 0.015036 -0.236818
v 0.024487 0.014850 -0.231783
v 0.022145 0.016250 -0.235939
v 0.025414 0.014454 -0.228818
v 0.026396 0.013165 -0.226918
v 0.029141 0.008034 -0.178311
v 0.029536 0.008011 -0.198589
v 0.028610 0.008707 -0.178810
v 0.029198 0.008409 -0.192002
v 0.028603 0.009567 -0.208052
v 0.027496 0.011362 -0.217905
v 0.022442 0.014556 -0.239769
v 0.027730 0.009190 -0.178020
v 0.013280 0.015404 -0.083914
v 0.018935 0.013649 -0.114654
v 0.022194 0.012372 -0.132933
v 0.023526 0.011644 -0.142043
v 0.024762 0.011095 -0.147187
v 0.027050 0.009699 -0.166946
v 0.025459 0.010560 -0.155370
v 0.011339 0.015549 -0.063323
v 0.010595 0.016433 -0.062055
v 0.014664 0.014201 -0.084655
v 0.022007 0.011866 -0.124429
v 0.025925 0.009972 -0.147753
v 0.027652 0.009327 -0.164971
v 0.025519 0.010605 -0.147996
v 0.021463 0.012555 -0.123898
v 0.014208 0.014861 -0.084599
v -0.001142 -0.004241 -0.241531
v -0.001102 0.004227 -0.241527
v -0.003289 -0.004241 -0.241040
v -0.003212 0.004242 -0.241068
v -0.005270 -0.004241 -0.240099
v -0.005206 0.004241 -0.240138
v -0.006999 -0.004241 -0.238750
v -0.006945 0.004241 -0.238802
v -0.008386 -0.004241 -0.237065
v -0.008358 0.004241 -0.237112
v -0.008633 -0.004241 -0.236451
v -0.008625 0.004241 -0.236492
v -0.008637 -0.004241 -0.235782
v -0.008642 0.004234 -0.235822
v -0.005987 -0.004227 -0.231540
v -0.006028 0.004245 -0.231564
v -0.005408 -0.004241 -0.231292
v -0.004744 -0.004244 -0.231254
v -0.004785 0.004227 -0.231251
v 0.002501 -0.004229 -0.235771
v 0.002568 0.004264 -0.235842
v 0.002773 -0.004264 -0.236694
v 0.002746 0.004229 -0.236788
v 0.000135 -0.004241 -0.241200
v -0.000469 -0.004241 -0.241487
v -0.000443 0.004188 -0.241465
v 0.001044 -0.004550 -0.227945
v 0.002037 -0.004550 -0.228239
v 0.002750 -0.004550 -0.228990
v 0.002992 -0.004550 -0.229996
v 0.002698 -0.004550 -0.230989
v 0.001947 -0.004550 -0.231702
v 0.000941 -0.004550 -0.231944
v -0.000052 -0.004550 -0.231650
v -0.000765 -0.004550 -0.230899
v -0.001007 -0.004550 -0.229893
v -0.000713 -0.004550 -0.228900
v 0.000037 -0.004550 -0.228187
v -0.007298 -0.004550 -0.222994
v -0.005809 -0.004550 -0.223434
v -0.004740 -0.004550 -0.224560
v -0.004377 -0.004550 -0.226070
v -0.004817 -0.004550 -0.227559
v -0.005943 -0.004550 -0.228629
v -0.007453 -0.004550 -0.228992
v -0.008942 -0.004550 -0.228551
v -0.010012 -0.004550 -0.227425
v -0.010375 -0.004550 -0.225915
v -0.009934 -0.004550 -0.224426
v -0.008808 -0.004550 -0.223357
v 0.008393 -0.004550 -0.232603
v 0.009882 -0.004550 -0.233044
v 0.010952 -0.004550 -0.234170
v 0.011315 -0.004550 -0.235680
v 0.010874 -0.004550 -0.237169
v 0.009748 -0.004550 -0.238238
v 0.008238 -0.004550 -0.238601
v 0.006749 -0.004550 -0.238160
v 0.005680 -0.004550 -0.237034
v 0.005317 -0.004550 -0.235524
v 0.005757 -0.004550 -0.234035
v 0.006883 -0.004550 -0.232966
v 0.020692 -0.011995 -0.214354
v 0.025119 -0.013371 -0.222755
v 0.026635 -0.011948 -0.217733
v 0.026307 -0.010754 -0.211176
v 0.025418 -0.010956 -0.211846
v 0.024351 -0.011129 -0.212175
v 0.023241 -0.011243 -0.212125
v 0.021483 -0.011303 -0.211285
v 0.014644 -0.010616 -0.203075
v 0.014156 -0.009967 -0.197679
v 0.004712 -0.009845 -0.190787
v 0.006071 -0.009720 -0.190697
v 0.007120 -0.009224 -0.184461
v 0.007135 -0.009678 -0.190918
v 0.008066 -0.009677 -0.191477
v 0.008892 -0.009741 -0.192350
v 0.006899 -0.009171 -0.183419
v 0.017433 -0.019130 -0.233896
v 0.014220 -0.019694 -0.233022
v 0.015414 -0.019961 -0.234262
v -0.010051 -0.020492 -0.219753
v -0.007097 -0.019608 -0.219876
v -0.009855 -0.019140 -0.217141
v -0.009723 -0.019917 -0.218781
v -0.006096 -0.010963 -0.014697
v -0.000323 -0.011000 -0.012496
v -0.005713 -0.011000 -0.011118
v -0.002947 -0.010959 0.025327
v 0.003049 -0.011000 0.024746
v 0.001525 -0.011000 0.027619
v -0.003168 -0.010965 0.029222
v 0.001609 -0.011000 0.030869
v -0.011219 -0.011003 -0.017329
v -0.009971 -0.011000 -0.007538
v -0.014323 -0.010992 -0.000142
v -0.012254 -0.011000 -0.002465
v -0.003263 -0.010964 0.023257
v -0.004352 -0.010964 0.020077
v -0.006147 -0.010972 0.016553
v 0.006671 -0.010970 -0.037963
v 0.005924 -0.010971 -0.039017
v 0.009231 -0.010975 -0.043841
v -0.010381 -0.011001 -0.018172
v -0.007649 -0.010981 -0.016921
v -0.009568 -0.011000 0.008044
v -0.012697 -0.010958 0.006884
v -0.012111 -0.011000 0.003096
v -0.013866 -0.010986 0.003655
v -0.005130 -0.011000 0.011399
v -0.009664 -0.011012 -0.019295
v 0.002805 -0.010964 -0.038882
v 0.011070 -0.010987 -0.062731
v -0.007234 -0.010971 -0.015631
v 0.000323 -0.011000 0.012496
v 0.010001 -0.010970 -0.053791
v 0.005000 -0.010971 -0.039485
v 0.003961 -0.010964 -0.039491
v 0.009971 -0.011000 0.007538
v 0.010810 -0.010999 0.023636
v 0.005713 -0.011000 0.011118
v 0.004606 -0.010998 0.023741
v 0.013985 -0.011000 0.030549
v 0.017754 -0.010963 0.033510
v 0.012461 -0.011000 0.033421
v 0.015709 -0.010963 0.036587
v 0.010905 -0.010999 0.034427
v 0.012757 -0.010963 0.038808
v 0.009233 -0.010963 0.039918
v 0.004700 -0.010999 0.034531
v 0.005540 -0.010963 0.039792
v 0.002101 -0.010963 0.038443
v 0.003280 -0.011000 0.033659
v -0.000597 -0.010986 0.035983
v -0.002528 -0.010958 0.032822
v 0.009568 -0.011000 -0.008044
v 0.012953 -0.010986 -0.010127
v 0.012111 -0.011000 -0.003096
v 0.012254 -0.011000 0.002465
v 0.015051 -0.010969 0.003876
v 0.009961 -0.010968 -0.027223
v 0.006407 -0.010999 -0.016128
v 0.017809 -0.010972 0.021659
v 0.012230 -0.011000 0.024509
v 0.013901 -0.011000 0.027298
v 0.018564 -0.010989 0.029831
v 0.009200 -0.010964 -0.036426
v 0.005125 -0.010973 -0.014999
v 0.005130 -0.011000 -0.011399
v 0.024865 -0.013500 -0.224434
v 0.024804 -0.001177 -0.224491
v 0.024130 -0.001194 -0.227929
v 0.023929 -0.014858 -0.228881
v -0.008224 -0.014771 -0.208853
v -0.008279 -0.001189 -0.208942
v 0.003290 -0.001196 -0.192626
v 0.003249 -0.009764 -0.192606
v 0.002224 -0.001178 -0.194683
v 0.001823 -0.010241 -0.195322
v -0.001047 -0.001180 -0.200103
v -0.001321 -0.011446 -0.200447
v -0.004364 -0.001183 -0.204563
v -0.004395 -0.012930 -0.204534
v -0.008332 -0.015913 -0.022112
v 0.011531 -0.010649 -0.063703
v -0.008340 -0.019509 -0.022089
v 0.002576 -0.017745 -0.045014
v 0.010264 -0.016523 -0.061071
v -0.003334 -0.004800 0.030654
v 0.018902 -0.004800 0.027998
v 0.018896 -0.010718 0.029850
v 0.018732 -0.004800 0.031309
v -0.001441 -0.010500 0.035477
v -0.001441 -0.004800 0.035477
v -0.002744 -0.010643 0.032949
v -0.003334 -0.010500 0.030654
v -0.000795 -0.010740 0.036248
v 0.002077 -0.010591 0.038742
v 0.002420 -0.004800 0.038931
v 0.005602 -0.010612 0.040067
v 0.007423 -0.004800 0.040279
v 0.012817 -0.010597 0.039084
v 0.012497 -0.004800 0.039231
v 0.009312 -0.010641 0.040164
v 0.007423 -0.010500 0.040279
v 0.016134 -0.010554 0.036561
v 0.016556 -0.004800 0.036011
v 0.018007 -0.010643 0.033565
v 0.018732 -0.010500 0.031309
v 0.018220 -0.010687 0.022590
v 0.015567 -0.010693 0.005640
v 0.018087 -0.004813 0.021288
v 0.009505 -0.010500 -0.000246
v 0.012254 -0.010500 0.002465
v 0.008354 -0.010500 0.004539
v 0.009971 -0.010500 0.007538
v 0.004965 -0.010500 0.008108
v 0.005713 -0.010500 0.011118
v 0.000246 -0.010500 0.009505
v 0.000323 -0.010500 0.012496
v -0.004539 -0.010500 0.008354
v -0.005130 -0.010500 0.011399
v -0.008108 -0.010500 0.004965
v -0.009568 -0.010500 0.008044
v -0.009505 -0.010500 0.000246
v -0.012111 -0.010500 0.003096
v -0.012254 -0.010500 -0.002465
v -0.008354 -0.010500 -0.004539
v -0.009971 -0.010500 -0.007538
v -0.004965 -0.010500 -0.008108
v -0.005713 -0.010500 -0.011118
v -0.000246 -0.010500 -0.009505
v -0.000323 -0.010500 -0.012496
v 0.004539 -0.010500 -0.008354
v 0.005130 -0.010500 -0.011399
v 0.008108 -0.010500 -0.004965
v 0.009568 -0.010500 -0.008044
v 0.012111 -0.010500 -0.003096
v 0.007678 -0.004500 0.026085
v 0.009187 -0.004500 0.026448
v 0.018438 -0.004500 0.031249
v 0.010754 -0.004500 0.029006
v 0.010391 -0.004500 0.030516
v 0.005119 -0.004500 0.027652
v -0.003009 -0.004500 0.030671
v 0.004756 -0.004500 0.029161
v 0.005197 -0.004500 0.030651
v -0.001195 -0.004500 0.035305
v 0.006323 -0.004500 0.031720
v 0.002563 -0.004500 0.038668
v 0.007833 -0.004500 0.032083
v 0.007432 -0.004500 0.039979
v 0.009322 -0.004500 0.031642
v 0.012370 -0.004500 0.038959
v 0.016320 -0.004500 0.035825
v 0.006188 -0.004500 0.026525
v -0.003114 -0.004500 0.023959
v -0.004103 -0.004500 0.020671
v 0.018604 -0.004500 0.028027
v 0.017915 -0.004500 0.022246
v 0.010314 -0.004500 0.027517
v 0.009426 -0.007600 0.026008
v 0.010501 -0.007600 0.024072
v 0.010740 -0.007600 0.027256
v 0.011881 -0.007600 0.024866
v 0.011254 -0.007600 0.028993
v 0.006084 -0.007600 0.032159
v 0.005009 -0.007600 0.034095
v 0.004770 -0.007600 0.030912
v 0.003630 -0.007600 0.033302
v 0.004256 -0.007600 0.029174
v 0.002089 -0.007600 0.030730
v 0.002012 -0.007600 0.027733
v 0.004680 -0.007600 0.027413
v 0.003417 -0.007600 0.025085
v 0.005927 -0.007600 0.026099
v 0.004596 -0.007600 0.024273
v 0.007665 -0.007600 0.025585
v 0.013421 -0.007600 0.027438
v 0.013498 -0.007600 0.030435
v 0.010831 -0.007600 0.030755
v 0.012093 -0.007600 0.033083
v 0.009583 -0.007600 0.032069
v 0.010914 -0.007600 0.033894
v 0.007846 -0.007600 0.032583
v 0.010063 -0.008717 -0.170618
v 0.010263 -0.001212 -0.170353
v 0.019509 -0.001217 -0.154651
v 0.019621 -0.010378 -0.154384
v 0.011539 -0.009389 -0.168080
v 0.007354 -0.008950 -0.184346
v 0.021259 -0.001240 -0.210388
v 0.014204 -0.009668 -0.197236
v 0.021452 -0.011026 -0.210793
v 0.027340 -0.008702 -0.179742
v 0.027540 -0.001269 -0.184732
v 0.026943 -0.001192 -0.174308
v 0.025016 -0.010220 -0.155414
v 0.025041 -0.001212 -0.155785
v 0.026465 -0.009342 -0.167932
v 0.025658 -0.001190 -0.160890
v 0.027649 -0.008607 -0.189600
v 0.027621 -0.008850 -0.196918
v 0.027523 -0.001189 -0.198162
v 0.026876 -0.001217 -0.209261
v 0.007354 -0.001192 -0.182332
v 0.008545 -0.001192 -0.178055
v 0.008088 -0.008655 -0.179667
v 0.007302 -0.008767 -0.182353
v 0.009833 -0.008623 -0.171420
v 0.009860 -0.001203 -0.171498
v 0.008628 -0.009511 -0.192552
v 0.008561 -0.001185 -0.192588
v 0.015125 -0.010542 -0.204758
v 0.024493 -0.001206 -0.222470
v 0.021307 -0.012040 -0.216335
v 0.024682 -0.013007 -0.222761
v -0.008646 -0.015988 -0.021932
v -0.010841 -0.015950 -0.022559
v -0.008749 -0.019694 -0.021951
v -0.007055 -0.001193 -0.219819
v 0.013600 -0.001184 -0.232479
v -0.005500 -0.004514 -0.231032
v -0.004476 -0.004522 -0.231010
v -0.013687 -0.004514 -0.232158
v -0.013531 -0.004521 -0.229490
v -0.012813 -0.004534 -0.226789
v 0.002817 -0.004549 -0.235312
v 0.008106 -0.004536 -0.242564
v 0.010519 -0.004524 -0.240344
v -0.009250 -0.004547 -0.236220
v -0.013286 -0.004525 -0.234831
v -0.012403 -0.004521 -0.237356
v -0.011035 -0.004521 -0.239665
v -0.007127 -0.004521 -0.239017
v -0.009243 -0.004521 -0.241662
v -0.005337 -0.004521 -0.240388
v -0.007095 -0.004521 -0.243271
v -0.003292 -0.004521 -0.241337
v -0.004675 -0.004521 -0.244431
v -0.000722 -0.004519 -0.241838
v -0.002075 -0.004521 -0.245095
v 0.000604 -0.004521 -0.245240
v 0.000495 -0.004521 -0.241290
v 0.003261 -0.004521 -0.244860
v 0.005792 -0.004521 -0.243968
v 0.003018 -0.004513 -0.236995
v -0.006388 -0.004518 -0.231480
v 0.026612 -0.000902 -0.209219
v 0.008896 -0.000904 -0.177814
v 0.027256 -0.000900 -0.186737
v 0.026654 -0.000900 -0.174419
v 0.007498 -0.000897 -0.183341
v 0.027230 -0.000903 -0.198223
v 0.020712 -0.000885 -0.153915
v 0.024834 -0.000910 -0.155967
v 0.010309 -0.000907 -0.170917
v 0.017492 -0.000914 -0.233305
v 0.019876 -0.000892 -0.232706
v -0.004119 -0.000890 -0.204728
v 0.023557 -0.000913 -0.229038
v 0.004280 -0.000889 -0.191890
v 0.024587 -0.000895 -0.223924
v 0.007786 -0.000906 -0.192007
v -0.007761 -0.000903 -0.218988
v 0.021410 -0.000899 -0.231827
v 0.005317 -0.000922 -0.191334
v 0.006506 -0.000904 -0.191353
v -0.000649 -0.000904 -0.199997
v 0.014856 -0.000908 -0.232808
v -0.009454 -0.000910 -0.216791
v -0.009523 -0.000883 -0.211360
v -0.010108 -0.000914 -0.213869
v 0.009705 -0.010500 0.024012
v 0.005545 -0.010500 0.024119
v 0.003630 -0.010500 0.033302
v 0.002089 -0.010500 0.030730
v 0.002012 -0.010500 0.027733
v 0.003417 -0.010500 0.025085
v 0.005805 -0.010500 0.034156
v 0.009965 -0.010500 0.034048
v 0.011881 -0.010500 0.024866
v 0.013421 -0.010500 0.027438
v 0.013498 -0.010500 0.030435
v 0.012093 -0.010500 0.033083
v 0.007833 -0.007100 0.032083
v 0.006323 -0.007100 0.031720
v 0.005197 -0.007100 0.030651
v 0.004756 -0.007100 0.029161
v 0.005119 -0.007100 0.027652
v 0.006188 -0.007100 0.026525
v 0.007678 -0.007100 0.026085
v 0.009187 -0.007100 0.026448
v 0.010314 -0.007100 0.027517
v 0.010754 -0.007100 0.029006
v 0.010391 -0.007100 0.030516
v 0.009322 -0.007100 0.031642
v 0.002653 -0.002302 -0.038068
v 0.002597 -0.010698 -0.038095
v 0.003208 -0.002307 -0.038776
v 0.003164 -0.010691 -0.038818
v 0.004003 -0.002307 -0.039162
v 0.003981 -0.010691 -0.039218
v 0.004887 -0.002307 -0.039161
v 0.004891 -0.010691 -0.039222
v 0.005681 -0.002307 -0.038774
v 0.005712 -0.010691 -0.038827
v 0.006226 -0.002307 -0.038079
v 0.006277 -0.010691 -0.038113
v 0.006412 -0.002318 -0.037233
v 0.006469 -0.010681 -0.037232
v 0.006067 -0.002302 -0.017100
v 0.006129 -0.010698 -0.017099
v 0.005801 -0.002307 -0.016128
v 0.005858 -0.010691 -0.016105
v 0.005105 -0.002307 -0.015421
v 0.005143 -0.010691 -0.015373
v 0.004190 -0.010795 -0.015055
v -0.005208 -0.002302 -0.014898
v -0.005206 -0.010698 -0.014836
v -0.006193 -0.002307 -0.015123
v -0.006214 -0.010691 -0.015065
v -0.006930 -0.002307 -0.015790
v -0.006976 -0.010691 -0.015751
v -0.007247 -0.002307 -0.016733
v -0.007306 -0.010691 -0.016721
v -0.006950 -0.002018 -0.016759
v 0.004949 -0.002016 -0.015679
v 0.003834 -0.002007 -0.038790
v 0.005150 -0.002036 -0.038830
v 0.005666 -0.002031 -0.016453
v 0.006075 -0.002028 -0.037773
v -0.006715 -0.002047 -0.015924
v -0.005871 -0.002028 -0.015276
v 0.009733 -0.016792 -0.063784
v -0.009188 -0.020003 -0.022477
v -0.004661 -0.018299 -0.041072
v -0.006043 -0.018214 -0.042141
v -0.006894 -0.018091 -0.043752
v -0.008540 -0.019982 -0.022303
v -0.002451 -0.018302 -0.041005
v -0.000852 -0.018220 -0.042115
v 0.002384 -0.017990 -0.045376
v 0.004285 -0.017461 -0.052700
v 0.024609 -0.010697 -0.154028
v 0.013463 -0.010548 -0.155663
v 0.010479 -0.010383 -0.157233
v 0.011258 -0.010667 -0.154211
v 0.016731 -0.010642 -0.154518
v 0.019367 -0.010660 -0.154267
v 0.011323 -0.009651 -0.167928
v 0.010259 -0.009701 -0.167394
v 0.020791 -0.010748 -0.153104
v 0.023374 -0.011590 -0.143164
v 0.023005 -0.010769 -0.152965
v 0.004292 -0.002808 -0.080228
v 0.008960 -0.002818 -0.064118
v 0.000125 -0.002804 -0.079924
v -0.004032 -0.002823 -0.059260
v -0.005967 -0.002814 -0.043284
v -0.001780 -0.002820 -0.042073
v -0.005294 -0.002847 -0.042170
v -0.004172 -0.002829 -0.041573
v -0.002925 -0.002836 -0.041513
v -0.000553 -0.015353 -0.079446
v -0.000662 -0.003136 -0.078938
v -0.002179 -0.015848 -0.071535
v -0.006368 -0.003013 -0.044536
v -0.006484 -0.017787 -0.044520
v -0.005131 -0.016965 -0.054482
v -0.004342 -0.003109 -0.059227
v -0.003715 -0.016495 -0.063293
v 0.005183 -0.003155 -0.079334
v 0.005248 -0.015473 -0.079327
v 0.009193 -0.003300 -0.065424
v 0.008989 -0.003080 -0.063326
v -0.000743 -0.003144 -0.042889
v -0.000671 -0.017889 -0.042919
v 0.003521 -0.002834 -0.096889
v 0.011893 -0.002810 -0.083310
v 0.013778 -0.002825 -0.117720
v 0.015252 -0.002836 -0.118198
v 0.007664 -0.002817 -0.083013
v 0.010994 -0.002824 -0.082442
v 0.009837 -0.002847 -0.082064
v 0.008659 -0.002836 -0.082275
v 0.017925 -0.002820 -0.116161
v 0.006035 -0.002817 -0.107950
v 0.017363 -0.002829 -0.117259
v 0.016419 -0.002836 -0.117970
v 0.005344 -0.013772 -0.107376
v 0.005296 -0.003118 -0.106957
v 0.003311 -0.003140 -0.097409
v 0.003261 -0.014342 -0.097390
v 0.012942 -0.013280 -0.117384
v 0.012978 -0.003115 -0.117324
v 0.005861 -0.003143 -0.108209
v 0.005829 -0.013744 -0.108225
v 0.015476 -0.014224 -0.099874
v 0.015246 -0.003122 -0.098899
v 0.012565 -0.015107 -0.083882
v 0.012595 -0.003093 -0.084272
v 0.018308 -0.013334 -0.114971
v 0.018222 -0.003013 -0.114935
v 0.003369 -0.003113 -0.095950
v 0.006740 -0.015200 -0.083968
v 0.009590 -0.002829 -0.123208
v 0.009023 -0.002816 -0.124261
v 0.013150 -0.002831 -0.122787
v 0.021367 -0.002830 -0.133626
v 0.011056 -0.002820 -0.143323
v 0.022614 -0.002812 -0.142995
v 0.011830 -0.002809 -0.153616
v 0.015476 -0.002807 -0.154591
v 0.010521 -0.002847 -0.122510
v 0.011697 -0.002829 -0.122324
v 0.008683 -0.003005 -0.125435
v 0.008597 -0.012602 -0.125443
v 0.010122 -0.003313 -0.136633
v 0.010148 -0.011686 -0.137130
v 0.010854 -0.003108 -0.144846
v 0.010663 -0.011280 -0.143365
v 0.011140 -0.003133 -0.152374
v 0.011092 -0.010513 -0.152782
v 0.016683 -0.003140 -0.153860
v 0.016424 -0.010308 -0.154313
v 0.022595 -0.003080 -0.143798
v 0.022809 -0.011203 -0.143516
v 0.021613 -0.012027 -0.133266
v 0.021659 -0.003121 -0.133688
v 0.023043 -0.011333 -0.141737
v 0.023000 -0.003136 -0.141771
v 0.013968 -0.012879 -0.123139
v 0.013937 -0.003115 -0.123186
v 0.021067 -0.003150 -0.132314
v 0.021111 -0.012194 -0.132300
v 0.009771 -0.009117 -0.170053
v 0.007164 -0.008883 -0.183498
v 0.007234 -0.001189 -0.183546
v 0.026653 -0.010369 -0.210319
v 0.026370 -0.001246 -0.210685
v 0.026144 -0.010458 -0.211032
v 0.025223 -0.001236 -0.211675
v 0.025248 -0.010671 -0.211696
v 0.024241 -0.010850 -0.211993
v 0.023740 -0.001236 -0.211977
v 0.023331 -0.010967 -0.211966
v 0.022299 -0.001236 -0.211513
v 0.022278 -0.011082 -0.211555
v 0.020414 -0.010460 -0.153627
v 0.021333 -0.010479 -0.153236
v 0.021940 -0.001236 -0.153178
v 0.022295 -0.010511 -0.153133
v 0.023377 -0.001236 -0.153469
v 0.023349 -0.010487 -0.153404
v 0.024390 -0.010409 -0.154166
v 0.024507 -0.001237 -0.154415
v 0.014122 -0.003163 -0.155322
v 0.014427 -0.010202 -0.155348
v 0.015511 -0.010248 -0.155023
v 0.011574 -0.003069 -0.153852
v 0.011798 -0.010292 -0.154258
v 0.012644 -0.003155 -0.154926
v 0.012556 -0.010238 -0.154916
v 0.013496 -0.010310 -0.155318
v 0.011520 -0.010410 -0.153918
v 0.022974 -0.003074 -0.142819
v 0.023067 -0.011381 -0.142797
v 0.008624 -0.012731 -0.124358
v 0.008730 -0.003116 -0.124176
v 0.008870 -0.012811 -0.123674
v 0.009353 -0.003109 -0.123051
v 0.009456 -0.012884 -0.122858
v 0.010398 -0.003116 -0.122283
v 0.010297 -0.012940 -0.122264
v 0.011380 -0.012948 -0.121982
v 0.011674 -0.003116 -0.122037
v 0.012289 -0.012956 -0.122063
v 0.012921 -0.003109 -0.122357
v 0.013223 -0.012922 -0.122463
v 0.018318 -0.013291 -0.115952
v 0.018205 -0.003118 -0.116273
v 0.017432 -0.013162 -0.117662
v 0.018109 -0.013249 -0.116718
v 0.017595 -0.003099 -0.117412
v 0.016559 -0.003116 -0.118209
v 0.016609 -0.013131 -0.118238
v 0.015548 -0.013096 -0.118519
v 0.015272 -0.003116 -0.118474
v 0.014652 -0.013101 -0.118438
v 0.014005 -0.003116 -0.118163
v 0.013734 -0.013145 -0.118069
v 0.003245 -0.014469 -0.096246
v 0.007243 -0.015235 -0.082959
v 0.007452 -0.003116 -0.082799
v 0.007885 -0.015286 -0.082337
v 0.008524 -0.003116 -0.082033
v 0.008762 -0.015323 -0.081883
v 0.009831 -0.003116 -0.081805
v 0.009831 -0.015336 -0.081746
v 0.010911 -0.015306 -0.082004
v 0.011106 -0.003116 -0.082168
v 0.011915 -0.015263 -0.082710
v 0.012103 -0.003119 -0.083052
v 0.009275 -0.003120 -0.064345
v 0.009309 -0.016405 -0.064245
v 0.003265 -0.015245 -0.081356
v 0.004171 -0.015384 -0.080913
v 0.004540 -0.003067 -0.080461
v 0.004811 -0.015413 -0.080232
v 0.003502 -0.003148 -0.081228
v 0.002217 -0.003162 -0.081475
v 0.002267 -0.015342 -0.081539
v 0.001191 -0.015246 -0.081298
v 0.000946 -0.003162 -0.081141
v 0.000410 -0.015288 -0.080828
v -0.000036 -0.003069 -0.080288
v 0.000060 -0.015401 -0.080551
v -0.006387 -0.017901 -0.043313
v -0.006242 -0.003116 -0.043148
v -0.005749 -0.017931 -0.042185
v -0.005484 -0.003116 -0.041994
v -0.005066 -0.018005 -0.041601
v -0.004287 -0.003109 -0.041313
v -0.004129 -0.018038 -0.041212
v -0.002906 -0.003116 -0.041236
v -0.003098 -0.018054 -0.041148
v -0.002140 -0.018012 -0.041439
v -0.001633 -0.003115 -0.041801
v -0.001331 -0.017985 -0.041984
v 0.024822 -0.001191 -0.223449
v 0.024904 -0.013233 -0.223612
v 0.003984 -0.009621 -0.191651
v 0.004083 -0.001173 -0.191664
v 0.005244 -0.001194 -0.191083
v 0.007930 -0.009353 -0.191720
v 0.007071 -0.009376 -0.191176
v 0.006549 -0.001188 -0.191071
v 0.006212 -0.009372 -0.190970
v 0.007704 -0.001174 -0.191604
v 0.022731 -0.001066 -0.230861
v 0.023600 -0.001184 -0.229521
v 0.020022 -0.017377 -0.233041
v 0.021836 -0.016249 -0.231910
v 0.020100 -0.001193 -0.232943
v 0.022440 -0.015866 -0.231335
v 0.021527 -0.001184 -0.232093
v 0.023429 -0.015181 -0.229957
v 0.018464 -0.001191 -0.233434
v 0.017858 -0.018672 -0.233573
v 0.016812 -0.001191 -0.233517
v 0.016231 -0.019180 -0.233503
v 0.015153 -0.001190 -0.233197
v 0.014244 -0.019470 -0.232889
v -0.008478 -0.019346 -0.218723
v -0.008235 -0.001184 -0.218894
v -0.009214 -0.001192 -0.217706
v -0.008860 -0.019433 -0.218401
v -0.009926 -0.001195 -0.216281
v -0.010286 -0.001184 -0.214730
v -0.010322 -0.017588 -0.214849
v -0.009305 -0.001183 -0.210265
v -0.009554 -0.015343 -0.210568
v -0.009965 -0.001188 -0.211661
v -0.010003 -0.015664 -0.211693
v -0.010296 -0.001182 -0.213192
v -0.010290 -0.016390 -0.212590
v -0.012915 -0.017681 -0.215139
v -0.010684 -0.016630 -0.212362
v -0.012467 -0.015847 -0.212428
v -0.009111 -0.014384 -0.207577
v 0.005481 -0.009220 -0.185322
v 0.007354 -0.008951 -0.179827
v 0.003398 -0.009769 -0.190430
v 0.001143 -0.010659 -0.195264
v 0.003355 -0.010010 -0.191655
v -0.008728 -0.015131 -0.208461
v -0.007347 -0.014632 -0.207157
v -0.005384 -0.013306 -0.204259
v -0.004684 -0.013257 -0.204097
v -0.001642 -0.011790 -0.199783
v -0.011713 -0.018538 -0.215982
v -0.010776 -0.017774 -0.214465
v -0.012208 -0.020135 -0.218454
v -0.014448 -0.018889 -0.217109
v -0.014104 -0.016599 -0.214507
v -0.016412 -0.016787 -0.215927
v -0.013767 -0.013874 -0.211814
v -0.016219 -0.013969 -0.213996
v -0.017952 -0.013076 -0.214920
v -0.003108 -0.010702 -0.199569
v -0.015223 -0.015341 -0.214122
v -0.013309 -0.014884 -0.212137
v -0.009513 -0.013753 -0.207433
v 0.006955 -0.008530 -0.178665
v 0.006419 -0.007833 -0.178613
v 0.004822 -0.008778 -0.185118
v 0.002749 -0.009329 -0.190191
v 0.000249 -0.010176 -0.195072
v -0.002657 -0.011356 -0.199687
v -0.005882 -0.012870 -0.203930
v -0.006334 -0.012237 -0.203814
v -0.010084 -0.015668 -0.210237
v 0.008512 -0.008922 -0.176056
v 0.008751 -0.008701 -0.170827
v 0.008093 -0.007980 -0.170840
v 0.009431 -0.008966 -0.171062
v 0.009122 -0.009118 -0.168665
v 0.008905 -0.009092 -0.167268
v 0.008457 -0.008403 -0.167376
v 0.009546 -0.009543 -0.167260
v -0.001000 -0.015690 -0.079537
v 0.004473 -0.014111 -0.106719
v -0.002073 -0.015856 -0.075854
v 0.007149 -0.013089 -0.121888
v 0.009677 -0.011809 -0.139342
v 0.010679 -0.010741 -0.152769
v 0.010164 -0.010931 -0.149089
v -0.004541 -0.016728 -0.062895
v -0.005585 -0.015660 -0.063580
v -0.003511 -0.014786 -0.074755
v -0.004981 -0.016041 -0.065240
v 0.003118 -0.013006 -0.106137
v 0.006085 -0.012011 -0.121992
v 0.008217 -0.010844 -0.137103
v 0.003578 -0.013640 -0.106260
v 0.006513 -0.012655 -0.121965
v 0.008707 -0.011452 -0.137619
v 0.009518 -0.010499 -0.149078
v 0.009571 -0.009794 -0.157961
v -0.007732 -0.017900 -0.043114
v -0.007639 -0.016665 -0.049642
v -0.010807 -0.018976 -0.022807
v -0.009791 -0.019868 -0.022506
v -0.010220 -0.019653 -0.022759
v 0.025034 -0.013908 -0.232097
v 0.026140 -0.013554 -0.228101
v 0.022844 -0.013527 -0.239965
v 0.026365 -0.013274 -0.224571
v 0.027496 -0.011361 -0.217902
v 0.024713 -0.014965 -0.228110
v 0.025509 -0.014236 -0.226370
v 0.025399 -0.013678 -0.223958
v 0.021111 -0.017277 -0.235083
v 0.019452 -0.018630 -0.237915
v 0.021642 -0.016139 -0.239223
v 0.018694 -0.018940 -0.235672
v 0.016563 -0.020215 -0.236082
v 0.020370 -0.017695 -0.233355
v 0.022613 -0.016364 -0.231961
v 0.018089 -0.019566 -0.237060
v 0.027182 -0.010529 -0.210064
v 0.027752 -0.010390 -0.210212
v 0.027659 -0.009933 -0.205736
v 0.028271 -0.009487 -0.202658
v 0.028345 -0.009119 -0.196611
v 0.028365 -0.008893 -0.188973
v 0.027945 -0.008984 -0.179751
v 0.024127 -0.015455 -0.230090
v 0.022147 -0.016249 -0.235934
v 0.025290 -0.014600 -0.228576
v 0.023910 -0.015306 -0.232381
v 0.029076 -0.008801 -0.207178
v 0.022928 -0.015036 -0.236813
v 0.029633 -0.007738 -0.191847
v 0.029116 -0.008060 -0.177780
v 0.028694 -0.009410 -0.206796
v 0.029199 -0.008378 -0.190741
v 0.028599 -0.008732 -0.178278
v 0.027903 -0.009174 -0.177609
v 0.010839 -0.016361 -0.067691
v 0.025467 -0.010558 -0.155405
v 0.027125 -0.009665 -0.167379
v 0.024843 -0.011052 -0.147689
v 0.021247 -0.012788 -0.126391
v 0.022118 -0.012360 -0.133326
v 0.023498 -0.011679 -0.141594
v 0.018918 -0.013653 -0.114415
v 0.013373 -0.015375 -0.084425
v 0.010608 -0.016415 -0.062048
v 0.011346 -0.015570 -0.063353
v 0.014187 -0.014866 -0.084461
v 0.021501 -0.012529 -0.124026
v 0.014657 -0.014200 -0.084608
v 0.022125 -0.011799 -0.125032
v 0.025453 -0.010641 -0.147567
v 0.026005 -0.009932 -0.148331
v 0.027652 -0.009327 -0.164971
v 0.022892 0.010815 -0.240524
v 0.022762 -0.010899 -0.240532
v 0.014554 0.020529 -0.234936
v 0.016137 0.020222 -0.236241
v 0.017664 0.019626 -0.237188
v 0.022185 0.014530 -0.239998
v 0.014629 -0.020525 -0.234988
v 0.016381 -0.020145 -0.236401
v 0.014388 -0.020301 -0.235348
v 0.017882 -0.019512 -0.237320
v 0.019263 -0.018555 -0.238176
v 0.021139 -0.016212 -0.239496
v 0.022638 -0.013254 -0.240274
v -0.010352 0.020418 -0.220037
v -0.010326 -0.020442 -0.220012
v -0.018315 0.011146 -0.215288
v -0.018039 0.013320 -0.215326
v -0.016742 0.016396 -0.216118
v -0.014927 0.018549 -0.217218
v -0.012637 0.019971 -0.218616
v -0.018313 -0.011143 -0.215191
v -0.018045 -0.013297 -0.215335
v -0.017711 -0.014442 -0.215377
v -0.016550 -0.016732 -0.216236
v -0.014623 -0.018822 -0.217404
v -0.012399 -0.020081 -0.218762
v -0.008791 -0.004477 -0.236770
v 0.002616 -0.004486 -0.235460
v -0.008815 -0.004476 -0.235579
v -0.006367 0.004475 -0.231563
v 0.000185 0.004286 -0.241175
v -0.000417 0.004464 -0.241656
v -0.005439 0.004359 -0.231263
v 0.002972 0.004472 -0.237017
v -0.011779 -0.004481 -0.224443
v 0.011947 0.004344 -0.238752
v 0.024113 0.015170 -0.229049
v 0.024159 0.015386 -0.229794
v 0.023662 0.015474 -0.230021
v 0.022368 0.016287 -0.231725
v 0.020223 0.017576 -0.233114
v 0.017851 0.018607 -0.233560
v 0.022627 0.016333 -0.231873
v 0.025101 0.013607 -0.224052
v 0.024897 0.013261 -0.222826
v -0.009802 0.018771 -0.216755
v -0.010482 0.017794 -0.214727
v -0.010450 0.016557 -0.212477
v -0.009743 0.015630 -0.210419
v -0.007231 0.014627 -0.207381
v -0.004640 0.013254 -0.204562
v 0.000238 0.011036 -0.197792
v 0.021014 0.011994 -0.215694
v 0.008625 0.009704 -0.192075
v 0.003754 0.009932 -0.191554
v 0.004649 0.009814 -0.191002
v 0.008186 0.008901 -0.178326
v 0.009759 0.008867 -0.170896
v 0.006938 0.009141 -0.183454
v 0.010181 0.009111 -0.169943
v 0.022859 0.011279 -0.212063
v 0.024283 0.011137 -0.212182
v 0.025355 0.010967 -0.211874
v 0.026251 0.010766 -0.211229
v 0.026661 0.010370 -0.210312
v 0.026963 0.010154 -0.209172
v 0.027884 0.009146 -0.196994
v 0.027915 0.008905 -0.189462
v 0.027501 0.008923 -0.179685
v 0.020682 0.010702 -0.153214
v 0.025180 0.010457 -0.155357
v 0.026745 0.009629 -0.168057
v 0.010960 0.010627 -0.152809
v 0.011701 0.010410 -0.154209
v 0.016564 0.010513 -0.154365
v 0.015553 0.010556 -0.155297
v 0.009980 0.011914 -0.138179
v 0.008565 0.012709 -0.125515
v 0.010626 0.011326 -0.142800
v 0.022850 0.011306 -0.143483
v 0.008408 0.012994 -0.124378
v 0.023315 0.011570 -0.142403
v 0.021174 0.012362 -0.132236
v 0.021799 0.012259 -0.133264
v 0.021925 0.012378 -0.132972
v 0.005241 0.013987 -0.107647
v 0.005024 0.014094 -0.107683
v 0.003107 0.014732 -0.095951
v 0.012797 0.013467 -0.117503
v 0.013575 0.013417 -0.118216
v 0.012892 0.015451 -0.083700
v 0.012684 0.015364 -0.083718
v 0.018548 0.013579 -0.116004
v 0.018572 0.013627 -0.114951
v -0.006588 0.018076 -0.043353
v 0.009537 0.016698 -0.064220
v -0.006480 0.017780 -0.044568
v -0.005417 0.017273 -0.054373
v -0.002682 0.016201 -0.070030
v 0.005258 0.015479 -0.079297
v -0.000807 0.015648 -0.079525
v 0.005007 0.015616 -0.080284
v 0.003290 0.015353 -0.081381
v 0.000023 0.015612 -0.080857
v 0.009526 -0.016717 -0.064014
v 0.009119 -0.016500 -0.063486
v 0.009273 -0.016423 -0.065299
v 0.003399 -0.015574 -0.081594
v 0.001240 -0.015565 -0.081583
v -0.000718 -0.015580 -0.079505
v -0.005382 -0.017256 -0.054592
v -0.004144 -0.016777 -0.062916
v -0.002324 -0.016102 -0.072160
v 0.012863 -0.015451 -0.083665
v 0.012659 -0.015351 -0.083700
v 0.012023 -0.015507 -0.082542
v 0.018544 -0.013533 -0.115430
v 0.018744 -0.013628 -0.115387
v 0.003065 -0.014736 -0.096037
v 0.018275 -0.013521 -0.116847
v 0.017639 -0.013485 -0.117819
v 0.016752 -0.013441 -0.118452
v 0.015706 -0.013419 -0.118757
v 0.014619 -0.013427 -0.118710
v 0.013609 -0.013415 -0.118238
v 0.003097 -0.014565 -0.097462
v 0.005234 -0.013990 -0.107633
v 0.021784 -0.012257 -0.133251
v 0.023221 -0.011561 -0.141756
v 0.022904 -0.011409 -0.143626
v 0.021265 -0.012436 -0.132185
v 0.016482 -0.010502 -0.154440
v 0.015638 -0.010559 -0.155253
v 0.014604 -0.010530 -0.155590
v 0.012483 -0.010552 -0.155176
v 0.008424 -0.012885 -0.124655
v 0.008969 -0.013088 -0.123047
v 0.009871 -0.011997 -0.137120
v 0.010227 -0.009126 -0.169871
v 0.009757 -0.008865 -0.170904
v 0.025194 -0.010461 -0.155378
v 0.007066 -0.009049 -0.182127
v 0.008904 -0.008737 -0.176078
v 0.026743 -0.009631 -0.168038
v 0.027503 -0.009148 -0.178002
v 0.027603 -0.008969 -0.179781
v 0.026953 -0.010176 -0.209263
v 0.027209 -0.009732 -0.205999
v 0.027880 -0.009146 -0.197017
v 0.027914 -0.008904 -0.189384
v 0.024086 -0.015180 -0.229092
v 0.023679 -0.015466 -0.229997
v 0.022355 -0.016299 -0.231741
v 0.020204 -0.017593 -0.233127
v 0.025095 -0.013601 -0.224046
v 0.024914 -0.013270 -0.222877
v -0.009785 -0.018707 -0.216757
v -0.010476 -0.017789 -0.214728
v -0.009740 -0.015628 -0.210414
v -0.007418 -0.014680 -0.207655
v -0.004258 -0.013066 -0.204088
v -0.000912 -0.011533 -0.199484
v 0.003126 -0.009988 -0.192558
v 0.003878 -0.009850 -0.191542
v 0.005084 -0.009587 -0.191050
v -0.011111 0.011984 -0.020607
v -0.009877 0.011672 -0.019665
v -0.010946 0.013376 -0.021835
v -0.009041 0.013506 -0.021332
v -0.011273 0.011251 -0.019211
v -0.009853 -0.011636 -0.019606
v -0.011367 -0.011063 -0.018610
v -0.011141 -0.011722 -0.020191
v -0.010983 -0.012984 -0.021589
v -0.009058 -0.013478 -0.021315
v -0.010898 -0.014321 -0.022292
v 0.011127 0.010500 0.033781
v 0.010880 0.010500 0.024218
v 0.004383 0.010500 0.024386
v 0.004631 0.010500 0.033949
v 0.011127 -0.010500 0.033781
v 0.010880 -0.010500 0.024218
v 0.004631 -0.010500 0.033949
v 0.004383 -0.010500 0.024386
v 0.018822 -0.010816 0.027875
v -0.014175 -0.010722 0.003752
v -0.011569 -0.010919 -0.016997
v -0.008710 -0.013326 -0.021375
v 0.009657 -0.016967 -0.060367
v -0.010828 -0.018476 -0.022559
v -0.008768 -0.020022 -0.022289
v -0.010158 -0.019450 -0.022381
v -0.008385 -0.019780 -0.022146
v -0.014121 0.010919 -0.003252
v -0.009564 0.011473 -0.019648
v 0.002995 0.017690 -0.045898
v -0.008340 0.019682 -0.022129
v -0.010337 0.019340 -0.022470
v -0.009835 0.019609 -0.022277
v -0.008896 0.019924 -0.022159
v -0.008525 0.019955 -0.022248
v 0.004983 0.010916 -0.015050
v -0.005270 0.010795 -0.014810
v -0.007522 0.010916 -0.017011
v -0.007157 -0.010795 -0.017718
v 0.006164 -0.010916 -0.016241
v 0.004185 -0.002205 -0.015183
v -0.007041 -0.002205 -0.017664
v 0.003204 -0.002057 -0.038475
v -0.005272 0.002205 -0.014938
v 0.006024 0.002205 -0.017037
v 0.004544 0.003063 -0.080455
v -0.000433 0.002879 -0.078976
v -0.000032 0.003071 -0.080293
v 0.001077 0.002852 -0.080946
v 0.003435 0.002852 -0.081010
v 0.008814 0.002865 -0.063436
v -0.000993 0.002847 -0.042990
v 0.003534 0.002868 -0.097352
v 0.018032 0.002871 -0.115119
v 0.012593 0.003012 -0.084331
v 0.020902 0.002865 -0.132473
v 0.011182 0.003008 -0.152390
v 0.010869 0.002989 -0.144517
v 0.015502 0.002851 -0.154713
v 0.011569 0.003076 -0.153851
v 0.012780 0.002852 -0.154738
v 0.014154 0.002837 -0.155068
v 0.022442 0.002876 -0.143682
v 0.024310 0.000920 -0.154548
v 0.023248 0.000918 -0.153679
v 0.021930 0.000927 -0.153412
v 0.019708 0.000912 -0.154804
v 0.026682 0.000956 -0.209222
v 0.021519 0.000912 -0.210321
v 0.023774 0.000927 -0.211745
v 0.025137 0.000918 -0.211444
v 0.003487 0.000939 -0.192825
v 0.008499 0.001086 -0.192552
v 0.024557 0.000935 -0.223266
v 0.003506 -0.000943 -0.192740
v 0.024581 -0.000946 -0.223245
v -0.009016 -0.000938 -0.210216
v 0.026178 -0.000929 -0.210561
v 0.025083 -0.000912 -0.211462
v 0.023727 -0.000927 -0.211743
v 0.022408 -0.000912 -0.211283
v 0.021470 -0.000919 -0.210259
v 0.007591 -0.001063 -0.184616
v 0.019684 -0.000943 -0.154772
v 0.020545 -0.001148 -0.153623
v 0.021983 -0.000918 -0.153421
v 0.023301 -0.000927 -0.153692
v 0.024305 -0.000912 -0.154576
v 0.020885 -0.002868 -0.132435
v 0.022802 -0.002878 -0.141803
v 0.016526 -0.002876 -0.153732
v 0.011335 -0.002881 -0.152348
v 0.010056 -0.002944 -0.135063
v 0.015592 -0.003072 -0.154912
v 0.014098 -0.002843 -0.155076
v 0.012739 -0.002852 -0.154714
v 0.006836 -0.003013 -0.083985
v 0.005473 -0.002883 -0.106913
v 0.012340 -0.002871 -0.084188
v -0.000451 -0.002876 -0.078920
v -0.000964 -0.002865 -0.042951
v 0.004992 -0.002878 -0.079277
v 0.003384 -0.002852 -0.081031
v 0.002190 -0.002843 -0.081230
v 0.001029 -0.002843 -0.080908
v 0.009059 -0.002935 -0.065421
v -0.002072 0.001399 -0.240225
v -0.000962 0.001401 -0.241205
v -0.004013 0.001416 -0.240379
v -0.000348 0.001398 -0.238823
v 0.000076 0.001401 -0.240761
v 0.001877 0.001401 -0.235587
v -0.000065 0.001398 -0.235589
v 0.002340 0.001402 -0.236885
v 0.000165 0.001400 -0.237122
v -0.001590 0.001398 -0.233879
v -0.004738 0.001402 -0.231643
v -0.006668 0.001400 -0.236187
v -0.008217 0.001400 -0.235695
v -0.005859 0.001399 -0.234560
v -0.005485 0.001381 -0.239622
v -0.006942 0.001400 -0.238339
v -0.006678 0.001399 -0.237835
v -0.008190 0.001401 -0.236698
v -0.006036 0.001401 -0.232106
v -0.003850 0.001399 -0.233481
v 0.011471 -0.012160 -0.239077
v -0.004338 -0.012144 -0.231114
v -0.006305 -0.012179 -0.231208
v -0.011862 -0.012173 -0.224730
v -0.010566 -0.012207 -0.224735
v 0.002386 -0.012144 -0.235224
v 0.010853 -0.012207 -0.237830
v -0.008817 -0.012151 -0.235489
v 0.003154 -0.012179 -0.237044
v -0.000773 -0.012173 -0.241992
v 0.000442 -0.012149 -0.241282
v -0.008814 -0.012146 -0.236812
v -0.010468 -0.012171 -0.240331
v -0.007028 -0.012180 -0.239460
v -0.003773 -0.012150 -0.241191
v -0.015503 -0.009680 -0.227220
v -0.015890 -0.017658 -0.228984
v -0.015982 -0.009680 -0.229622
v -0.016098 -0.017658 -0.231425
v -0.016092 -0.009680 -0.232070
v -0.015933 -0.017658 -0.233869
v -0.015829 -0.009680 -0.234505
v -0.015399 -0.017658 -0.236259
v -0.015200 -0.009680 -0.236873
v -0.014508 -0.017658 -0.238541
v -0.014219 -0.009680 -0.239117
v -0.013282 -0.017658 -0.240662
v -0.012908 -0.009680 -0.241187
v -0.011748 -0.017658 -0.242571
v -0.011299 -0.009680 -0.243034
v -0.009942 -0.017658 -0.244226
v -0.009428 -0.009680 -0.244615
v -0.007906 -0.017658 -0.245588
v -0.007339 -0.009680 -0.245895
v -0.005687 -0.017658 -0.246625
v -0.005080 -0.009680 -0.246842
v -0.003337 -0.017658 -0.247314
v -0.002704 -0.009680 -0.247436
v -0.000908 -0.017658 -0.247638
v -0.000264 -0.009680 -0.247663
v 0.001541 -0.017658 -0.247590
v 0.002181 -0.009680 -0.247516
v 0.003954 -0.017658 -0.247170
v 0.004576 -0.009680 -0.247001
v 0.006512 -0.017718 -0.246272
v 0.006865 -0.009680 -0.246128
v 0.008452 -0.017658 -0.245266
v 0.008995 -0.009680 -0.244918
v 0.010916 -0.009680 -0.243399
v 0.010759 -0.017676 -0.237394
v 0.010624 -0.012497 -0.237302
v -0.009932 -0.017659 -0.224696
v -0.010003 -0.012482 -0.224682
v 0.009819 -0.017753 -0.244258
v 0.000044 -0.017780 -0.240338
v -0.006794 -0.017770 -0.240031
v -0.008766 -0.017768 -0.244990
v -0.002107 -0.017752 -0.241325
v 0.000493 -0.017768 -0.247591
v -0.011978 -0.017769 -0.242181
v -0.007741 -0.017752 -0.237899
v -0.014372 -0.017768 -0.238672
v 0.004801 -0.017772 -0.246832
v -0.004568 -0.017780 -0.241525
v -0.004336 -0.017768 -0.247001
v -0.007718 -0.017755 -0.235946
v -0.015843 -0.017767 -0.234034
v -0.015906 -0.017768 -0.229768
v -0.006855 -0.017780 -0.233824
v -0.012158 -0.017732 -0.224359
v -0.013091 -0.017738 -0.224596
v -0.014594 -0.017764 -0.225720
v -0.015340 -0.017743 -0.226854
v -0.010561 -0.017771 -0.224530
v -0.004795 -0.017750 -0.232656
v -0.002376 -0.017780 -0.232294
v -0.000156 -0.017745 -0.233650
v 0.010575 -0.017775 -0.237405
v 0.001031 -0.017744 -0.235550
v 0.000953 -0.017758 -0.238605
v 0.012075 -0.017738 -0.241285
v 0.011669 -0.017772 -0.242243
v -0.012451 -0.009679 -0.225099
v -0.012431 -0.011799 -0.225071
v -0.013355 -0.009681 -0.227357
v -0.013332 -0.011804 -0.227326
v -0.013856 -0.009681 -0.229535
v -0.013725 -0.011821 -0.228884
v -0.013915 -0.011898 -0.230284
v -0.014004 -0.009682 -0.231796
v -0.013980 -0.011807 -0.232046
v -0.013792 -0.009682 -0.234008
v -0.013793 -0.011893 -0.233822
v -0.013232 -0.009682 -0.236164
v -0.013253 -0.011820 -0.236091
v -0.012312 -0.009682 -0.238249
v -0.012240 -0.011799 -0.238345
v -0.011100 -0.009681 -0.240115
v -0.011089 -0.011948 -0.240049
v -0.010513 -0.011797 -0.240800
v -0.009557 -0.009682 -0.241809
v -0.009248 -0.011807 -0.242060
v -0.007304 -0.009691 -0.243542
v -0.007987 -0.011916 -0.243016
v -0.006751 -0.011792 -0.243825
v -0.004794 -0.009685 -0.244733
v -0.005158 -0.011906 -0.244546
v -0.003489 -0.011795 -0.245117
v -0.002584 -0.009686 -0.245335
v -0.001951 -0.011917 -0.245387
v -0.000358 -0.009683 -0.245572
v -0.000500 -0.011803 -0.245546
v 0.001270 -0.011801 -0.245498
v 0.001895 -0.009684 -0.245444
v 0.003620 -0.011813 -0.245097
v 0.004099 -0.009681 -0.244960
v 0.005893 -0.011807 -0.244251
v 0.006176 -0.009682 -0.244135
v 0.007453 -0.011895 -0.243390
v 0.008099 -0.009681 -0.242989
v 0.009329 -0.011830 -0.242007
v 0.009820 -0.009680 -0.241547
v 0.011423 -0.009686 -0.239712
v 0.011764 -0.009366 -0.239922
v -0.012800 -0.009368 -0.224878
v -0.013998 -0.009380 -0.225439
v -0.013929 -0.009380 -0.228144
v -0.014949 -0.009379 -0.226565
v 0.011819 -0.009380 -0.241248
v 0.009113 -0.009380 -0.242639
v 0.011132 -0.009379 -0.242765
v 0.008827 -0.009380 -0.244669
v 0.005219 -0.009380 -0.244921
v 0.005444 -0.009380 -0.246441
v 0.000810 -0.009381 -0.245879
v 0.000731 -0.009380 -0.247389
v -0.003676 -0.009381 -0.245420
v -0.004048 -0.009380 -0.246880
v -0.007600 -0.009381 -0.243717
v -0.008455 -0.009380 -0.244961
v -0.010917 -0.009380 -0.240870
v -0.011089 -0.009380 -0.242820
v -0.013498 -0.009380 -0.239857
v -0.013265 -0.009380 -0.237024
v -0.015363 -0.009380 -0.235427
v -0.014303 -0.009380 -0.232638
v -0.015814 -0.009380 -0.230641
v 0.002547 0.001112 -0.237257
v 0.002497 -0.011870 -0.237478
v 0.000300 0.001084 -0.240966
v -0.008513 0.001109 -0.235604
v -0.008435 -0.011874 -0.235323
v -0.006260 0.001086 -0.231903
v -0.006402 -0.011873 -0.232025
v -0.004366 0.001112 -0.231436
v -0.004145 -0.011870 -0.231485
v 0.002080 0.001086 -0.235363
v 0.002016 -0.011874 -0.235266
v -0.005310 -0.014978 -0.238007
v -0.005772 -0.014980 -0.240383
v -0.004022 -0.014978 -0.239099
v -0.004023 -0.014980 -0.241073
v -0.002287 -0.014979 -0.238998
v -0.001113 -0.014979 -0.237637
v 0.000905 -0.014980 -0.236732
v -0.001271 -0.014978 -0.235868
v 0.000441 -0.014980 -0.234910
v -0.002558 -0.014978 -0.234775
v -0.002144 -0.014980 -0.241026
v -0.000514 -0.014980 -0.240089
v 0.000621 -0.014980 -0.238590
v -0.001349 -0.014980 -0.233161
v -0.003814 -0.014980 -0.232724
v -0.004293 -0.014978 -0.234877
v -0.006097 -0.014980 -0.233751
v -0.005468 -0.014979 -0.236238
v -0.007404 -0.014980 -0.235886
v -0.007282 -0.014980 -0.238386
v 0.000736 -0.017477 -0.238282
v 0.000954 -0.017477 -0.237035
v 0.000794 -0.017477 -0.235780
v 0.000271 -0.017477 -0.234628
v -0.000568 -0.017477 -0.233681
v -0.001649 -0.017477 -0.233023
v -0.002876 -0.017477 -0.232713
v -0.004139 -0.017477 -0.232778
v -0.005327 -0.017477 -0.233213
v -0.006334 -0.017477 -0.233979
v -0.007071 -0.017477 -0.235008
v -0.007472 -0.017477 -0.236208
v -0.007501 -0.017477 -0.237473
v -0.007156 -0.017477 -0.238691
v -0.006468 -0.017477 -0.239752
v -0.005497 -0.017477 -0.240564
v -0.004330 -0.017477 -0.241053
v -0.003071 -0.017477 -0.241177
v -0.001831 -0.017477 -0.240924
v -0.000721 -0.017477 -0.240316
v 0.000161 -0.017477 -0.239409
v -0.002709 -0.002800 -0.238629
v -0.002287 -0.002800 -0.239934
v -0.003372 -0.002800 -0.240096
v -0.004225 -0.002800 -0.238463
v -0.004447 -0.002800 -0.239878
v -0.005383 -0.002800 -0.239305
v -0.005061 -0.002800 -0.237189
v -0.003871 -0.002800 -0.235246
v -0.004294 -0.002800 -0.233941
v -0.003208 -0.002800 -0.233779
v -0.002356 -0.002800 -0.235412
v -0.002133 -0.002800 -0.233997
v -0.001197 -0.002800 -0.234570
v -0.001519 -0.002800 -0.236686
v -0.006067 -0.002800 -0.238446
v -0.006415 -0.002800 -0.237405
v -0.006387 -0.002800 -0.236308
v -0.004783 -0.002800 -0.236024
v -0.005985 -0.002800 -0.235287
v -0.005258 -0.002800 -0.234465
v -0.000514 -0.002800 -0.235429
v -0.000165 -0.002800 -0.236469
v -0.000193 -0.002800 -0.237567
v -0.001798 -0.002800 -0.237851
v -0.000595 -0.002800 -0.238588
v -0.001322 -0.002800 -0.239410
v -0.005286 0.001100 -0.234484
v -0.004359 0.001100 -0.233958
v -0.003309 0.001099 -0.233771
v -0.002256 0.001099 -0.233942
v -0.001319 0.001098 -0.234455
v -0.000605 0.001097 -0.235250
v -0.000197 0.001096 -0.236237
v -0.000139 0.001095 -0.237304
v -0.000540 0.001097 -0.238564
v -0.001511 0.001100 -0.239563
v -0.002488 0.001100 -0.240006
v -0.003556 0.001100 -0.240097
v -0.004585 0.001101 -0.239831
v -0.005481 0.001102 -0.239226
v -0.006116 0.001100 -0.238367
v -0.006429 0.001100 -0.237344
v -0.006383 0.001100 -0.236277
v -0.005985 0.001100 -0.235287
v 0.001167 -0.017712 -0.237098
v -0.001512 -0.017712 -0.232847
v -0.003109 -0.017711 -0.232462
v -0.006202 -0.017711 -0.233533
v -0.007236 -0.017712 -0.234858
v -0.006467 -0.017711 -0.240095
v -0.004478 -0.017710 -0.241284
v -0.000378 -0.017711 -0.240342
v -0.001551 -0.014480 -0.237173
v -0.001601 -0.014479 -0.236450
v -0.001940 -0.014477 -0.235809
v -0.002670 -0.014478 -0.235269
v -0.003616 -0.014480 -0.235210
v -0.004549 -0.014469 -0.235685
v -0.005029 -0.014480 -0.236702
v -0.004979 -0.014479 -0.237425
v -0.004640 -0.014477 -0.238066
v -0.003910 -0.014478 -0.238606
v -0.002964 -0.014480 -0.238665
v -0.002032 -0.014469 -0.238190
v -0.013915 -0.017660 -0.225005
v -0.014180 -0.009680 -0.225199
v -0.012938 -0.011948 -0.224530
v -0.012990 -0.009682 -0.224544
v -0.012086 -0.012541 -0.224320
v -0.010963 -0.017657 -0.224360
v -0.011069 -0.012474 -0.224363
v -0.014784 -0.017658 -0.225815
v -0.015000 -0.009680 -0.226112
v 0.011343 -0.012487 -0.238013
v 0.011436 -0.017624 -0.238098
v 0.011875 -0.017635 -0.238884
v 0.012201 -0.017626 -0.240068
v 0.011959 -0.012545 -0.239069
v 0.012115 -0.009680 -0.241302
v 0.012157 -0.009674 -0.239952
v 0.012146 -0.011871 -0.239907
v 0.011675 -0.009680 -0.242448
v -0.008447 0.001099 -0.236893
v -0.007191 -0.011876 -0.238594
v -0.006557 0.001094 -0.239160
v -0.005355 -0.011871 -0.240068
v -0.003760 0.001109 -0.240868
v -0.003758 -0.011866 -0.240878
v -0.002494 -0.011856 -0.241283
v -0.000867 0.001096 -0.241508
v -0.000976 -0.011872 -0.241536
v -0.008604 -0.011875 -0.235987
v -0.008463 -0.011874 -0.236921
v -0.000208 -0.011863 -0.241337
v 0.000406 -0.011868 -0.240891
v -0.004772 -0.011865 -0.231354
v -0.005350 0.001100 -0.231438
v -0.005352 -0.011881 -0.231401
v -0.005903 -0.011867 -0.231624
v 0.002628 -0.011865 -0.236851
v 0.002545 0.001100 -0.236273
v 0.002518 -0.011868 -0.236035
v -0.012572 -0.009676 -0.224711
v -0.012484 -0.011843 -0.224793
v -0.012632 -0.011884 -0.224621
v -0.011948 -0.012268 -0.224487
v -0.012133 -0.012077 -0.224863
v 0.011752 -0.012284 -0.238981
v 0.011477 -0.011997 -0.239450
v 0.010201 -0.012150 -0.240770
v 0.011437 -0.011796 -0.239685
v -0.013353 -0.012140 -0.228238
v -0.013725 -0.012150 -0.231876
v -0.013280 -0.012152 -0.235031
v -0.012375 -0.012145 -0.237568
v -0.009079 -0.012104 -0.241934
v -0.006620 -0.012154 -0.243584
v -0.003681 -0.012154 -0.244783
v -0.000546 -0.012154 -0.245276
v 0.002133 -0.012143 -0.245156
v 0.005199 -0.012143 -0.244302
v 0.008353 -0.012150 -0.242459
v 0.011865 -0.011973 -0.239522
v 0.011813 -0.011778 -0.239632
v 0.011835 -0.009676 -0.239653
v -0.000942 -0.012111 -0.241757
v 0.002712 -0.012110 -0.237521
v -0.007408 -0.012112 -0.238680
v -0.005761 -0.012112 -0.240051
v 0.002857 -0.012111 -0.236544
v -0.006555 -0.012116 -0.231854
v -0.005656 -0.012111 -0.231254
v 0.011600 -0.017764 -0.238511
v 0.012097 -0.017763 -0.240028
v 0.010888 -0.017716 -0.243379
v 0.011668 -0.017648 -0.242491
v -0.000203 0.001400 -0.237565
v -0.000604 0.001400 -0.238583
v 0.000056 0.001400 -0.240761
v -0.001328 0.001400 -0.239402
v -0.000849 0.001399 -0.241193
v -0.002290 0.001400 -0.239924
v -0.002879 0.001400 -0.240828
v -0.003372 0.001400 -0.240086
v -0.004959 0.001400 -0.239936
v -0.004444 0.001400 -0.239869
v -0.005377 0.001400 -0.239297
v -0.006942 0.001400 -0.238339
v -0.006058 0.001400 -0.238441
v -0.008149 0.001399 -0.236803
v -0.006405 0.001400 -0.237404
v -0.006377 0.001400 -0.236310
v -0.008226 0.001399 -0.235677
v -0.005976 0.001400 -0.235292
v -0.005821 0.001398 -0.231929
v -0.005252 0.001400 -0.234473
v -0.004291 0.001400 -0.233951
v -0.003209 0.001400 -0.233789
v -0.004454 0.001399 -0.231751
v 0.002243 0.001399 -0.237217
v -0.000175 0.001400 -0.236471
v -0.002137 0.001400 -0.234006
v -0.001204 0.001400 -0.234578
v 0.002066 0.001398 -0.235850
v -0.000522 0.001400 -0.235434
v -0.010514 0.012207 -0.224745
v -0.012869 0.012156 -0.226905
v -0.006509 0.012161 -0.231689
v -0.004623 0.012178 -0.230832
v 0.003065 0.012180 -0.237355
v 0.007736 0.012140 -0.242920
v 0.009819 0.012154 -0.241115
v 0.011477 0.012148 -0.239143
v 0.000433 0.012150 -0.241286
v 0.003284 0.012165 -0.244850
v -0.013684 0.012161 -0.232036
v -0.009059 0.012180 -0.235567
v 0.002718 0.012179 -0.235340
v 0.010887 0.012208 -0.237870
v -0.013341 0.012157 -0.234643
v -0.008714 0.012150 -0.237046
v -0.011634 0.012161 -0.238771
v -0.007051 0.012150 -0.239144
v -0.008282 0.012157 -0.242495
v -0.003838 0.012180 -0.241413
v -0.005227 0.012156 -0.244243
v -0.000877 0.012150 -0.241815
v 0.000500 0.012163 -0.245250
v 0.011167 0.017746 -0.243087
v 0.010916 0.009680 -0.243399
v 0.009521 0.017658 -0.244546
v 0.008995 0.009680 -0.244918
v 0.006865 0.009680 -0.246128
v 0.005190 0.017658 -0.246804
v 0.004576 0.009680 -0.247001
v 0.002818 0.017658 -0.247415
v 0.002181 0.009680 -0.247516
v 0.000380 0.017658 -0.247659
v -0.000264 0.009680 -0.247663
v -0.002066 0.017658 -0.247530
v -0.002704 0.009680 -0.247436
v -0.004464 0.017658 -0.247032
v -0.005080 0.009680 -0.246842
v -0.006759 0.017658 -0.246176
v -0.007339 0.009680 -0.245895
v -0.008897 0.017658 -0.244981
v -0.009428 0.009680 -0.244615
v -0.010830 0.017658 -0.243476
v -0.011299 0.009680 -0.243034
v -0.012512 0.017658 -0.241695
v -0.012908 0.009680 -0.241187
v -0.013904 0.017658 -0.239680
v -0.014219 0.009680 -0.239117
v -0.014974 0.017658 -0.237476
v -0.015200 0.009680 -0.236873
v -0.015697 0.017658 -0.235136
v -0.015829 0.009680 -0.234505
v -0.016058 0.017658 -0.232713
v -0.016092 0.009680 -0.232070
v -0.016046 0.017658 -0.230264
v -0.015982 0.009680 -0.229622
v -0.015749 0.017751 -0.228456
v -0.015503 0.009680 -0.227220
v -0.010082 0.017676 -0.224630
v -0.009939 0.012497 -0.224709
v 0.010633 0.017659 -0.237289
v 0.010678 0.012482 -0.237347
v 0.009411 0.017768 -0.241215
v 0.012091 0.017773 -0.240807
v 0.011902 0.017767 -0.239256
v 0.011068 0.017769 -0.237772
v 0.008617 0.017766 -0.238433
v -0.011755 0.017769 -0.227010
v -0.010358 0.017773 -0.224619
v -0.009819 0.017767 -0.227096
v -0.011385 0.017768 -0.239953
v -0.014199 0.017769 -0.238953
v -0.013591 0.017768 -0.235519
v -0.015503 0.017769 -0.235545
v -0.014098 0.017768 -0.232592
v -0.016002 0.017769 -0.231931
v -0.013913 0.017780 -0.228852
v -0.014928 0.017768 -0.226157
v -0.013752 0.017765 -0.224998
v 0.000486 0.017768 -0.245710
v -0.001019 0.017768 -0.247566
v -0.005179 0.017769 -0.246710
v -0.004924 0.017767 -0.244819
v -0.008475 0.017769 -0.245143
v -0.008778 0.017768 -0.242644
v -0.011778 0.017768 -0.242443
v 0.008566 0.017768 -0.242767
v 0.009221 0.017773 -0.244619
v 0.006199 0.017766 -0.244286
v 0.007419 0.017730 -0.245822
v 0.003425 0.017766 -0.245288
v 0.003827 0.017769 -0.247134
v 0.011422 0.009679 -0.239715
v 0.011283 0.011848 -0.239813
v 0.010564 0.011868 -0.240709
v 0.009771 0.009680 -0.241591
v 0.009339 0.011875 -0.241968
v 0.007988 0.009680 -0.243062
v 0.007500 0.011875 -0.243363
v 0.005988 0.009680 -0.244219
v 0.005597 0.011896 -0.244363
v 0.003921 0.011867 -0.245003
v 0.003825 0.009680 -0.245032
v 0.001657 0.011867 -0.245465
v 0.001558 0.009680 -0.245478
v -0.000206 0.011847 -0.245552
v -0.000752 0.009680 -0.245545
v -0.002419 0.011874 -0.245334
v -0.003041 0.009680 -0.245230
v -0.004121 0.011868 -0.244915
v -0.005248 0.009680 -0.244544
v -0.005766 0.011875 -0.244300
v -0.007311 0.009680 -0.243504
v -0.007272 0.011881 -0.243486
v -0.008677 0.011874 -0.242526
v -0.009176 0.009680 -0.242139
v -0.010298 0.011856 -0.241025
v -0.010790 0.009680 -0.240485
v -0.011509 0.011895 -0.239502
v -0.012110 0.009680 -0.238589
v -0.012444 0.011895 -0.237910
v -0.013101 0.009680 -0.236501
v -0.013273 0.011875 -0.235954
v -0.013734 0.009680 -0.234279
v -0.013814 0.011875 -0.233711
v -0.013994 0.009680 -0.231983
v -0.013957 0.011881 -0.232006
v -0.013923 0.011874 -0.230304
v -0.013872 0.009680 -0.229675
v -0.013554 0.011856 -0.228126
v -0.013372 0.009680 -0.227419
v -0.012449 0.009686 -0.225089
v -0.013099 0.011895 -0.226714
v 0.011774 0.009368 -0.239927
v 0.011819 0.009380 -0.241248
v 0.009291 0.009380 -0.242493
v 0.011248 0.009379 -0.242608
v -0.013659 0.009380 -0.227330
v -0.013998 0.009380 -0.225439
v -0.015036 0.009379 -0.226740
v -0.014333 0.009380 -0.231019
v -0.015833 0.009380 -0.231070
v -0.014029 0.009380 -0.234337
v -0.015253 0.009380 -0.235841
v -0.012868 0.009380 -0.237903
v -0.013268 0.009380 -0.240219
v -0.010115 0.009380 -0.241735
v -0.010062 0.009380 -0.243800
v -0.007468 0.009380 -0.243760
v -0.012791 0.009366 -0.224884
v -0.005929 0.009380 -0.246255
v -0.004059 0.009380 -0.245322
v -0.001251 0.009380 -0.247357
v -0.000768 0.009380 -0.245844
v 0.002974 0.009380 -0.245597
v 0.003543 0.009380 -0.247005
v 0.006117 0.009380 -0.244491
v 0.008011 0.009380 -0.245231
v -0.006246 0.001688 -0.231914
v -0.006421 0.011870 -0.232058
v -0.008511 0.001716 -0.235571
v 0.000272 0.001691 -0.240983
v 0.000403 0.011873 -0.240898
v 0.002526 0.001714 -0.237324
v 0.002482 0.011873 -0.237506
v 0.002081 0.001688 -0.235425
v 0.001937 0.011870 -0.235251
v -0.004347 0.001714 -0.231468
v -0.004165 0.011873 -0.231512
v 0.008255 0.015287 -0.242828
v 0.008262 0.017656 -0.242877
v 0.006729 0.015263 -0.243806
v 0.007081 0.017656 -0.243656
v 0.005496 0.015479 -0.244454
v 0.005475 0.017656 -0.244476
v 0.003784 0.015288 -0.245038
v 0.003272 0.017656 -0.245202
v 0.001996 0.015268 -0.245393
v 0.000979 0.017656 -0.245554
v 0.000468 0.015288 -0.245527
v -0.001275 0.015288 -0.245489
v -0.001341 0.017656 -0.245524
v -0.003553 0.015288 -0.245088
v -0.002537 0.017747 -0.245401
v -0.004732 0.017656 -0.244766
v -0.005188 0.015288 -0.244536
v -0.006769 0.015288 -0.243799
v -0.006822 0.017728 -0.243847
v -0.008694 0.015288 -0.242516
v -0.008768 0.017656 -0.242510
v -0.010234 0.015263 -0.241071
v -0.010030 0.017745 -0.241400
v -0.011163 0.015479 -0.240033
v -0.011190 0.017656 -0.240018
v -0.011876 0.015268 -0.238925
v -0.012295 0.017732 -0.238359
v -0.012862 0.015288 -0.237048
v -0.012925 0.017656 -0.237007
v -0.013428 0.015288 -0.235418
v -0.013471 0.017656 -0.235422
v -0.013815 0.015288 -0.233717
v -0.013866 0.017656 -0.233662
v -0.013981 0.015288 -0.231410
v -0.014022 0.017656 -0.231348
v -0.013794 0.015289 -0.229368
v -0.013828 0.017656 -0.229334
v 0.008175 0.017655 -0.238220
v 0.008125 0.015284 -0.238234
v -0.009645 0.017658 -0.227306
v -0.009689 0.015294 -0.227331
v 0.004797 0.015002 -0.244395
v -0.013694 0.015002 -0.231894
v -0.013427 0.015010 -0.229016
v 0.002208 0.015009 -0.245087
v -0.005501 0.015004 -0.244105
v -0.012801 0.015013 -0.236522
v -0.002763 0.015011 -0.245013
v -0.008000 0.015021 -0.242736
v -0.011277 0.015002 -0.239341
v 0.008604 0.014987 -0.239238
v 0.008787 0.014999 -0.241648
v 0.008107 0.015010 -0.242584
v -0.009985 0.014998 -0.227514
v -0.011905 0.015002 -0.227563
v -0.005252 -0.002500 -0.234473
v -0.004291 -0.002500 -0.233951
v -0.003209 -0.002500 -0.233789
v -0.002137 -0.002500 -0.234006
v -0.001204 -0.002500 -0.234578
v -0.000522 -0.002500 -0.235434
v -0.000175 -0.002500 -0.236471
v -0.000203 -0.002500 -0.237565
v -0.000604 -0.002500 -0.238583
v -0.001328 -0.002500 -0.239402
v -0.002290 -0.002500 -0.239924
v -0.003372 -0.002500 -0.240086
v -0.004444 -0.002500 -0.239869
v -0.005377 -0.002500 -0.239297
v -0.006058 -0.002500 -0.238441
v -0.006405 -0.002500 -0.237404
v -0.006377 -0.002500 -0.236310
v -0.005976 -0.002500 -0.235292
v -0.002928 -0.002800 -0.238169
v -0.001832 -0.002802 -0.239428
v -0.002042 -0.002800 -0.237239
v -0.000572 -0.002802 -0.237908
v -0.000472 -0.002800 -0.236515
v -0.002405 -0.002800 -0.236008
v -0.001091 -0.002802 -0.235069
v -0.004175 -0.002800 -0.237867
v -0.004718 -0.002802 -0.239445
v -0.003364 -0.002800 -0.239787
v -0.004538 -0.002800 -0.236636
v -0.006176 -0.002802 -0.236955
v -0.005794 -0.002800 -0.238298
v -0.003653 -0.002800 -0.235706
v -0.004748 -0.002802 -0.234447
v -0.005721 -0.002800 -0.235449
v -0.002806 -0.002801 -0.234092
v -0.003290 0.006151 -0.236937
v -0.002041 0.005400 -0.236970
v -0.002192 0.005400 -0.236341
v -0.002224 0.005400 -0.237590
v -0.003258 0.005400 -0.235688
v -0.003887 0.005400 -0.235839
v -0.002637 0.005400 -0.235871
v -0.004540 0.005400 -0.236905
v -0.004388 0.005400 -0.237534
v -0.004356 0.005400 -0.236285
v -0.003322 0.005400 -0.238187
v -0.002693 0.005400 -0.238036
v -0.003943 0.005400 -0.238003
v 0.008735 0.015288 -0.238864
v 0.008785 0.017656 -0.238863
v 0.009160 0.015288 -0.239747
v 0.009209 0.017746 -0.239644
v 0.009303 0.017656 -0.240251
v 0.009277 0.015288 -0.240721
v 0.009248 0.017656 -0.241244
v 0.009071 0.015288 -0.241679
v 0.008874 0.017656 -0.242164
v 0.008712 0.015288 -0.242315
v -0.013444 0.015288 -0.228507
v -0.013564 0.017707 -0.228611
v -0.013169 0.017656 -0.228062
v -0.012864 0.015263 -0.227833
v -0.012389 0.015301 -0.227468
v -0.012848 0.017745 -0.227690
v -0.011949 0.017656 -0.227220
v -0.011487 0.015288 -0.227131
v -0.011152 0.017707 -0.227030
v -0.010508 0.015288 -0.227097
v -0.010475 0.017656 -0.227060
v -0.011027 0.012471 -0.224369
v -0.011042 0.017662 -0.224352
v -0.011998 0.017745 -0.224351
v -0.012091 0.012550 -0.224318
v -0.014180 0.009680 -0.225199
v -0.012996 0.009674 -0.224548
v -0.012940 0.011962 -0.224529
v -0.013104 0.017655 -0.224559
v -0.015000 0.009680 -0.226112
v -0.014170 0.017637 -0.225201
v -0.015025 0.017602 -0.226104
v 0.011961 0.012531 -0.239077
v 0.011975 0.017654 -0.239119
v 0.012147 0.011932 -0.239897
v 0.012158 0.009682 -0.239944
v 0.012115 0.009680 -0.241302
v 0.012178 0.017647 -0.240053
v 0.012168 0.017660 -0.240977
v 0.011401 0.017657 -0.238055
v 0.011400 0.012496 -0.238085
v 0.011675 0.009680 -0.242448
v -0.001125 0.011875 -0.241530
v -0.000906 0.001701 -0.241511
v -0.002888 0.011875 -0.241193
v -0.003801 0.001701 -0.240851
v -0.004637 0.011874 -0.240481
v -0.006611 0.001701 -0.239113
v -0.006246 0.011876 -0.239427
v -0.007455 0.011876 -0.238291
v -0.008462 0.001704 -0.236857
v -0.008438 0.011872 -0.236967
v -0.000268 0.011871 -0.241372
v -0.008610 0.011863 -0.236192
v -0.008491 0.011868 -0.235443
v 0.002338 0.011865 -0.235750
v 0.002527 0.001700 -0.236303
v 0.002560 0.011881 -0.236287
v 0.002612 0.011867 -0.236880
v -0.005922 0.011865 -0.231656
v -0.005369 0.001700 -0.231468
v -0.005385 0.011881 -0.231434
v -0.004792 0.011867 -0.231382
v 0.002703 0.012116 -0.237565
v 0.002306 0.012105 -0.235292
v 0.002830 0.012111 -0.236491
v -0.004373 0.012116 -0.231175
v -0.005752 0.012111 -0.231314
v -0.002971 0.012112 -0.241397
v -0.004940 0.012112 -0.240554
v -0.008812 0.012116 -0.235621
v -0.012467 0.011864 -0.225263
v -0.011997 0.012134 -0.224800
v 0.005296 0.012114 -0.244265
v -0.001981 0.012114 -0.245200
v -0.010285 0.012114 -0.240706
v -0.012695 0.012114 -0.236873
v -0.013637 0.012114 -0.229597
v -0.012437 0.011790 -0.225012
v -0.012507 0.011781 -0.224792
v -0.012584 0.009676 -0.224699
v -0.012638 0.011892 -0.224615
v -0.011966 0.012266 -0.224485
v -0.012254 0.012006 -0.224765
v 0.011748 0.012288 -0.238969
v 0.011620 0.011984 -0.239419
v 0.011481 0.011775 -0.239676
v 0.011709 0.011768 -0.239631
v 0.011928 0.011870 -0.239667
v 0.011819 0.009676 -0.239648
v -0.012674 0.015046 -0.227944
v -0.011006 0.015046 -0.227297
v 0.008176 0.015044 -0.238556
v 0.006490 0.015046 -0.243698
v -0.000078 0.015046 -0.245325
v -0.010188 0.015046 -0.240814
v -0.013590 0.015046 -0.233723
v 0.009069 0.015045 -0.240454
v -0.014016 0.017761 -0.229668
v 0.011829 0.017706 -0.242109
v -0.015485 0.017724 -0.227289
vn 0.0039 -0.9981 -0.0622
vn 0.0016 -0.9979 -0.0647
vn 0.0032 -0.9981 -0.0622
vn 0.0028 -0.9981 -0.0623
vn -0.0164 -0.9964 -0.0836
vn -0.0018 -0.9985 -0.0541
vn 0.0175 -0.9983 -0.0549
vn -0.0283 -0.9980 -0.0563
vn 0.0306 -0.9983 -0.0503
vn 0.0006 -0.9978 -0.0657
vn -0.0065 -0.9961 -0.0877
vn -0.0059 -0.9960 -0.0890
vn -0.0060 -0.9961 -0.0879
vn -0.0060 -0.9960 -0.0897
vn -0.0311 -0.9979 -0.0563
vn -0.0043 -0.9979 -0.0646
vn -0.0100 -0.9985 -0.0538
vn -0.0066 -0.9988 -0.0494
vn -0.0072 -0.9987 -0.0501
vn -0.0324 -0.9971 -0.0690
vn -0.0103 -0.9985 -0.0544
vn 0.0069 -0.9972 -0.0739
vn -0.0018 -0.9982 -0.0601
vn 0.0050 -0.9967 -0.0811
vn 0.0077 -0.9970 -0.0765
vn 0.0065 -0.9970 -0.0772
vn 0.0047 -0.9966 -0.0827
vn 0.0066 -0.9998 -0.0207
vn -0.0030 -0.9989 -0.0470
vn 0.0012 -0.9939 -0.1106
vn -0.0053 -0.9973 -0.0728
vn -0.0051 -0.9973 -0.0733
vn -0.0051 -0.9973 -0.0728
vn -0.0051 -0.9973 -0.0734
vn -0.0191 0.9963 -0.0837
vn 0.0243 0.9960 -0.0854
vn -0.0138 0.9968 -0.0789
vn 0.0016 0.9964 -0.0844
vn -0.0211 0.9977 -0.0647
vn -0.0179 0.9975 -0.0686
vn -0.0209 0.9976 -0.0654
vn 0.0187 0.9970 -0.0753
vn 0.0162 0.9971 -0.0749
vn 0.0202 0.9969 -0.0757
vn 0.0148 0.9971 -0.0748
vn -0.0113 0.9976 -0.0680
vn -0.0117 0.9976 -0.0679
vn -0.0114 0.9976 -0.0679
vn -0.0089 0.9976 -0.0689
vn 0.0084 0.9925 -0.1217
vn 0.0193 0.9955 -0.0933
vn -0.0170 0.9974 -0.0694
vn -0.0048 0.9982 -0.0600
vn 0.0163 0.9933 -0.1143
vn -0.0017 0.9991 -0.0434
vn 0.0079 0.9998 -0.0169
vn -0.0065 0.9988 -0.0494
vn -0.0234 0.9971 -0.0727
vn 0.0048 0.9986 -0.0533
vn -0.0050 0.9973 -0.0736
vn -0.0064 0.9946 -0.1035
vn -0.0033 0.9968 -0.0792
vn -0.0017 0.9962 -0.0875
vn -0.0033 0.9970 -0.0776
vn -0.0039 0.9970 -0.0767
vn 0.0157 0.9975 -0.0694
vn 0.0075 0.9972 -0.0745
vn 0.0091 0.9971 -0.0756
vn 0.0158 0.9975 -0.0685
vn -0.5216 0.0001 -0.8532
vn -0.5219 0.0003 -0.8530
vn -0.5220 0.0004 -0.8530
vn -0.5174 0.0048 -0.8557
vn -0.5188 0.0001 -0.8549
vn -0.5193 0.0020 -0.8546
vn -0.5215 -0.0009 -0.8532
vn -0.5097 0.0042 -0.8604
vn -0.5321 -0.0149 -0.8466
vn -0.5081 -0.0035 -0.8613
vn -0.5305 0.0115 -0.8476
vn -0.5223 0.0014 -0.8527
vn -0.5221 0.0016 -0.8529
vn -0.5259 0.0026 -0.8505
vn -0.5272 0.0029 -0.8497
vn -0.5225 0.0012 -0.8526
vn -0.5216 0.0015 -0.8532
vn -0.5228 -0.0013 -0.8524
vn -0.5221 -0.0014 -0.8529
vn -0.5232 -0.0011 -0.8522
vn -0.5196 -0.0001 -0.8544
vn -0.5224 -0.0011 -0.8527
vn -0.5203 -0.0002 -0.8540
vn -0.5223 -0.0014 -0.8527
vn -0.5221 0.0015 -0.8529
vn -0.5229 0.0003 -0.8524
vn -0.5223 0.0014 -0.8528
vn -0.5218 0.0019 -0.8531
vn -0.5231 -0.0003 -0.8523
vn -0.5226 -0.0014 -0.8526
vn -0.5222 -0.0018 -0.8528
vn -0.5229 -0.0010 -0.8524
vn 0.0241 0.9976 0.0650
vn 0.0244 0.9976 0.0651
vn 0.0180 0.9978 0.0637
vn 0.0261 0.9975 0.0654
vn 0.0773 0.9945 0.0713
vn 0.0339 0.9968 0.0723
vn 0.0335 0.9968 0.0721
vn 0.0328 0.9969 0.0718
vn 0.0327 0.9969 0.0719
vn 0.0926 0.9928 0.0765
vn 0.1132 0.9750 0.1911
vn 0.1021 0.9770 0.1873
vn 0.1083 0.9748 0.1949
vn 0.1307 0.9731 0.1896
vn 0.0524 0.9909 0.1239
vn 0.0815 0.9886 0.1266
vn 0.1015 0.9772 0.1864
vn 0.0871 0.9792 0.1830
vn 0.0248 0.9835 0.1793
vn 0.1193 0.9743 0.1909
vn 0.1187 0.9738 0.1939
vn 0.1193 0.9742 0.1918
vn 0.1165 0.9741 0.1936
vn 0.1334 0.9642 0.2292
vn 0.9880 0.0112 -0.1539
vn 0.9893 0.0074 -0.1455
vn 0.9879 0.0115 -0.1548
vn 0.9858 -0.0003 -0.1677
vn 0.9866 0.0016 -0.1631
vn 0.9864 0.0011 -0.1643
vn 0.9876 -0.0148 -0.1562
vn 0.9858 -0.0005 -0.1679
vn 0.9834 -0.0002 -0.1812
vn 0.9835 -0.0004 -0.1810
vn 0.9834 -0.0000 -0.1816
vn 0.9878 0.0003 0.1556
vn 0.9879 -0.0010 0.1551
vn 0.9870 -0.0033 0.1605
vn 0.9879 -0.0017 0.1551
vn 0.9925 -0.0024 0.1219
vn 0.9930 0.0006 0.1185
vn 0.9923 -0.0000 0.1239
vn 0.9923 -0.0001 0.1235
vn 0.9973 -0.0004 0.0733
vn 0.9973 -0.0002 0.0735
vn 0.9972 0.0003 0.0746
vn 0.9972 0.0004 0.0750
vn 1.0000 -0.0004 0.0045
vn 1.0000 -0.0003 0.0051
vn 1.0000 0.0001 0.0060
vn 1.0000 0.0003 0.0065
vn 0.9973 -0.0004 -0.0733
vn 0.9973 -0.0004 -0.0730
vn 0.9974 -0.0001 -0.0722
vn 0.9974 -0.0000 -0.0718
vn 0.9888 -0.0004 -0.1492
vn 0.9889 -0.0003 -0.1487
vn 0.9891 0.0003 -0.1475
vn 0.9891 0.0005 -0.1470
vn 0.9833 0.0001 -0.1819
vn 0.9932 -0.0005 0.1167
vn 0.9933 0.0003 0.1153
vn 0.9868 -0.0052 0.1621
vn 0.9962 -0.0001 0.0874
vn 0.9962 -0.0001 0.0876
vn 0.9961 0.0003 0.0879
vn 0.9961 0.0008 0.0885
vn 0.9933 -0.0011 0.1159
vn 0.9933 -0.0007 0.1159
vn 0.9931 0.0006 0.1176
vn 0.9930 0.0005 0.1180
vn 0.9868 -0.0005 0.1619
vn 0.9868 -0.0001 0.1622
vn 0.9867 -0.0001 0.1623
vn 0.9867 0.0003 0.1626
vn 0.9834 -0.0001 0.1816
vn 0.9834 -0.0002 0.1816
vn 0.9834 -0.0002 0.1815
vn 0.9994 0.0003 0.0342
vn 0.9994 0.0009 0.0347
vn 0.9992 0.0036 0.0388
vn 0.9992 0.0038 0.0395
vn 1.0000 0.0045 0.0010
vn 1.0000 0.0040 0.0009
vn 1.0000 -0.0004 -0.0044
vn 1.0000 -0.0004 -0.0050
vn 0.9976 0.0008 -0.0692
vn 0.9976 0.0006 -0.0694
vn 0.9975 -0.0003 -0.0706
vn 0.9975 -0.0005 -0.0708
vn 0.9856 0.0004 -0.1692
vn 0.9867 -0.0025 -0.1623
vn 0.9858 -0.0001 -0.1678
vn 0.9925 0.0001 -0.1218
vn 0.9923 -0.0006 -0.1240
vn 0.9916 -0.0025 -0.1294
vn 0.9914 -0.0032 -0.1312
vn 0.9870 -0.0033 -0.1605
vn 0.9643 -0.0009 -0.2649
vn 0.9645 -0.0007 -0.2642
vn 0.9649 -0.0002 -0.2626
vn 0.9651 -0.0000 -0.2619
vn 0.9754 0.0004 -0.2205
vn 0.9753 0.0003 -0.2209
vn 0.9750 -0.0000 -0.2221
vn 0.9749 -0.0002 -0.2226
vn -0.9906 0.0003 0.1365
vn -0.9907 0.0002 0.1361
vn -0.9907 0.0002 0.1362
vn -0.9947 -0.0041 -0.1031
vn -0.9943 -0.0013 -0.1070
vn -0.9944 -0.0022 -0.1058
vn -0.9926 -0.0017 -0.1214
vn -0.9948 -0.0044 -0.1018
vn -0.9932 -0.0016 -0.1167
vn -0.9909 0.0172 -0.1335
vn -0.9929 0.0022 -0.1187
vn -0.9928 0.0033 -0.1200
vn -0.9934 0.0011 -0.1147
vn -0.9933 0.0048 -0.1152
vn -0.9933 0.0041 -0.1153
vn -0.9886 -0.0003 -0.1505
vn -0.9885 -0.0000 -0.1510
vn -0.9885 -0.0000 -0.1511
vn -0.9885 0.0001 -0.1512
vn -0.9824 -0.0002 -0.1869
vn -0.9823 -0.0000 -0.1871
vn -0.9822 0.0002 -0.1876
vn -0.9822 0.0002 -0.1878
vn -0.9784 -0.0003 -0.2068
vn -0.9784 -0.0002 -0.2069
vn -0.9783 -0.0001 -0.2070
vn -0.9828 -0.0000 -0.1847
vn -0.9827 0.0001 -0.1853
vn -0.9822 0.0020 -0.1879
vn -0.9821 0.0025 -0.1882
vn -0.9902 0.0024 -0.1395
vn -0.9902 0.0025 -0.1396
vn -0.9903 0.0027 -0.1392
vn -0.9903 0.0030 -0.1386
vn -0.9945 -0.0025 -0.1044
vn -0.9972 0.0020 -0.0747
vn -0.9972 0.0018 -0.0742
vn -0.9974 0.0009 -0.0721
vn -0.9974 0.0006 -0.0714
vn -1.0000 -0.0004 -0.0070
vn -1.0000 -0.0007 -0.0064
vn -1.0000 -0.0019 -0.0037
vn -1.0000 -0.0023 -0.0030
vn -0.9977 -0.0012 0.0682
vn -0.9976 -0.0018 0.0689
vn -0.9973 -0.0045 0.0733
vn -0.9972 -0.0048 0.0742
vn -0.9795 -0.0000 0.2013
vn -0.9795 -0.0003 0.2015
vn -0.9793 -0.0009 0.2025
vn -0.9792 -0.0010 0.2029
vn -0.9565 0.0006 0.2918
vn -0.9564 0.0005 0.2919
vn -0.9564 0.0005 0.2920
vn -0.9563 0.0003 0.2923
vn -0.9247 -0.0000 0.3807
vn -0.9247 -0.0000 0.3808
vn -0.9246 -0.0000 0.3808
vn -0.8891 0.0001 0.4577
vn -0.8895 0.0004 0.4569
vn -0.8904 0.0010 0.4551
vn -0.7242 -0.0017 0.6896
vn -0.7790 0.0028 0.6270
vn -0.7780 0.0034 0.6282
vn -0.7831 0.0003 0.6219
vn -0.7845 -0.0005 0.6202
vn -0.8436 0.0007 0.5370
vn -0.8444 0.0002 0.5357
vn -0.8416 0.0017 0.5402
vn -0.8406 0.0021 0.5416
vn -0.8908 0.0012 0.4544
vn -0.6202 -0.0006 0.7844
vn -0.6716 0.0112 0.7408
vn -0.6240 -0.0143 0.7813
vn -0.6799 0.0032 0.7333
vn -0.9918 -0.0010 -0.1279
vn -0.9909 -0.0006 -0.1347
vn -0.9914 -0.0008 -0.1310
vn -0.9907 -0.0005 -0.1359
vn -0.9908 -0.0006 -0.1356
vn -0.9886 0.0001 -0.1506
vn -0.9886 -0.0000 -0.1503
vn -0.9887 -0.0002 -0.1496
vn -0.9888 -0.0003 -0.1492
vn -0.9819 0.0006 -0.1896
vn -0.9821 0.0001 -0.1885
vn -0.9828 -0.0018 -0.1845
vn -0.9830 -0.0023 -0.1834
vn 0.2706 0.8650 0.4227
vn 0.2681 0.8672 0.4196
vn 0.2611 0.8682 0.4219
vn 0.2623 0.8650 0.4277
vn 0.2596 0.8677 0.4238
vn 0.2453 0.8722 0.4232
vn -0.0246 0.9992 0.0326
vn -0.0149 0.9999 0.0065
vn -0.0160 0.9998 0.0091
vn -0.0156 0.9999 0.0074
vn -0.0172 0.9998 0.0089
vn -0.0169 0.9998 0.0087
vn -0.0051 1.0000 -0.0001
vn -0.0047 1.0000 0.0001
vn 0.0020 1.0000 0.0004
vn -0.0023 1.0000 -0.0001
vn -0.0021 1.0000 -0.0015
vn -0.0022 1.0000 -0.0018
vn -0.0050 1.0000 0.0052
vn -0.0000 1.0000 -0.0000
vn 0.0016 1.0000 0.0002
vn 0.0011 1.0000 0.0004
vn -0.0058 1.0000 0.0024
vn -0.0067 1.0000 0.0039
vn -0.0067 1.0000 0.0042
vn -0.0046 1.0000 0.0072
vn -0.0045 1.0000 0.0069
vn -0.0027 1.0000 0.0059
vn -0.0001 1.0000 0.0059
vn 0.0005 1.0000 0.0067
vn 0.0020 1.0000 0.0070
vn 0.0056 1.0000 0.0059
vn 0.0071 1.0000 0.0070
vn -0.0071 1.0000 0.0036
vn -0.0058 1.0000 0.0050
vn -0.0013 1.0000 0.0044
vn -0.0022 1.0000 0.0034
vn 0.0027 1.0000 -0.0015
vn 0.0075 1.0000 -0.0017
vn 0.0106 0.9999 -0.0030
vn -0.0049 1.0000 0.0065
vn -0.0090 0.9999 0.0066
vn -0.0067 1.0000 0.0050
vn 0.0163 0.9997 -0.0161
vn 0.0049 1.0000 -0.0032
vn 0.0068 1.0000 0.0063
vn 0.0060 1.0000 0.0051
vn 0.0074 1.0000 0.0019
vn 0.0072 1.0000 -0.0004
vn 0.0074 1.0000 -0.0005
vn 0.0067 1.0000 -0.0033
vn 0.0052 1.0000 -0.0049
vn 0.0054 1.0000 0.0060
vn -0.0009 1.0000 -0.0012
vn 0.0005 1.0000 0.0008
vn 0.0143 0.9999 0.0044
vn -0.0112 0.9999 -0.0023
vn 0.0043 1.0000 -0.0015
vn 0.0025 1.0000 -0.0025
vn -0.0037 1.0000 -0.0067
vn -0.0023 1.0000 -0.0075
vn -0.0002 1.0000 -0.0023
vn 0.0028 1.0000 -0.0054
vn 0.0002 1.0000 -0.0003
vn 0.0005 1.0000 -0.0001
vn 0.0007 1.0000 -0.0006
vn 0.0004 1.0000 -0.0002
vn -0.0013 0.9999 0.0171
vn 0.0063 1.0000 0.0006
vn -0.0281 0.9995 -0.0126
vn 0.0060 1.0000 0.0026
vn 0.0036 1.0000 0.0012
vn 0.0052 1.0000 0.0028
vn 0.0038 1.0000 0.0023
vn 0.0079 0.9999 0.0085
vn -0.0037 1.0000 -0.0000
vn -0.0042 1.0000 -0.0007
vn -0.0000 1.0000 0.0001
vn -0.0017 1.0000 0.0007
vn -0.0007 1.0000 0.0001
vn 0.0004 1.0000 0.0002
vn 0.0044 1.0000 0.0002
vn -0.9796 0.0014 0.2009
vn -0.9797 0.0013 0.2005
vn -0.9793 0.0018 0.2022
vn -0.9793 0.0020 0.2025
vn 0.8896 0.0069 -0.4566
vn 0.8874 0.0053 -0.4609
vn 0.8881 0.0059 -0.4596
vn 0.7175 0.0041 -0.6966
vn 0.7550 -0.0036 -0.6557
vn 0.7450 0.0040 -0.6671
vn 0.8007 0.0033 -0.5991
vn 0.8002 0.0036 -0.5997
vn 0.8020 0.0022 -0.5973
vn 0.8024 0.0018 -0.5967
vn 0.8532 0.0043 -0.5216
vn 0.8529 0.0048 -0.5220
vn 0.8553 0.0017 -0.5182
vn 0.8557 0.0014 -0.5175
vn 0.8903 0.0074 -0.4552
vn 0.9022 -0.0062 0.4313
vn 0.9017 0.0183 0.4319
vn 0.9013 0.0011 0.4332
vn 0.9025 0.0006 0.4308
vn 0.9011 0.0009 0.4335
vn 0.9010 0.0014 0.4339
vn 0.9023 0.0100 0.4311
vn 0.9020 0.0056 0.4316
vn 0.9023 0.0044 0.4310
vn 0.9024 0.0084 0.4308
vn 0.9027 0.0011 0.4304
vn 0.9054 0.0213 0.4239
vn 0.9996 0.0076 -0.0275
vn 0.9985 -0.0184 0.0513
vn -0.9971 0.0063 -0.0757
vn -0.9999 -0.0150 -0.0078
vn 0.8469 0.0123 0.5317
vn 0.9064 -0.0495 0.4195
vn 0.9520 -0.0000 0.3060
vn 0.9918 -0.0000 0.1275
vn 0.6058 -0.0313 0.7950
vn 0.6214 -0.0151 0.7833
vn 0.2958 0.0098 0.9552
vn 0.2021 -0.0463 0.9783
vn -0.3507 0.0078 0.9365
vn -0.2599 -0.0461 0.9645
vn -0.1199 -0.0000 0.9928
vn 0.0562 -0.0000 0.9984
vn -0.6515 -0.0134 0.7585
vn -0.6664 -0.0291 0.7450
vn -0.8776 0.0116 0.4792
vn -0.9297 -0.0494 0.3649
vn -0.9685 -0.0000 0.2490
vn -0.9986 -0.0000 0.0525
vn 0.9894 0.0068 -0.1453
vn 0.9904 0.0352 -0.1340
vn 0.9933 0.0072 -0.1156
vn 0.9933 0.0075 -0.1153
vn 0.9933 0.0072 -0.1157
vn 0.9880 0.0071 -0.1541
vn 0.9882 0.0108 -0.1528
vn 0.9881 0.0071 -0.1538
vn 0.9882 0.0119 -0.1525
vn -0.9997 0.0055 -0.0243
vn -0.9997 0.0200 0.0139
vn -0.9885 -0.0000 0.1512
vn -0.9405 0.0323 0.3384
vn -0.9486 0.0145 0.3160
vn -0.8881 0.0014 0.4597
vn -0.8702 0.0203 0.4924
vn -0.8371 -0.0034 0.5471
vn -0.8382 -0.0042 0.5454
vn -0.8336 -0.0006 0.5523
vn -0.8364 0.0027 0.5481
vn -0.9442 0.0027 0.3293
vn -0.9604 -0.0267 0.2774
vn -0.9990 -0.0091 -0.0428
vn -0.9846 0.0003 0.1746
vn -0.8513 -0.0001 0.5247
vn -0.8523 -0.0022 0.5231
vn -0.8481 -0.0005 0.5299
vn -0.8520 0.0020 0.5235
vn -0.8481 0.0005 0.5298
vn -0.8195 0.0004 0.5731
vn -0.8191 0.0002 0.5737
vn -0.8182 -0.0001 0.5749
vn -0.8178 -0.0003 0.5755
vn -0.8340 0.0005 0.5518
vn -0.8377 0.0037 0.5461
vn -0.8727 -0.0248 0.4877
vn -0.8885 -0.0041 0.4588
vn -0.9551 0.0013 0.2964
vn -0.9754 0.0414 0.2165
vn -0.9347 -0.0020 0.3556
vn -0.9943 -0.0019 -0.1068
vn -0.9940 -0.0015 -0.1096
vn -0.9934 -0.0008 -0.1145
vn -0.9931 -0.0004 -0.1172
vn -0.9990 -0.0001 0.0451
vn -0.9990 -0.0001 0.0448
vn -0.9990 -0.0001 0.0446
vn -0.9990 -0.0000 0.0443
vn -0.9799 -0.0000 0.1993
vn -0.9333 -0.0146 0.3588
vn 0.4035 -0.0130 0.9149
vn 0.3857 0.0007 0.9226
vn 0.9325 -0.0000 0.3611
vn 0.9325 -0.0001 0.3612
vn 0.9327 0.0001 0.3606
vn 0.9331 -0.0000 0.3595
vn 0.9332 -0.0000 0.3594
vn -0.0000 -1.0000 -0.0000
vn 0.0014 -1.0000 -0.0000
vn 0.0008 -1.0000 -0.0000
vn 0.0009 -1.0000 -0.0000
vn 0.8205 -0.0006 0.5717
vn 0.8218 -0.0000 0.5698
vn 0.8172 -0.0023 0.5763
vn 0.8157 -0.0030 0.5785
vn 0.4685 0.0067 0.8834
vn -0.7267 0.0022 0.6870
vn -0.7429 -0.0022 0.6693
vn -0.4237 -0.0011 0.9058
vn -0.4249 -0.0016 0.9052
vn -0.4210 -0.0003 0.9071
vn -0.4195 -0.0000 0.9077
vn -0.0071 -0.0000 1.0000
vn -0.0068 -0.0000 1.0000
vn 0.8621 0.0051 -0.5067
vn 0.8615 0.0044 -0.5078
vn 0.8618 0.0052 -0.5072
vn 0.8617 0.0051 -0.5074
vn 0.8614 0.0038 -0.5080
vn 0.8826 0.0064 0.4701
vn 0.8828 0.0057 0.4697
vn 0.8818 0.0034 0.4716
vn 0.8826 0.0051 0.4701
vn 0.8818 0.0018 0.4717
vn -0.9983 0.0040 0.0580
vn -0.9987 0.0230 0.0461
vn -0.9968 0.0088 0.0795
vn -0.9953 0.0168 -0.0953
vn -0.9934 -0.0010 -0.1146
vn -0.9927 0.0019 -0.1206
vn -0.9928 0.0021 -0.1198
vn -0.9927 0.0028 -0.1205
vn -0.9973 -0.0045 -0.0733
vn -0.9990 0.0116 -0.0435
vn -0.9995 0.0015 -0.0320
vn -0.9999 0.0148 0.0010
vn -0.9999 0.0120 0.0033
vn -0.9999 0.0132 0.0024
vn -0.9999 0.0116 0.0038
vn 0.9807 -0.0021 -0.1957
vn 0.9833 0.0055 -0.1821
vn 0.9572 0.0096 -0.2893
vn 0.9641 0.0003 -0.2657
vn 0.9731 0.0094 -0.2301
vn -0.8816 0.0106 -0.4718
vn -0.8819 0.0080 -0.4714
vn -0.8813 0.0127 -0.4724
vn -0.8830 0.0058 -0.4694
vn -0.8834 0.0034 -0.4685
vn -0.2669 0.0033 0.9637
vn -0.2712 0.0089 0.9625
vn -0.2704 0.0108 0.9627
vn -0.2641 0.0005 0.9645
vn -0.2652 0.0021 0.9642
vn 0.5223 0.0010 0.8528
vn 0.5219 0.0016 0.8530
vn 0.5221 0.0011 0.8529
vn 0.5214 0.0024 0.8533
vn 0.0069 1.0000 -0.0052
vn 0.0145 0.9999 -0.0043
vn 0.0120 0.9999 -0.0068
vn 0.0053 1.0000 -0.0064
vn 0.0040 1.0000 0.0007
vn 0.0064 1.0000 0.0037
vn 0.0052 1.0000 -0.0038
vn 0.0062 0.9999 -0.0079
vn 0.0020 1.0000 -0.0069
vn 0.0042 1.0000 -0.0049
vn -0.0047 1.0000 -0.0045
vn -0.0017 1.0000 -0.0033
vn 0.0046 1.0000 0.0020
vn 0.0060 1.0000 0.0057
vn 0.0189 0.9994 0.0304
vn 0.0397 0.9987 0.0316
vn 0.0177 0.9995 0.0269
vn 0.0004 1.0000 0.0013
vn 0.0087 0.9999 0.0143
vn -0.0053 1.0000 -0.0027
vn -0.0041 1.0000 -0.0074
vn -0.0001 1.0000 -0.0080
vn 0.0012 1.0000 -0.0079
vn 0.0019 1.0000 -0.0079
vn -0.0194 0.9997 -0.0119
vn -0.0080 1.0000 -0.0056
vn -0.0055 1.0000 -0.0046
vn -0.0023 1.0000 -0.0030
vn -0.0060 1.0000 -0.0001
vn -0.0057 1.0000 0.0005
vn -0.0064 1.0000 0.0019
vn -0.0054 1.0000 -0.0013
vn -0.0054 1.0000 -0.0017
vn 0.0085 1.0000 0.0008
vn -0.0006 1.0000 -0.0045
vn -0.0044 1.0000 0.0010
vn 0.0010 1.0000 0.0033
vn -0.0002 1.0000 0.0022
vn -0.0000 1.0000 0.0028
vn -0.0008 1.0000 0.0018
vn -0.0065 1.0000 0.0004
vn -0.0251 0.9993 0.0264
vn -0.0109 0.9999 0.0028
vn -0.0109 0.9999 0.0032
vn -0.0090 1.0000 -0.0010
vn -0.0095 1.0000 -0.0015
vn -0.0078 1.0000 -0.0001
vn -0.0057 1.0000 -0.0019
vn -0.0058 1.0000 -0.0049
vn 0.0016 1.0000 0.0017
vn 0.0003 1.0000 0.0022
vn -0.0001 1.0000 0.0002
vn 0.0005 1.0000 0.0003
vn -0.0000 1.0000 0.0002
vn -0.0003 1.0000 0.0003
vn 0.0002 1.0000 -0.0000
vn 0.0001 1.0000 0.0002
vn 0.0010 1.0000 0.0004
vn 0.0018 1.0000 0.0008
vn -0.0022 1.0000 0.0021
vn -0.0001 1.0000 0.0017
vn -0.0027 1.0000 -0.0012
vn -0.0002 1.0000 -0.0037
vn -0.0004 1.0000 -0.0012
vn -0.0029 1.0000 -0.0051
vn -0.0027 1.0000 -0.0042
vn 0.8514 0.0028 -0.5244
vn 0.8512 0.0026 -0.5248
vn 0.8504 0.0018 -0.5262
vn 0.8501 0.0016 -0.5266
vn -0.8499 -0.0008 0.5270
vn -0.8503 -0.0003 0.5263
vn -0.8526 0.0018 0.5226
vn -0.8530 0.0022 0.5218
vn -0.9003 0.0010 0.4352
vn -0.9001 0.0008 0.4356
vn -0.9003 0.0010 0.4353
vn -0.9001 0.0008 0.4358
vn -0.9672 -0.0006 0.2541
vn -0.9674 -0.0004 0.2533
vn -0.9681 0.0005 0.2506
vn -0.9684 0.0009 0.2494
vn -0.9981 -0.0009 0.0617
vn -0.9982 -0.0006 0.0602
vn -0.9984 0.0005 0.0569
vn -0.9985 0.0010 0.0555
vn -0.9909 -0.0008 -0.1344
vn -0.9908 -0.0006 -0.1357
vn -0.9903 0.0004 -0.1390
vn -0.9901 0.0010 -0.1402
vn -0.9456 -0.0009 -0.3253
vn -0.9453 -0.0005 -0.3263
vn -0.9441 0.0006 -0.3295
vn -0.9438 0.0009 -0.3305
vn -0.8641 -0.0010 -0.5033
vn -0.8634 -0.0005 -0.5045
vn -0.8618 0.0006 -0.5073
vn -0.8612 0.0008 -0.5082
vn -0.7492 -0.0009 -0.6623
vn -0.7484 -0.0005 -0.6633
vn -0.7462 0.0005 -0.6658
vn -0.7453 0.0010 -0.6668
vn -0.6058 -0.0009 -0.7956
vn -0.6046 -0.0006 -0.7965
vn -0.6020 0.0005 -0.7985
vn -0.6010 0.0010 -0.7993
vn -0.4386 -0.0009 -0.8987
vn -0.4376 -0.0005 -0.8992
vn -0.4346 0.0006 -0.9006
vn -0.4334 0.0009 -0.9012
vn -0.2552 -0.0010 -0.9669
vn -0.2539 -0.0006 -0.9672
vn -0.2506 0.0005 -0.9681
vn -0.2491 0.0008 -0.9685
vn -0.0614 -0.0009 -0.9981
vn -0.0602 -0.0005 -0.9982
vn -0.0568 0.0006 -0.9984
vn -0.0555 0.0009 -0.9985
vn 0.1344 -0.0010 -0.9909
vn 0.1357 -0.0005 -0.9908
vn 0.1390 0.0005 -0.9903
vn 0.1402 0.0009 -0.9901
vn 0.3250 -0.0010 -0.9457
vn 0.3264 -0.0005 -0.9452
vn 0.3294 0.0005 -0.9442
vn 0.3304 0.0008 -0.9439
vn 0.5033 -0.0009 -0.8641
vn 0.5045 -0.0006 -0.8634
vn 0.5073 0.0004 -0.8618
vn 0.5083 0.0010 -0.8612
vn 0.6623 -0.0009 -0.7492
vn 0.6633 -0.0005 -0.7484
vn 0.6658 0.0005 -0.7461
vn 0.6668 0.0010 -0.7453
vn 0.7962 -0.0009 -0.6050
vn 0.8064 0.0044 -0.5913
vn -0.8516 -0.0014 0.5242
vn -0.8518 -0.0016 0.5239
vn -0.8526 -0.0009 0.5226
vn -0.8528 -0.0006 0.5222
vn -0.5212 0.0014 -0.8534
vn -0.5215 0.0015 -0.8532
vn -0.5236 -0.0006 -0.8519
vn -0.5237 -0.0010 -0.8519
vn 0.8515 -0.0018 -0.5244
vn 0.8523 -0.0013 -0.5230
vn 0.8548 0.0008 -0.5190
vn 0.8555 0.0015 -0.5178
vn -0.0062 0.9983 0.0580
vn -0.0000 1.0000 -0.0052
vn -0.0008 1.0000 -0.0096
vn 0.0001 1.0000 -0.0008
vn 0.0002 1.0000 -0.0009
vn 0.0009 1.0000 -0.0006
vn 0.0009 1.0000 -0.0004
vn -0.0000 1.0000 -0.0002
vn 0.0038 1.0000 -0.0011
vn 0.0006 1.0000 0.0007
vn 0.0060 1.0000 -0.0022
vn 0.0057 0.9998 -0.0197
vn -0.0077 0.9992 0.0401
vn -0.0060 0.9981 -0.0618
vn 0.0014 1.0000 -0.0009
vn 0.0059 0.9998 0.0200
vn -0.0114 0.9998 -0.0161
vn -0.0122 0.9998 -0.0154
vn -0.0109 0.9999 -0.0121
vn -0.0106 0.9999 -0.0110
vn -0.0018 1.0000 -0.0029
vn 0.0007 1.0000 0.0004
vn -0.0002 1.0000 -0.0008
vn -0.0009 1.0000 -0.0006
vn 0.0017 1.0000 0.0030
vn -0.0013 1.0000 0.0030
vn 0.0020 1.0000 0.0025
vn -0.0020 1.0000 0.0015
vn 0.0002 1.0000 0.0005
vn -0.0113 0.9970 -0.0770
vn -0.0002 0.9997 -0.0241
vn 0.0019 0.9998 0.0212
vn 0.0012 1.0000 0.0017
vn -0.0029 1.0000 0.0008
vn -0.0166 0.9998 -0.0063
vn -0.0041 1.0000 0.0007
vn 0.0211 0.9998 -0.0006
vn 0.0257 0.0281 0.9993
vn 0.0178 0.0417 0.9990
vn 0.8834 -0.0000 0.4687
vn 0.9997 -0.0000 -0.0260
vn 0.9997 -0.0000 -0.0257
vn 0.8578 -0.0000 -0.5140
vn -0.0259 0.0277 -0.9993
vn -0.0176 0.0420 -0.9990
vn -0.8834 -0.0000 -0.4687
vn -0.9997 -0.0000 0.0257
vn -0.9997 -0.0000 0.0260
vn -0.8580 -0.0000 0.5137
vn -0.2837 -0.0000 -0.9589
vn -0.2840 -0.0000 -0.9588
vn -0.7252 -0.0000 -0.6885
vn -0.9723 -0.0000 -0.2337
vn -0.9589 -0.0000 0.2837
vn -0.9590 -0.0000 0.2834
vn -0.6885 -0.0000 0.7252
vn -0.2339 -0.0000 0.9723
vn 0.2838 -0.0000 0.9589
vn 0.2837 -0.0000 0.9589
vn 0.2835 -0.0000 0.9590
vn 0.2832 -0.0000 0.9591
vn 0.7251 -0.0000 0.6887
vn 0.7252 -0.0000 0.6885
vn 0.9723 -0.0000 0.2339
vn 0.9589 -0.0000 -0.2838
vn 0.6885 -0.0000 -0.7252
vn 0.2337 -0.0000 -0.9723
vn -0.1972 -0.0000 0.9804
vn -0.6030 -0.0000 0.7977
vn -0.8894 -0.0000 0.4571
vn -0.9119 -0.0000 -0.4104
vn -0.6435 -0.0000 -0.7654
vn -0.2477 -0.0000 -0.9688
vn 0.1972 -0.0000 -0.9804
vn 0.6030 -0.0000 -0.7977
vn 0.8894 -0.0000 -0.4571
vn 0.9119 -0.0000 0.4104
vn 0.6435 -0.0000 0.7654
vn 0.2477 -0.0000 0.9688
vn -0.7251 -0.0000 -0.6886
vn -0.6886 -0.0000 0.7251
vn -0.2337 -0.0000 0.9723
vn 0.7251 -0.0000 0.6886
vn 0.9723 -0.0000 0.2337
vn 0.9589 -0.0000 -0.2837
vn 0.6886 -0.0000 -0.7251
vn -0.5217 0.6945 -0.4955
vn -0.5217 0.6946 -0.4954
vn -0.6994 0.6947 -0.1681
vn -0.6993 0.6948 -0.1681
vn -0.6993 0.6948 -0.1682
vn -0.6992 0.6948 -0.1682
vn -0.6896 0.6949 0.2041
vn -0.6896 0.6948 0.2041
vn -0.6897 0.6947 0.2041
vn -0.4955 0.6945 0.5217
vn -0.4954 0.6946 0.5217
vn -0.1681 0.6947 0.6994
vn -0.1681 0.6948 0.6993
vn -0.1682 0.6948 0.6993
vn -0.1682 0.6948 0.6992
vn 0.2040 0.6949 0.6896
vn 0.2041 0.6948 0.6896
vn 0.2042 0.6945 0.6899
vn 0.2041 0.6948 0.6897
vn 0.5217 0.6945 0.4955
vn 0.5217 0.6946 0.4954
vn 0.6994 0.6947 0.1681
vn 0.6993 0.6948 0.1681
vn 0.6993 0.6948 0.1682
vn 0.6992 0.6948 0.1682
vn 0.6896 0.6949 -0.2041
vn 0.6896 0.6948 -0.2041
vn 0.6897 0.6947 -0.2041
vn 0.4955 0.6945 -0.5217
vn 0.4954 0.6946 -0.5217
vn 0.1681 0.6947 -0.6994
vn 0.1681 0.6948 -0.6993
vn 0.1682 0.6948 -0.6993
vn 0.1682 0.6948 -0.6992
vn -0.2040 0.6949 -0.6896
vn -0.2041 0.6948 -0.6896
vn -0.2042 0.6945 -0.6899
vn -0.2041 0.6948 -0.6897
vn -0.9795 0.0072 0.2015
vn -0.9795 0.0072 0.2012
vn -0.9796 0.0072 0.2010
vn -0.9796 0.0073 0.2009
vn -0.7919 0.0068 0.6106
vn -0.7925 0.0069 0.6098
vn -0.7939 0.0072 0.6080
vn -0.7947 0.0073 0.6070
vn -0.4456 0.0068 0.8952
vn -0.4466 0.0070 0.8947
vn -0.4485 0.0072 0.8938
vn -0.4494 0.0072 0.8933
vn -0.0094 0.0068 0.9999
vn -0.0108 0.0070 0.9999
vn -0.0126 0.0072 0.9999
vn -0.0143 0.0073 0.9999
vn 0.4284 0.0068 0.9036
vn 0.4272 0.0070 0.9041
vn 0.4254 0.0072 0.9050
vn 0.4243 0.0073 0.9055
vn 0.7782 0.0068 0.6280
vn 0.7787 0.0067 0.6273
vn 0.7790 0.0067 0.6270
vn 0.7791 0.0065 0.6269
vn -0.9998 0.0112 -0.0193
vn -0.9998 0.0081 -0.0180
vn -0.9998 0.0105 -0.0190
vn -0.9998 0.0074 -0.0177
vn -0.2717 0.0072 -0.9624
vn -0.2715 0.0072 -0.9624
vn -0.2716 0.0072 -0.9624
vn -0.2714 0.0072 -0.9624
vn -0.7076 0.0067 -0.7066
vn -0.7067 0.0069 -0.7075
vn -0.7054 0.0071 -0.7087
vn -0.7046 0.0072 -0.7095
vn -0.9700 0.0066 -0.2432
vn -0.9618 0.0103 -0.2734
vn -0.0216 0.0149 -0.9997
vn -0.0279 0.0074 -0.9996
vn -0.0215 0.0144 -0.9997
vn -0.0284 0.0074 -0.9996
vn 0.9809 0.0076 0.1943
vn 0.9809 0.0071 0.1945
vn 0.9809 0.0072 0.1945
vn 0.9808 0.0072 0.1948
vn 0.9502 0.0067 -0.3117
vn 0.9506 0.0069 -0.3103
vn 0.9511 0.0071 -0.3087
vn 0.9514 0.0072 -0.3080
vn 0.6770 0.0067 -0.7360
vn 0.6778 0.0069 -0.7353
vn 0.6792 0.0071 -0.7339
vn 0.6798 0.0071 -0.7334
vn 0.2015 0.0066 -0.9795
vn 0.2664 0.0143 -0.9637
vn 0.9024 0.0068 0.4309
vn 0.9023 0.0070 0.4310
vn 0.9023 0.0072 0.4311
vn 0.9023 0.0073 0.4311
vn -0.0013 0.9998 -0.0216
vn -0.0002 1.0000 0.0009
vn -0.0004 1.0000 0.0027
vn 0.0001 1.0000 0.0017
vn 0.0017 1.0000 -0.0009
vn 0.0017 1.0000 0.0029
vn 0.0008 1.0000 0.0025
vn 0.0007 1.0000 0.0041
vn 0.0185 0.9998 -0.0061
vn 0.0018 0.9958 -0.0913
vn -0.0153 0.9954 -0.0949
vn 0.0168 0.9960 -0.0881
vn 0.0056 0.9959 -0.0899
vn 0.0074 0.9960 -0.0896
vn 0.0178 0.9960 -0.0879
vn 0.0109 0.9984 -0.0547
vn -0.0228 0.9967 -0.0781
vn -0.0029 0.9973 -0.0727
vn -0.0349 0.9939 -0.1045
vn -0.0150 0.9952 -0.0968
vn 0.0079 0.9986 -0.0531
vn -0.0092 0.9984 -0.0554
vn -0.0119 0.9984 -0.0555
vn -0.0021 0.9985 -0.0550
vn -0.0171 0.9980 -0.0605
vn -0.0008 0.9982 -0.0601
vn -0.0012 0.9982 -0.0601
vn 0.0013 0.9983 -0.0589
vn 0.0009 0.9983 -0.0587
vn -0.0046 0.9980 -0.0627
vn -0.0042 0.9981 -0.0614
vn -0.0041 0.9981 -0.0607
vn 0.0091 0.9989 -0.0458
vn -0.0149 0.9952 -0.0968
vn -0.0012 0.9985 -0.0550
vn 0.0563 0.9950 -0.0830
vn -0.0014 1.0000 0.0041
vn -0.0011 1.0000 0.0003
vn -0.0019 1.0000 0.0045
vn 0.0449 0.9950 0.0895
vn 0.0026 1.0000 -0.0003
vn 0.0065 1.0000 -0.0051
vn 0.0066 1.0000 -0.0073
vn -0.0079 0.9971 -0.0763
vn 0.0069 1.0000 -0.0007
vn 0.0068 1.0000 -0.0029
vn -0.0376 0.9966 0.0733
vn -0.0018 1.0000 0.0059
vn 0.9903 0.0090 0.1389
vn 0.9904 0.0097 0.1381
vn 0.9909 0.0062 0.1346
vn 0.9909 0.0056 0.1343
vn 0.9794 0.0005 0.2017
vn 0.9828 0.0101 0.1844
vn 0.9832 0.0078 0.1824
vn 0.9833 0.0076 0.1821
vn 0.9870 0.0014 0.1610
vn -0.9612 0.0051 0.2757
vn -0.9611 0.0057 0.2762
vn -0.9612 0.0050 0.2757
vn -0.9614 0.0045 0.2753
vn -0.9027 0.0023 -0.4303
vn -0.9022 0.0039 -0.4313
vn -0.9026 0.0026 -0.4305
vn -0.9022 0.0042 -0.4314
vn 0.0020 1.0000 0.0005
vn 0.0026 1.0000 0.0006
vn 0.0019 1.0000 0.0020
vn 0.0016 1.0000 -0.0001
vn -0.0117 0.9995 0.0280
vn 0.0161 0.9990 -0.0424
vn 0.0045 0.9998 -0.0188
vn 0.0011 1.0000 -0.0035
vn 0.0011 1.0000 -0.0042
vn 0.0005 1.0000 -0.0034
vn -0.0082 0.9999 0.0107
vn -0.0075 0.9994 0.0351
vn 0.9796 0.0097 0.2009
vn 0.9782 0.0034 0.2075
vn 0.9796 0.0089 0.2007
vn 0.9781 0.0034 0.2081
vn 0.7861 0.0079 0.6180
vn 0.7861 0.0082 0.6181
vn 0.7883 0.0038 0.6153
vn 0.7885 0.0038 0.6151
vn -0.9828 0.0046 -0.1845
vn -0.9828 0.0048 -0.1844
vn -0.9828 0.0045 -0.1845
vn -0.9839 0.0047 -0.1789
vn 0.9612 0.0041 -0.2757
vn 0.9613 0.0044 -0.2755
vn 0.9613 0.0044 -0.2754
vn 0.9614 0.0047 -0.2752
vn -0.0255 0.9981 0.0567
vn -0.0022 1.0000 0.0020
vn -0.0008 1.0000 -0.0009
vn -0.0001 1.0000 -0.0005
vn -0.0011 1.0000 0.0002
vn -0.0009 1.0000 -0.0000
vn -0.0019 1.0000 0.0010
vn -0.0013 0.9998 0.0173
vn 0.0253 0.9979 0.0603
vn 0.0364 0.9987 -0.0350
vn 0.0364 0.9987 -0.0351
vn 0.0130 0.9998 -0.0167
vn -0.0031 1.0000 0.0034
vn -0.0029 1.0000 0.0025
vn 0.9907 0.0090 0.1354
vn 0.9909 0.0070 0.1343
vn 0.9909 0.0079 0.1346
vn 0.9910 0.0070 0.1339
vn 0.9963 0.0046 0.0857
vn 0.9962 0.0050 0.0865
vn 0.9956 0.0084 0.0929
vn 0.9957 0.0100 0.0922
vn 0.9986 0.0192 0.0483
vn 0.9991 0.0106 0.0402
vn 0.9992 0.0114 0.0385
vn 0.9992 0.0096 0.0397
vn -0.8609 0.0054 0.5088
vn -0.8612 0.0044 0.5082
vn -0.8611 0.0046 0.5084
vn -0.8608 0.0058 0.5089
vn -0.9863 0.0048 -0.1650
vn -0.9862 0.0046 -0.1654
vn -0.9862 0.0045 -0.1656
vn -0.9861 0.0060 -0.1663
vn -0.7902 0.0064 -0.6129
vn -0.7875 0.0010 -0.6163
vn -0.7878 0.0013 -0.6159
vn -0.7902 0.0068 -0.6128
vn -0.0735 0.9774 -0.1983
vn 0.9453 0.0136 -0.3259
vn 0.9155 0.0042 -0.4024
vn 0.9943 0.0100 -0.1061
vn 0.9941 0.0102 -0.1081
vn 0.9948 0.0093 -0.1015
vn 0.9745 0.0173 0.2236
vn 0.9579 0.0071 0.2869
vn 0.9950 0.0089 -0.0993
vn 0.7280 0.0135 0.6854
vn 0.3203 0.0120 0.9472
vn 0.3591 0.0072 0.9333
vn 0.6805 0.0061 0.7327
vn -0.1978 0.0122 0.9802
vn 0.0281 0.0001 0.9996
vn -0.6599 0.0130 0.7513
vn -0.5972 0.0040 0.8021
vn -0.2826 0.0030 0.9592
vn -0.9391 0.0059 0.3435
vn -0.9654 0.0217 0.2599
vn -0.7954 0.0024 0.6060
vn -0.9313 0.0134 -0.3641
vn -0.8889 0.0008 -0.4580
vn -0.6427 0.0123 -0.7660
vn -0.5907 0.0035 -0.8069
vn -0.2411 0.0064 -0.9705
vn -0.2009 0.0117 -0.9795
vn 0.1015 0.0018 -0.9948
vn 0.3011 0.0149 -0.9535
vn 0.3998 0.0050 -0.9166
vn 0.6916 0.0100 -0.7222
vn 0.7019 0.0119 -0.7122
vn 0.9440 0.0250 0.3290
vn 0.9665 0.0103 0.2565
vn 0.0631 -0.0002 0.9980
vn 0.2581 0.0172 0.9660
vn 0.3545 0.0038 0.9350
vn 0.7065 0.0069 0.7077
vn 0.6375 0.0260 0.7701
vn 0.8793 0.0073 0.4761
vn -0.3031 0.0181 0.9528
vn -0.2580 0.0086 0.9661
vn -0.6184 0.0027 0.7858
vn -0.7110 0.0213 0.7029
vn -0.9397 0.0139 0.3417
vn -0.9682 0.0061 0.2500
vn -0.9992 0.0076 0.0398
vn -0.9999 0.0044 0.0149
vn -0.9444 0.0064 -0.3286
vn -0.9183 0.0146 -0.3957
vn -0.6435 0.0058 -0.7655
vn -0.6796 0.0124 -0.7334
vn -0.3817 0.0019 -0.9243
vn -0.2505 0.0118 -0.9680
vn -0.0935 0.0018 -0.9956
vn 0.1871 0.0118 -0.9823
vn 0.2624 0.0043 -0.9649
vn 0.5810 0.0077 -0.8139
vn 0.5655 0.0101 -0.8247
vn 0.8219 0.0031 -0.5696
vn 0.8734 0.0127 -0.4868
vn 0.9663 0.0035 -0.2575
vn 0.9978 0.0104 -0.0657
vn 0.9989 0.0084 -0.0457
vn 0.6460 0.0093 0.7633
vn 0.6609 0.0073 0.7504
vn -0.2696 0.0124 0.9629
vn 0.2367 -0.0020 0.9716
vn 0.0980 0.0205 0.9950
vn 0.3727 0.0021 0.9279
vn -0.2088 0.0039 0.9779
vn -0.5929 0.0062 0.8053
vn -0.5474 0.0131 0.8368
vn -0.8309 0.0029 0.5564
vn -0.8846 0.0120 0.4663
vn -0.9652 0.0022 0.2614
vn -0.9993 0.0100 0.0372
vn -0.9999 0.0051 -0.0134
vn 0.9050 0.0038 0.4254
vn 0.8643 0.0153 0.5028
vn 0.9999 0.0085 -0.0136
vn 0.9997 0.0074 -0.0217
vn 0.9998 0.0078 -0.0189
vn 0.9999 0.0089 -0.0108
vn -0.9326 0.0118 -0.3607
vn -0.8701 0.0004 -0.4928
vn -0.6662 0.0103 -0.7457
vn -0.5747 0.0010 -0.8184
vn -0.2771 0.0091 -0.9608
vn -0.2240 0.0044 -0.9746
vn 0.1339 0.0051 -0.9910
vn 0.1676 0.0082 -0.9858
vn 0.4625 0.0026 -0.8866
vn 0.5784 0.0101 -0.8157
vn 0.6963 0.0018 -0.7178
vn 0.8754 0.0094 -0.4834
vn 0.8999 0.0048 -0.4362
vn -0.9947 0.0072 0.1022
vn -0.9995 0.0022 0.0318
vn -0.9690 0.0045 -0.2469
vn -0.9683 0.0047 -0.2497
vn -0.9671 0.0050 -0.2544
vn -0.9664 0.0052 -0.2570
vn 0.9071 -0.0012 0.4210
vn 0.8594 0.0138 0.5111
vn 0.1813 0.0097 0.9834
vn 0.6546 -0.0033 0.7560
vn 0.5522 0.0135 0.8336
vn 0.2340 0.0035 0.9722
vn -0.1590 0.0060 0.9873
vn -0.1242 0.0096 0.9922
vn -0.5025 0.0017 0.8646
vn -0.5972 0.0087 0.8020
vn -0.7139 0.0014 0.7002
vn -0.8757 0.0097 0.4828
vn -0.9004 0.0054 0.4351
vn -0.8143 0.0034 -0.5804
vn -0.7803 0.0076 -0.6254
vn -0.5625 0.0018 -0.8268
vn -0.4065 0.0090 -0.9136
vn -0.2788 0.0019 -0.9604
vn 0.0441 0.0064 -0.9990
vn 0.0420 0.0066 -0.9991
vn 0.0473 0.0062 -0.9989
vn 0.0495 0.0060 -0.9988
vn 0.3950 0.0022 -0.9187
vn 0.4927 0.0082 -0.8702
vn 0.6448 0.0011 -0.7644
vn 0.8335 0.0085 -0.5525
vn 0.8837 0.0017 -0.4681
vn 0.9935 0.0073 -0.1137
vn 0.9960 0.0053 -0.0895
vn -0.9464 0.0073 -0.3228
vn -0.9524 0.0060 -0.3047
vn -1.0000 0.0021 -0.0015
vn -0.9958 0.0110 -0.0909
vn -0.6819 0.0215 -0.7311
vn -0.7675 0.0002 -0.6411
vn -0.4232 0.0109 -0.9060
vn -0.4208 0.0105 -0.9071
vn -0.4279 0.0116 -0.9038
vn -0.4303 0.0119 -0.9026
vn -0.0417 0.0064 -0.9991
vn 0.0123 0.0129 -0.9998
vn 0.2766 0.0023 -0.9610
vn 0.4353 0.0139 -0.9002
vn 0.5271 0.0047 -0.8498
vn 0.7775 0.0110 -0.6288
vn 0.8007 0.0058 -0.5990
vn 0.4207 0.0056 0.9072
vn 0.2947 -0.0014 0.9556
vn 0.1921 0.0053 0.9814
vn 0.0348 0.0005 0.9994
vn -0.0471 0.0055 0.9989
vn -0.2302 -0.0010 0.9732
vn -0.2847 0.0046 0.9586
vn -0.6799 0.0070 0.7332
vn -0.5328 -0.0084 0.8462
vn -0.6819 0.0289 0.7309
vn -0.5263 0.0026 0.8503
vn -0.9507 0.0088 0.3100
vn -0.8483 -0.0043 0.5294
vn -0.9075 0.0175 0.4196
vn -0.8108 0.0011 0.5853
vn 0.6101 0.0025 0.7923
vn 0.9029 0.0067 -0.4298
vn 0.8059 0.0015 -0.5921
vn 0.7902 0.0045 -0.6129
vn 1.0000 -0.0025 0.0019
vn 0.9767 0.0073 -0.2143
vn 0.9386 -0.0009 -0.3451
vn 0.9729 0.0036 0.2310
vn 0.9997 0.0016 -0.0262
vn 0.8959 0.0058 0.4441
vn 0.9644 0.0005 0.2644
vn 0.6418 -0.0010 0.7669
vn 0.7748 0.0061 0.6321
vn 0.8492 -0.0003 0.5281
vn 0.1167 0.8719 0.4756
vn -0.0011 0.9990 0.0447
vn -0.0679 0.9950 0.0733
vn -0.5136 0.1108 0.8508
vn -0.5791 0.4812 0.6581
vn -0.5750 0.4755 0.6658
vn -0.5779 0.4807 0.6595
vn -0.5484 0.4181 0.7242
vn -0.4046 0.5770 0.7094
vn -0.3510 0.7293 0.5873
vn -0.3398 0.6409 0.6883
vn -0.1612 0.7977 0.5811
vn -0.1568 0.8084 0.5674
vn -0.0178 0.8880 0.4595
vn -0.2050 0.9637 0.1713
vn 0.1067 0.8524 0.5119
vn -0.2020 0.8159 0.5417
vn -0.1836 0.8626 0.4714
vn -0.3436 0.7892 0.5091
vn -0.3814 0.7905 0.4793
vn 0.0508 0.9862 0.1575
vn -0.1286 0.9730 0.1917
vn -0.1260 0.9824 0.1379
vn -0.0777 0.9874 0.1378
vn -0.1435 0.9726 0.1829
vn -0.6871 0.2394 0.6860
vn -0.7001 0.1982 0.6860
vn -0.6211 0.4779 0.6211
vn -0.6212 0.4776 0.6213
vn -0.6209 0.4786 0.6208
vn -0.6208 0.4790 0.6206
vn -0.5345 0.6357 0.5570
vn -0.4134 0.7536 0.5111
vn -0.7427 0.6199 0.2534
vn -0.7963 0.5340 0.2844
vn -0.7658 0.5275 0.3678
vn -0.7696 0.5202 0.3703
vn -0.7671 0.5250 0.3687
vn -0.7709 0.5177 0.3711
vn -0.7291 0.4997 0.4677
vn -0.7122 0.5326 0.4572
vn -0.6623 0.5050 0.5535
vn -0.6424 0.5410 0.5428
vn -0.5824 0.5151 0.6289
vn -0.5928 0.4962 0.6343
vn -0.5434 0.4869 0.6839
vn -0.5183 0.5334 0.6685
vn -0.3715 0.7398 0.5610
vn -0.3723 0.7383 0.5624
vn -0.3709 0.7405 0.5605
vn -0.3707 0.7410 0.5599
vn -0.4903 0.6215 0.6110
vn -0.4896 0.6224 0.6106
vn -0.4915 0.6168 0.6148
vn -0.4919 0.6155 0.6158
vn -0.5745 0.4774 0.6649
vn -0.5752 0.4724 0.6678
vn -0.6415 0.2348 0.7303
vn -0.6284 0.1861 0.7553
vn -0.9296 0.1954 0.3126
vn -0.6970 0.1772 0.6948
vn -0.7052 0.1648 0.6896
vn -0.6540 0.3666 0.6618
vn -0.7485 0.1866 0.6363
vn -0.8288 0.1238 0.5457
vn -0.4472 0.8765 0.1784
vn -0.5013 0.8411 0.2029
vn -0.4721 0.8347 0.2836
vn -0.4677 0.8380 0.2811
vn -0.4704 0.8360 0.2826
vn -0.4661 0.8391 0.2803
vn -0.4280 0.8277 0.3630
vn -0.3682 0.8707 0.3261
vn -0.3562 0.8266 0.4357
vn -0.3085 0.8627 0.4008
vn -0.2976 0.8020 0.5179
vn -0.2239 0.8601 0.4584
vn -0.2166 0.8070 0.5493
vn -0.3223 0.7477 0.5806
vn -0.4417 0.8924 0.0922
vn -0.9437 0.2663 0.1965
vn -0.9525 0.2344 0.1944
vn -0.7633 0.6282 0.1507
vn -0.7200 0.6779 0.1486
vn -0.3861 0.9196 0.0730
vn -0.3958 0.9182 0.0177
vn -0.9626 0.2555 0.0896
vn -0.2958 0.9484 -0.1143
vn -0.7540 0.6558 -0.0366
vn -0.8194 0.5730 0.0148
vn -0.8194 0.5730 0.0153
vn -0.8195 0.5729 0.0149
vn -0.9751 0.2045 0.0860
vn -0.4507 0.8714 -0.1935
vn -0.2194 0.9601 -0.1737
vn -0.1583 0.9809 -0.1126
vn -0.1230 0.9885 -0.0883
vn -0.1208 0.9889 -0.0866
vn -0.1155 0.9899 -0.0824
vn -0.1958 0.9757 -0.0983
vn -0.0425 0.9971 -0.0627
vn -0.0741 0.9948 -0.0705
vn -0.1374 0.9869 -0.0847
vn -0.0411 0.9961 -0.0780
vn -0.0910 0.9939 -0.0616
vn -0.2473 0.9631 -0.1066
vn -0.2488 0.9621 -0.1114
vn -0.4987 0.8533 -0.1524
vn -0.9543 0.2270 -0.1944
vn -0.9646 0.1759 -0.1967
vn -0.9576 0.1932 -0.2135
vn -0.9593 0.1852 -0.2132
vn -0.9583 0.1901 -0.2134
vn -0.9599 0.1820 -0.2131
vn -0.9607 0.2025 -0.1899
vn -0.9801 0.1272 -0.1527
vn -0.9580 0.2596 -0.1222
vn -0.5216 0.8385 -0.1578
vn -0.5218 0.8383 -0.1579
vn -0.5227 0.8378 -0.1580
vn -0.5144 0.8448 -0.1475
vn -0.5442 0.8248 -0.1535
vn -0.5526 0.8215 -0.1408
vn -0.5465 0.8257 -0.1399
vn -0.5491 0.8239 -0.1403
vn -0.5550 0.8198 -0.1412
vn -0.4835 0.8694 -0.1018
vn -0.5531 0.8260 -0.1084
vn -0.8391 0.5076 -0.1955
vn -0.7819 0.5912 -0.1976
vn -0.8078 0.5538 -0.2020
vn -0.8151 0.5483 -0.1869
vn -0.8432 0.5023 -0.1919
vn -0.8427 0.5146 -0.1584
vn -0.8170 0.5554 -0.1548
vn -0.8294 0.5487 -0.1051
vn -0.8477 0.5197 -0.1062
vn -0.9929 0.0948 -0.0722
vn -0.9903 0.1365 -0.0242
vn -0.8327 0.5517 -0.0463
vn -0.8451 0.5325 -0.0473
vn -0.5247 0.8484 -0.0705
vn -0.4198 0.9056 -0.0611
vn -0.9791 0.1965 0.0518
vn -0.9785 0.1995 0.0518
vn -0.9772 0.2058 0.0518
vn -0.9766 0.2089 0.0518
vn -0.8197 0.5726 0.0144
vn -0.8309 0.5562 0.0148
vn -0.5762 0.8171 -0.0203
vn -0.5178 0.8552 -0.0215
vn -0.2274 0.9720 -0.0597
vn -0.7788 0.6096 -0.1481
vn -0.5440 0.8278 -0.1371
vn -0.3022 0.9475 -0.1049
vn -0.9378 0.3211 -0.1319
vn 0.2519 0.1101 -0.9615
vn -0.2899 0.9499 -0.1168
vn -0.3131 0.9421 -0.1198
vn -0.6615 0.7350 -0.1493
vn -0.7027 0.6972 -0.1423
vn -0.7494 0.6456 -0.1470
vn -0.7506 0.6444 -0.1464
vn -0.7498 0.6451 -0.1471
vn -0.7508 0.6441 -0.1461
vn -0.9430 0.3026 -0.1385
vn -0.9546 0.2656 -0.1349
vn -0.9565 0.2451 -0.1584
vn -0.9672 0.1972 -0.1601
vn 0.3207 0.8789 0.3531
vn 0.5702 0.8213 -0.0196
vn 0.6320 0.7739 0.0410
vn 0.4642 0.8607 0.2090
vn 0.9559 0.1613 -0.2455
vn 0.9132 0.2778 -0.2980
vn 0.2713 0.9569 0.1039
vn 0.1866 0.9769 0.1038
vn 0.4133 0.9092 0.0509
vn 0.2910 0.9444 0.1531
vn 0.4147 0.8837 0.2169
vn 0.0633 0.9657 0.2520
vn 0.3822 0.9077 0.1732
vn 0.6390 0.7658 0.0722
vn 0.4304 0.8283 0.3587
vn 0.3030 0.9411 0.1501
vn 0.4057 0.8946 0.1874
vn 0.5614 0.8269 0.0315
vn 0.5094 0.8605 0.0072
vn 0.9399 0.1947 -0.2806
vn 0.8438 0.4739 -0.2518
vn 0.8271 0.5094 -0.2376
vn 0.7470 0.6314 -0.2083
vn 0.8086 0.5608 -0.1779
vn 0.9617 0.1356 -0.2384
vn 0.9888 0.1111 -0.0997
vn 0.9665 0.2410 -0.0889
vn 0.9826 0.1317 -0.1312
vn 0.9741 0.2227 0.0402
vn 0.7769 0.6291 0.0252
vn 0.7778 0.6281 0.0218
vn 0.7778 0.6281 0.0205
vn 0.8569 0.5151 0.0177
vn 0.8657 0.5004 0.0141
vn 0.8323 0.5542 0.0091
vn 0.8714 0.4906 -0.0053
vn 0.8616 0.5076 -0.0044
vn 0.8782 0.4780 -0.0194
vn 0.8504 0.5261 0.0027
vn 0.8029 0.5960 -0.0107
vn 0.8720 0.4718 -0.1302
vn 0.9385 0.2993 -0.1720
vn 0.9868 0.1619 -0.0014
vn 0.9764 0.2110 -0.0450
vn 0.9721 0.2308 -0.0413
vn 0.3522 0.9359 0.0085
vn 0.5077 0.8615 0.0031
vn 0.5537 0.8324 0.0241
vn 0.4660 0.8834 0.0489
vn 0.5025 0.8635 0.0437
vn 0.6259 0.7783 0.0499
vn 0.5725 0.8155 0.0850
vn 0.5779 0.8118 0.0832
vn 0.5739 0.8145 0.0846
vn 0.5787 0.8113 0.0828
vn 0.5972 0.7910 0.1328
vn 0.6917 0.7211 0.0399
vn 0.6795 0.7233 -0.1229
vn 0.6719 0.7321 -0.1123
vn 0.6638 0.7350 -0.1387
vn 0.6507 0.7507 -0.1138
vn 0.6830 0.7289 -0.0482
vn 0.7718 0.6146 -0.1631
vn 0.7812 0.5830 -0.2230
vn 0.8624 0.4579 -0.2159
vn 0.9014 0.3217 -0.2897
vn 0.4347 0.8982 -0.0650
vn 0.0793 0.9942 -0.0721
vn 0.0693 0.9963 -0.0518
vn 0.1300 0.9887 -0.0743
vn 0.2739 0.9610 -0.0367
vn 0.0227 0.9986 -0.0482
vn 0.1910 0.9810 -0.0345
vn 0.1458 0.9883 -0.0452
vn 0.1683 0.9845 -0.0500
vn 0.4943 0.8693 0.0053
vn 0.1276 0.9902 -0.0571
vn 0.9708 0.1957 0.1388
vn 0.9695 0.2024 0.1380
vn 0.9701 0.1995 0.1384
vn 0.9713 0.1926 0.1392
vn 0.9669 0.1928 0.1671
vn 0.9655 0.2004 0.1663
vn 0.9660 0.1976 0.1666
vn 0.9675 0.1896 0.1675
vn 0.9591 0.2454 0.1412
vn 0.1685 0.9839 -0.0590
vn 0.0812 0.9950 -0.0582
vn 0.9761 0.1592 0.1478
vn 0.9628 0.2486 0.1056
vn 0.4729 0.8810 -0.0115
vn 0.5293 0.8485 -0.0013
vn 0.5259 0.8506 0.0006
vn 0.5282 0.8491 -0.0006
vn 0.5246 0.8513 0.0006
vn 0.5471 0.8370 0.0057
vn 0.5684 0.8223 0.0291
vn 0.5631 0.8259 0.0274
vn 0.5652 0.8245 0.0281
vn 0.5699 0.8212 0.0295
vn 0.4538 0.8909 0.0187
vn 0.5636 0.8241 0.0566
vn 0.5313 0.8458 0.0484
vn 0.5215 0.8527 0.0297
vn 0.4260 0.9047 0.0052
vn 0.9684 0.2413 0.0628
vn 0.8230 0.5605 0.0928
vn 0.8233 0.5600 0.0929
vn 0.8232 0.5601 0.0928
vn 0.8228 0.5606 0.0928
vn 0.8218 0.5573 0.1190
vn 0.8216 0.5575 0.1189
vn 0.8216 0.5576 0.1190
vn 0.8220 0.5569 0.1191
vn 0.8198 0.5651 0.0922
vn 0.8146 0.5729 0.0903
vn 0.8165 0.5701 0.0910
vn 0.8220 0.5618 0.0929
vn 0.8299 0.5546 0.0609
vn 0.8431 0.5338 0.0657
vn 0.8531 0.5199 0.0448
vn 0.7756 0.6308 0.0254
vn 0.2229 -0.0015 0.9748
vn 0.2203 -0.0009 0.9754
vn 0.2151 0.0005 0.9766
vn 0.2126 0.0013 0.9771
vn 0.4293 -0.0011 0.9031
vn 0.4277 -0.0005 0.9039
vn 0.4241 0.0005 0.9056
vn 0.4227 0.0010 0.9063
vn 0.6155 -0.0010 0.7881
vn 0.6139 -0.0005 0.7894
vn 0.6107 0.0006 0.7919
vn 0.6096 0.0010 0.7927
vn 0.7721 -0.0010 0.6355
vn 0.7708 -0.0006 0.6371
vn 0.7683 0.0005 0.6401
vn 0.7672 0.0010 0.6414
vn 0.9277 -0.0010 0.3732
vn 0.9186 0.0010 0.3952
vn 1.0000 -0.0010 0.0049
vn 0.9997 0.0007 0.0254
vn 0.9324 -0.0012 -0.3614
vn 0.9329 -0.0010 -0.3601
vn 0.9337 -0.0008 -0.3580
vn 0.9341 -0.0007 -0.3569
vn 0.7208 -0.0001 -0.6932
vn 0.7339 0.0016 -0.6792
vn 0.3945 -0.0007 -0.9189
vn 0.4544 0.0046 -0.8908
vn 0.0572 0.0036 -0.9984
vn 0.0177 0.0004 -0.9998
vn -0.3460 -0.0013 -0.9382
vn -0.3272 0.0005 -0.9450
vn -0.7100 0.0011 -0.7042
vn -0.7120 0.0008 -0.7022
vn -0.7164 0.0001 -0.6977
vn -0.7188 -0.0002 -0.6952
vn -0.9592 0.0052 -0.2825
vn -0.9828 -0.0052 -0.1844
vn -0.9562 0.0002 0.2926
vn -0.9553 -0.0002 0.2958
vn -0.9535 -0.0008 0.3013
vn -0.9526 -0.0009 0.3042
vn -0.7343 -0.0016 0.6788
vn -0.7684 0.0026 0.6400
vn -0.4292 -0.0001 0.9032
vn -0.4261 -0.0004 0.9047
vn -0.4219 -0.0008 0.9066
vn -0.4192 -0.0011 0.9079
vn -0.0652 -0.0024 0.9979
vn -0.0938 -0.0000 0.9956
vn -0.2839 -0.0000 -0.9589
vn -0.2839 -0.0000 -0.9588
vn -0.9723 -0.0000 -0.2339
vn -0.9589 -0.0000 0.2839
vn 0.2839 -0.0000 0.9589
vn 0.9589 -0.0000 -0.2839
vn 0.6887 -0.0000 -0.7251
vn -0.2838 -0.0000 -0.9589
vn -0.2834 -0.0000 -0.9590
vn -0.6889 -0.0000 0.7249
vn 0.2840 -0.0000 0.9588
vn 0.7249 -0.0000 0.6888
vn 0.9588 -0.0000 -0.2840
vn -0.7249 -0.0000 -0.6889
vn -0.9588 -0.0000 0.2840
vn 0.1389 -0.9630 0.2309
vn 0.0508 -0.9648 0.2580
vn 0.0235 -0.9834 0.1802
vn 0.0858 -0.9794 0.1826
vn 0.1090 -0.9761 0.1883
vn 0.1006 -0.9775 0.1854
vn 0.1013 -0.9774 0.1855
vn 0.1092 -0.9760 0.1886
vn 0.1287 -0.9713 0.2000
vn 0.1157 -0.9749 0.1900
vn 0.1174 -0.9749 0.1890
vn 0.1246 -0.9744 0.1870
vn 0.1266 -0.9742 0.1870
vn 0.0488 -0.9911 0.1236
vn 0.0814 -0.9945 0.0666
vn 0.0875 -0.9941 0.0643
vn 0.0852 -0.9942 0.0651
vn 0.0443 -0.9965 0.0705
vn 0.0534 -0.9961 0.0702
vn 0.0524 -0.9961 0.0703
vn 0.0435 -0.9966 0.0702
vn -0.0108 -0.9980 0.0630
vn 0.0302 -0.9969 0.0721
vn 0.0857 -0.9882 0.1266
vn 0.0794 -0.9946 0.0674
vn 0.2711 -0.8540 0.4441
vn 0.2407 -0.8751 0.4198
vn 0.2589 -0.8692 0.4213
vn 0.2733 -0.8508 0.4487
vn 0.2751 -0.8595 0.4308
vn 0.2910 -0.8551 0.4291
vn 0.3038 -0.8614 0.4070
vn -0.0016 -0.9999 -0.0130
vn -0.0006 -1.0000 -0.0085
vn -0.0026 -0.9999 -0.0101
vn -0.0074 -1.0000 -0.0030
vn -0.0068 -1.0000 0.0042
vn -0.0083 -1.0000 -0.0006
vn -0.0068 -1.0000 0.0024
vn -0.0109 -0.9999 0.0011
vn -0.0011 -1.0000 0.0004
vn -0.0060 -1.0000 -0.0025
vn -0.0051 -1.0000 -0.0021
vn -0.0050 -1.0000 0.0012
vn -0.0064 -1.0000 0.0032
vn -0.0069 -1.0000 0.0032
vn -0.0067 -1.0000 0.0072
vn 0.0033 -1.0000 -0.0009
vn -0.0015 -1.0000 -0.0004
vn 0.0004 -1.0000 0.0010
vn 0.0054 -1.0000 0.0029
vn 0.0021 -0.9999 0.0103
vn 0.0076 -0.9999 0.0094
vn -0.0165 -0.9998 0.0089
vn -0.0088 -0.9999 0.0104
vn -0.0130 -0.9999 0.0099
vn -0.0038 -1.0000 0.0007
vn -0.0038 -1.0000 -0.0000
vn -0.0036 -1.0000 0.0047
vn -0.0172 -0.9998 0.0102
vn 0.0123 -0.9999 0.0053
vn 0.0044 -1.0000 0.0021
vn -0.0027 -1.0000 0.0002
vn 0.0170 -0.9998 -0.0122
vn -0.0042 -1.0000 -0.0050
vn 0.0172 -0.9999 0.0022
vn 0.0150 -0.9999 0.0017
vn 0.0004 -1.0000 -0.0001
vn 0.0003 -1.0000 0.0001
vn 0.0064 -1.0000 0.0021
vn 0.0090 -1.0000 0.0030
vn -0.0067 -1.0000 -0.0011
vn -0.0057 -1.0000 -0.0008
vn 0.0001 -1.0000 0.0001
vn 0.0058 -1.0000 0.0009
vn -0.0000 -1.0000 0.0001
vn 0.0002 -1.0000 -0.0000
vn 0.0036 -1.0000 0.0069
vn 0.0069 -1.0000 0.0037
vn 0.0069 -1.0000 0.0040
vn 0.0043 -1.0000 0.0068
vn 0.0042 -1.0000 0.0064
vn 0.0036 -1.0000 0.0055
vn 0.0008 -1.0000 0.0059
vn -0.0004 -1.0000 0.0067
vn -0.0025 -1.0000 0.0069
vn -0.0032 -1.0000 0.0064
vn -0.0000 -1.0000 0.0076
vn -0.0073 -1.0000 -0.0025
vn -0.0107 -0.9999 0.0036
vn 0.0032 -1.0000 -0.0015
vn 0.0097 -1.0000 -0.0009
vn 0.0056 -1.0000 -0.0015
vn 0.0046 -1.0000 -0.0001
vn 0.0063 -1.0000 -0.0007
vn 0.0033 -1.0000 -0.0012
vn 0.0043 -1.0000 -0.0013
vn 0.0033 -1.0000 -0.0034
vn 0.0037 -1.0000 -0.0026
vn 0.0034 -1.0000 -0.0017
vn 0.0022 -1.0000 -0.0019
vn 0.0020 -1.0000 0.0013
vn 0.0015 -0.9999 -0.0128
vn 0.0019 -1.0000 -0.0075
vn 0.0057 -1.0000 -0.0075
vn -0.0152 -0.9999 0.0058
vn -0.9813 -0.0040 0.1924
vn -0.9786 -0.0000 0.2060
vn 0.8878 -0.0053 -0.4602
vn 0.8873 -0.0055 -0.4611
vn 0.8863 -0.0061 -0.4631
vn 0.8858 -0.0065 -0.4640
vn 0.8562 -0.0015 -0.5167
vn 0.8557 -0.0018 -0.5175
vn 0.8532 -0.0046 -0.5215
vn 0.8529 -0.0053 -0.5220
vn 0.8024 -0.0014 -0.5968
vn 0.8020 -0.0018 -0.5973
vn 0.8002 -0.0033 -0.5997
vn 0.7998 -0.0036 -0.6003
vn 0.7455 -0.0036 -0.6665
vn 0.7461 -0.0032 -0.6658
vn 0.7481 -0.0018 -0.6636
vn 0.7486 -0.0013 -0.6631
vn 0.9024 -0.0152 0.4307
vn 0.9019 0.0087 0.4319
vn 0.9035 0.0001 0.4285
vn 0.9027 -0.0044 0.4302
vn 0.9028 0.0007 0.4300
vn 0.9025 -0.0012 0.4307
vn 0.9033 -0.0055 0.4290
vn 0.9038 -0.0034 0.4280
vn 0.9041 -0.0035 0.4272
vn 0.8893 -0.0085 0.4572
vn -0.9998 0.0154 -0.0111
vn 0.9992 -0.0125 -0.0368
vn 0.9986 0.0150 0.0513
vn -0.8889 -0.0000 0.4581
vn -0.9297 0.0494 0.3649
vn -0.9984 -0.0000 0.0560
vn -0.7665 -0.0000 0.6422
vn -0.6562 0.0265 0.7541
vn -0.6667 0.0152 0.7452
vn -0.3519 -0.0097 0.9360
vn -0.2599 0.0462 0.9645
vn 0.2946 -0.0080 0.9556
vn 0.2021 0.0461 0.9783
vn 0.0608 -0.0000 0.9982
vn -0.1156 -0.0000 0.9933
vn 0.6052 0.0132 0.7959
vn 0.6212 0.0293 0.7831
vn 0.8477 -0.0115 0.5303
vn 0.9064 0.0495 0.4195
vn 0.9937 -0.0000 0.1117
vn 0.9926 -0.0107 -0.1205
vn 0.9935 -0.0030 -0.1134
vn 0.9936 -0.0026 -0.1132
vn 0.9910 -0.0034 -0.1340
vn 0.9885 -0.0291 -0.1483
vn 0.9879 -0.0119 -0.1546
vn -0.0016 1.0000 -0.0000
vn -0.0003 1.0000 -0.0000
vn -0.0027 1.0000 -0.0000
vn 0.8635 -0.0054 -0.5044
vn 0.8638 -0.0052 -0.5038
vn 0.8631 -0.0047 -0.5050
vn 0.8617 -0.0043 -0.5074
vn 0.8611 -0.0065 -0.5084
vn 0.8834 -0.0105 0.4686
vn 0.8830 -0.0073 0.4692
vn 0.8831 -0.0081 0.4691
vn 0.8821 -0.0030 0.4711
vn 0.8818 -0.0021 0.4716
vn -0.9983 -0.0115 -0.0571
vn -0.9933 -0.0020 -0.1151
vn -0.9928 0.0046 -0.1194
vn -0.9929 0.0042 -0.1191
vn -0.9928 0.0054 -0.1200
vn -0.9953 -0.0162 -0.0953
vn -0.9973 0.0007 -0.0738
vn -0.9995 0.0059 -0.0313
vn -0.9998 -0.0178 0.0044
vn -0.9998 -0.0171 0.0045
vn -0.9999 -0.0168 0.0040
vn -0.9999 -0.0126 0.0012
vn -0.9989 -0.0053 0.0458
vn -0.9982 -0.0167 0.0582
vn -0.9968 -0.0086 0.0793
vn 0.9605 -0.0048 -0.2781
vn 0.9633 -0.0010 -0.2683
vn 0.9628 -0.0018 -0.2702
vn 0.9598 -0.0058 -0.2806
vn 0.9805 -0.0056 -0.1966
vn 0.9806 -0.0051 -0.1960
vn 0.9807 -0.0047 -0.1954
vn 0.9807 -0.0046 -0.1955
vn 0.9750 -0.0118 -0.2219
vn -0.8830 -0.0091 -0.4692
vn -0.8825 -0.0074 -0.4703
vn -0.8829 -0.0082 -0.4695
vn -0.8822 -0.0076 -0.4708
vn -0.8851 -0.0033 -0.4653
vn -0.8855 -0.0027 -0.4647
vn -0.2746 0.0027 0.9615
vn -0.2806 -0.0008 0.9598
vn -0.2780 0.0007 0.9606
vn -0.2815 -0.0014 0.9596
vn -0.2964 -0.0295 0.9546
vn 0.5226 -0.0038 0.8526
vn 0.5208 -0.0011 0.8537
vn 0.5224 -0.0035 0.8527
vn 0.5206 -0.0008 0.8538
vn -0.0071 -0.9998 -0.0162
vn -0.0074 -1.0000 -0.0062
vn -0.0064 -0.9998 -0.0161
vn -0.0065 -1.0000 -0.0014
vn -0.0078 -1.0000 0.0001
vn -0.0057 -1.0000 -0.0043
vn -0.0063 -1.0000 -0.0020
vn -0.0068 -1.0000 0.0015
vn -0.0056 -1.0000 -0.0007
vn -0.0035 -1.0000 0.0019
vn -0.0002 -1.0000 0.0047
vn 0.0022 -1.0000 0.0002
vn -0.0033 -1.0000 -0.0026
vn 0.0028 -1.0000 0.0004
vn -0.0000 -1.0000 -0.0003
vn -0.0021 -1.0000 -0.0027
vn -0.0050 -1.0000 -0.0035
vn -0.0010 -1.0000 0.0022
vn -0.0004 -1.0000 0.0025
vn 0.0010 -1.0000 0.0033
vn 0.0250 -0.9989 0.0400
vn -0.0001 -1.0000 -0.0035
vn -0.0063 -1.0000 -0.0052
vn 0.0009 -1.0000 -0.0036
vn 0.0116 -0.9999 -0.0081
vn 0.0122 -0.9999 -0.0079
vn 0.0095 -0.9999 -0.0089
vn 0.0087 -0.9999 -0.0092
vn 0.0444 -0.9989 -0.0131
vn 0.0061 -1.0000 0.0010
vn 0.0078 -0.9999 -0.0069
vn 0.0062 -1.0000 0.0007
vn 0.0060 -1.0000 0.0014
vn 0.0080 -0.9999 0.0076
vn -0.0018 -1.0000 -0.0035
vn -0.0030 -1.0000 -0.0026
vn -0.0018 -1.0000 0.0004
vn -0.0102 -0.9999 0.0002
vn -0.0068 -1.0000 -0.0040
vn -0.0000 -1.0000 -0.0086
vn 0.0011 -1.0000 -0.0065
vn 0.0004 -1.0000 -0.0002
vn 0.0002 -1.0000 0.0001
vn 0.0001 -1.0000 0.0002
vn 0.0001 -1.0000 0.0006
vn -0.0002 -1.0000 0.0002
vn 0.0002 -1.0000 -0.0001
vn 0.0004 -1.0000 0.0009
vn -0.0047 -1.0000 -0.0007
vn -0.0058 -1.0000 -0.0012
vn -0.0321 -0.9992 -0.0249
vn -0.0044 -0.9999 -0.0120
vn -0.0078 -1.0000 -0.0024
vn 0.0093 -0.9998 0.0150
vn 0.0004 -1.0000 0.0013
vn 0.0188 -0.9994 0.0286
vn 0.0105 -0.9999 -0.0130
vn 0.0089 -0.9999 -0.0129
vn 0.0039 -0.9999 -0.0123
vn 0.0028 -0.9999 -0.0120
vn -0.0001 -1.0000 -0.0004
vn 0.0184 -0.9998 -0.0050
vn -0.0428 -0.9985 0.0334
vn 0.0003 -1.0000 -0.0003
vn -0.0001 -1.0000 -0.0006
vn 0.0011 -1.0000 0.0012
vn -0.0003 -1.0000 -0.0000
vn 0.0016 -1.0000 -0.0017
vn 0.0027 -0.9992 0.0400
vn 0.0010 -1.0000 0.0025
vn 0.0003 -1.0000 0.0039
vn 0.0033 -1.0000 -0.0024
vn -0.0131 -0.9994 -0.0317
vn -0.0134 -0.9994 -0.0322
vn -0.0137 -0.9994 -0.0329
vn -0.0084 -1.0000 -0.0046
vn -0.0076 -1.0000 -0.0026
vn -0.0056 -1.0000 -0.0045
vn -0.0025 -1.0000 0.0022
vn -0.0036 -1.0000 0.0004
vn 0.0014 -1.0000 0.0026
vn -0.0018 -1.0000 -0.0014
vn -0.0045 -1.0000 -0.0057
vn -0.0050 -1.0000 -0.0062
vn 0.0064 -1.0000 0.0039
vn 0.0018 -1.0000 0.0030
vn -0.0031 -1.0000 -0.0026
vn 0.0134 -0.9964 -0.0836
vn -0.0051 -1.0000 -0.0072
vn -0.0013 -1.0000 -0.0019
vn 0.0027 -0.9997 0.0261
vn 0.0070 -1.0000 0.0056
vn 0.0031 -1.0000 0.0054
vn 0.0300 -0.9995 0.0054
vn 0.0102 -0.9999 0.0050
vn 0.0257 -0.0277 0.9993
vn 0.0340 -0.0419 0.9985
vn -0.0259 -0.0281 -0.9993
vn -0.0340 -0.0419 -0.9985
vn 0.4954 -0.6945 -0.5217
vn 0.4953 -0.6947 -0.5216
vn 0.4954 -0.6945 -0.5218
vn 0.6900 -0.6944 -0.2042
vn 0.6897 -0.6947 -0.2041
vn 0.6896 -0.6948 -0.2041
vn 0.6896 -0.6949 -0.2041
vn 0.6992 -0.6949 0.1681
vn 0.6993 -0.6948 0.1681
vn 0.6994 -0.6947 0.1681
vn 0.5216 -0.6947 0.4953
vn 0.5216 -0.6946 0.4954
vn 0.5218 -0.6945 0.4955
vn 0.2042 -0.6944 0.6900
vn 0.2042 -0.6945 0.6899
vn 0.2041 -0.6948 0.6896
vn 0.2041 -0.6949 0.6896
vn -0.1681 -0.6949 0.6992
vn -0.1681 -0.6948 0.6993
vn -0.1682 -0.6947 0.6994
vn -0.1683 -0.6944 0.6996
vn -0.4954 -0.6945 0.5217
vn -0.4953 -0.6947 0.5216
vn -0.4954 -0.6945 0.5218
vn -0.6900 -0.6944 0.2042
vn -0.6897 -0.6947 0.2041
vn -0.6896 -0.6948 0.2041
vn -0.6896 -0.6949 0.2041
vn -0.6992 -0.6949 -0.1681
vn -0.6993 -0.6948 -0.1681
vn -0.6994 -0.6947 -0.1681
vn -0.5216 -0.6947 -0.4953
vn -0.5216 -0.6946 -0.4954
vn -0.5218 -0.6945 -0.4955
vn -0.2042 -0.6944 -0.6900
vn -0.2042 -0.6945 -0.6899
vn -0.2041 -0.6948 -0.6896
vn -0.2041 -0.6949 -0.6896
vn 0.1681 -0.6949 -0.6992
vn 0.1681 -0.6948 -0.6993
vn 0.1682 -0.6947 -0.6994
vn 0.1683 -0.6944 -0.6996
vn 0.7867 -0.0072 0.6173
vn 0.7866 -0.0073 0.6174
vn 0.7868 -0.0073 0.6172
vn 0.7869 -0.0072 0.6170
vn 0.4362 -0.0068 0.8998
vn 0.4371 -0.0070 0.8994
vn 0.4393 -0.0073 0.8983
vn 0.4402 -0.0073 0.8979
vn -0.0011 -0.0067 1.0000
vn 0.0005 -0.0070 1.0000
vn 0.0022 -0.0072 1.0000
vn 0.0035 -0.0073 1.0000
vn -0.4381 -0.0067 0.8989
vn -0.4366 -0.0070 0.8996
vn -0.4350 -0.0072 0.9004
vn -0.4335 -0.0073 0.9011
vn -0.7869 -0.0068 0.6171
vn -0.7860 -0.0069 0.6181
vn -0.7847 -0.0071 0.6198
vn -0.7842 -0.0073 0.6205
vn -0.9767 -0.0068 0.2143
vn -0.9768 -0.0067 0.2140
vn -0.9769 -0.0067 0.2135
vn -0.9770 -0.0066 0.2130
vn -0.9998 -0.0068 -0.0171
vn -0.9998 -0.0074 -0.0169
vn -0.9998 -0.0072 -0.0170
vn -0.9646 -0.0072 -0.2635
vn -0.9648 -0.0073 -0.2631
vn -0.9647 -0.0072 -0.2633
vn -0.9648 -0.0073 -0.2630
vn -0.7126 -0.0068 -0.7015
vn -0.7135 -0.0068 -0.7006
vn -0.7147 -0.0070 -0.6994
vn -0.7153 -0.0072 -0.6987
vn -0.2515 -0.0066 -0.9678
vn -0.3151 -0.0143 -0.9490
vn -0.0302 -0.0149 -0.9994
vn -0.0235 -0.0079 -0.9997
vn -0.0297 -0.0149 -0.9994
vn -0.0234 -0.0074 -0.9997
vn 0.2224 -0.0072 -0.9749
vn 0.2216 -0.0073 -0.9751
vn 0.2221 -0.0072 -0.9750
vn 0.2215 -0.0073 -0.9751
vn 0.6710 -0.0068 -0.7414
vn 0.6708 -0.0068 -0.7416
vn 0.6692 -0.0070 -0.7431
vn 0.6684 -0.0072 -0.7438
vn 0.9479 -0.0067 -0.3186
vn 0.9476 -0.0069 -0.3195
vn 0.9470 -0.0071 -0.3212
vn 0.9466 -0.0073 -0.3224
vn 0.9766 -0.0066 0.2149
vn 0.9887 -0.0143 0.1493
vn 0.9031 -0.0149 0.4291
vn 0.9022 -0.0089 0.4311
vn 0.9029 -0.0134 0.4296
vn 0.9020 -0.0074 0.4317
vn 0.0007 -1.0000 -0.0066
vn 0.0002 -1.0000 -0.0004
vn 0.0006 -1.0000 -0.0053
vn -0.0212 -0.9998 -0.0006
vn -0.0122 -0.9999 -0.0002
vn -0.0177 -0.9998 -0.0005
vn -0.0094 -1.0000 0.0001
vn -0.0211 -0.9994 0.0267
vn 0.0616 -0.9968 -0.0513
vn 0.0008 -1.0000 -0.0070
vn -0.0008 -0.9958 -0.0915
vn 0.0045 -0.9959 -0.0902
vn 0.0079 -0.9960 -0.0894
vn 0.0212 -0.9960 -0.0872
vn -0.0043 -0.9957 -0.0923
vn 0.1711 -0.9838 -0.0529
vn 0.0013 -0.9960 -0.0890
vn -0.0142 -0.9955 -0.0941
vn -0.0298 -0.9945 -0.1000
vn -0.0017 -0.9974 -0.0724
vn -0.0172 -0.9969 -0.0763
vn 0.0192 -0.9985 -0.0509
vn -0.0226 -0.9975 -0.0666
vn -0.0247 -0.9980 -0.0579
vn -0.0238 -0.9979 -0.0603
vn 0.0161 -0.9951 -0.0978
vn 0.0043 -0.9930 -0.1178
vn -0.0089 -0.9976 -0.0684
vn -0.0059 -0.9976 -0.0694
vn -0.0060 -0.9976 -0.0694
vn -0.0053 -0.9976 -0.0697
vn 0.0177 -0.9969 -0.0761
vn 0.0211 -0.9968 -0.0767
vn 0.0128 -0.9971 -0.0752
vn 0.0094 -0.9972 -0.0746
vn -0.0202 -0.9976 -0.0665
vn -0.0000 -0.9971 -0.0757
vn -0.0014 -0.9969 -0.0785
vn 0.0007 -0.9970 -0.0777
vn -0.0081 -0.9965 -0.0833
vn -0.0047 -0.9965 -0.0833
vn -0.0103 -0.9965 -0.0831
vn -0.0010 -1.0000 -0.0003
vn -0.0010 -1.0000 -0.0001
vn -0.0001 -1.0000 -0.0007
vn 0.0003 -1.0000 -0.0006
vn 0.0004 -1.0000 0.0005
vn -0.0015 -1.0000 -0.0009
vn -0.0200 -0.9968 0.0770
vn 0.0463 -0.9973 -0.0575
vn -0.0053 -1.0000 -0.0035
vn 0.0041 -0.9998 -0.0195
vn 0.0021 -0.9991 0.0415
vn 0.0061 -0.9997 0.0221
vn 0.9795 0.0004 0.2013
vn 0.9909 -0.0079 0.1341
vn 0.9910 -0.0076 0.1340
vn 0.9908 -0.0086 0.1353
vn 0.9906 -0.0096 0.1367
vn 0.9873 -0.0019 0.1586
vn 0.9830 -0.0097 0.1835
vn 0.9831 -0.0111 0.1825
vn 0.9831 -0.0110 0.1825
vn 0.9832 -0.0111 0.1824
vn -0.9609 -0.0049 0.2770
vn -0.9611 -0.0041 0.2763
vn -0.9611 -0.0040 0.2762
vn -0.9613 -0.0032 0.2756
vn -0.9028 -0.0036 -0.4299
vn -0.9028 -0.0036 -0.4300
vn -0.9028 -0.0035 -0.4300
vn 0.0024 -1.0000 0.0003
vn 0.0027 -1.0000 0.0004
vn 0.0027 -1.0000 -0.0010
vn 0.0017 -1.0000 0.0007
vn 0.0009 -0.9984 -0.0561
vn -0.0025 -0.9999 0.0117
vn -0.0020 -1.0000 0.0076
vn -0.0028 -0.9999 0.0125
vn -0.0028 -0.9999 0.0141
vn -0.0028 -0.9999 0.0144
vn 0.0011 -0.9998 -0.0182
vn 0.0006 -0.9999 -0.0159
vn 0.0023 -0.9997 -0.0252
vn 0.0028 -0.9996 -0.0285
vn 0.9790 -0.0038 0.2038
vn 0.9791 -0.0036 0.2035
vn 0.9790 -0.0038 0.2037
vn 0.9790 -0.0040 0.2040
vn 0.7890 -0.0050 0.6144
vn 0.7882 -0.0064 0.6154
vn 0.7885 -0.0067 0.6150
vn 0.7899 -0.0033 0.6133
vn -0.9836 -0.0076 -0.1804
vn -0.9833 -0.0044 -0.1820
vn -0.9838 -0.0043 -0.1793
vn -0.9840 -0.0033 -0.1783
vn -0.9829 -0.0045 -0.1842
vn -0.9832 -0.0076 -0.1825
vn 0.9611 -0.0056 -0.2763
vn 0.9605 -0.0032 -0.2783
vn 0.9605 -0.0034 -0.2782
vn 0.9616 -0.0080 -0.2742
vn -0.0021 -1.0000 -0.0032
vn -0.0016 -1.0000 -0.0031
vn -0.0018 -1.0000 -0.0021
vn 0.0002 -1.0000 -0.0008
vn 0.0007 -1.0000 -0.0014
vn 0.0215 -0.9982 0.0566
vn 0.0116 -0.9991 0.0413
vn 0.0003 -1.0000 -0.0010
vn 0.0005 -1.0000 -0.0010
vn 0.0240 -0.9981 -0.0572
vn 0.0067 -0.9999 -0.0159
vn -0.0024 -1.0000 -0.0033
vn 0.9918 -0.0090 0.1277
vn 0.9914 -0.0050 0.1310
vn 0.9917 -0.0088 0.1280
vn 0.9913 -0.0045 0.1314
vn 0.9961 -0.0022 0.0887
vn 0.9967 -0.0060 0.0806
vn 0.9966 -0.0077 0.0820
vn 0.9966 -0.0085 0.0814
vn 0.9991 -0.0165 0.0380
vn 0.9991 -0.0127 0.0414
vn 0.9991 -0.0165 0.0389
vn 0.9990 -0.0090 0.0448
vn -0.8622 -0.0009 0.5066
vn -0.8609 -0.0045 0.5087
vn -0.8619 -0.0013 0.5070
vn -0.8609 -0.0050 0.5087
vn -0.9860 -0.0028 -0.1667
vn -0.9862 -0.0043 -0.1652
vn -0.9865 -0.0059 -0.1637
vn -0.7882 -0.0052 -0.6154
vn -0.7881 -0.0055 -0.6156
vn -0.7883 -0.0051 -0.6153
vn -0.7884 -0.0048 -0.6151
vn -0.0560 -0.9773 -0.2042
vn 0.9608 -0.0064 -0.2770
vn 0.9432 -0.0134 -0.3321
vn 0.9751 -0.0218 0.2207
vn 0.9488 -0.0067 0.3158
vn 0.9951 -0.0097 -0.0984
vn 0.9929 -0.0065 -0.1190
vn -0.9616 -0.0083 0.2744
vn -0.9419 -0.0158 0.3355
vn -0.8134 -0.0020 0.5817
vn -0.6534 -0.0125 0.7569
vn -0.5949 -0.0034 0.8038
vn -0.2819 -0.0029 0.9594
vn -0.1995 -0.0120 0.9798
vn 0.0300 -0.0001 0.9996
vn 0.3065 -0.0118 0.9518
vn 0.3635 -0.0048 0.9316
vn 0.6779 -0.0046 0.7352
vn 0.7342 -0.0136 0.6787
vn 0.7047 -0.0121 -0.7094
vn 0.6900 -0.0094 -0.7238
vn 0.3919 -0.0051 -0.9200
vn 0.3034 -0.0139 -0.9528
vn 0.1064 -0.0008 -0.9943
vn -0.1991 -0.0123 -0.9799
vn -0.2489 -0.0061 -0.9685
vn -0.5907 -0.0039 -0.8069
vn -0.6419 -0.0126 -0.7667
vn -0.9316 -0.0124 -0.3633
vn -0.8938 -0.0008 -0.4485
vn -0.2678 -0.0152 0.9634
vn -0.2876 -0.0116 0.9577
vn -0.6944 -0.0033 0.7195
vn -0.6152 -0.0275 0.7879
vn 0.7076 -0.0178 0.7064
vn 0.6558 -0.0071 0.7549
vn 0.2591 -0.0018 0.9658
vn 0.3908 -0.0337 0.9199
vn 0.0325 -0.0023 0.9995
vn 0.9362 -0.0255 0.3504
vn 0.9596 -0.0096 0.2814
vn 0.7764 -0.0113 0.6301
vn -0.9997 -0.0052 0.0248
vn -0.9326 -0.0121 0.3606
vn -0.9421 -0.0097 0.3352
vn -0.9997 -0.0113 -0.0221
vn -0.9182 -0.0140 -0.3959
vn -0.8870 -0.0050 -0.4618
vn 0.9996 -0.0089 -0.0266
vn 0.9995 -0.0093 -0.0295
vn 0.9993 -0.0099 -0.0351
vn 0.9992 -0.0103 -0.0382
vn 0.9410 -0.0039 -0.3384
vn 0.8748 -0.0124 -0.4843
vn 0.8124 -0.0030 -0.5831
vn 0.5925 -0.0097 -0.8055
vn 0.5760 -0.0074 -0.8174
vn 0.2525 -0.0044 -0.9676
vn 0.1893 -0.0112 -0.9819
vn -0.0896 -0.0029 -0.9960
vn -0.2488 -0.0129 -0.9685
vn -0.3936 -0.0022 -0.9193
vn -0.6322 -0.0111 -0.7747
vn -0.6712 -0.0058 -0.7413
vn -0.9999 -0.0081 -0.0101
vn -0.9999 -0.0107 0.0135
vn -0.8133 -0.0178 0.5816
vn -0.9648 -0.0024 0.2631
vn -0.8815 0.0025 0.4721
vn -0.6099 -0.0099 0.7924
vn -0.5735 -0.0052 0.8192
vn -0.2562 -0.0041 0.9666
vn -0.2020 -0.0100 0.9793
vn 0.0901 -0.0020 0.9959
vn 0.2384 -0.0113 0.9711
vn 0.3723 -0.0014 0.9281
vn 0.6326 -0.0098 0.7744
vn 0.6548 -0.0068 0.7558
vn 0.8682 -0.0034 0.4962
vn 0.9113 -0.0121 0.4115
vn 0.9999 -0.0044 0.0135
vn 0.9992 -0.0099 -0.0395
vn 0.8946 -0.0077 -0.4468
vn 0.8871 -0.0092 -0.4615
vn 0.6961 -0.0025 -0.7180
vn 0.5814 -0.0102 -0.8136
vn 0.4597 -0.0020 -0.8881
vn 0.1718 -0.0088 -0.9851
vn 0.1267 -0.0048 -0.9919
vn -0.2315 -0.0047 -0.9728
vn -0.2738 -0.0086 -0.9617
vn -0.5752 -0.0018 -0.8180
vn -0.6634 -0.0108 -0.7482
vn -0.9273 -0.0098 -0.3742
vn -0.8745 -0.0001 -0.4850
vn -0.9627 -0.0061 -0.2705
vn -0.9699 -0.0043 -0.2433
vn -0.9994 -0.0023 0.0345
vn -0.9970 -0.0053 0.0767
vn -0.4421 -0.0197 0.8967
vn -0.7284 -0.0033 0.6852
vn -0.8689 -0.0099 0.4950
vn -0.9008 -0.0045 0.4342
vn -0.5944 0.0031 0.8041
vn -0.1864 -0.0065 0.9824
vn -0.1887 -0.0067 0.9820
vn -0.1819 -0.0061 0.9833
vn -0.1793 -0.0059 0.9838
vn 0.2182 -0.0042 0.9759
vn 0.2545 -0.0074 0.9671
vn 0.5157 -0.0007 0.8568
vn 0.6552 -0.0095 0.7554
vn 0.6229 -0.0118 0.7822
vn 0.8744 -0.0035 0.4852
vn 0.9076 -0.0094 0.4198
vn 0.9967 -0.0079 -0.0808
vn 0.9965 -0.0081 -0.0835
vn 0.9961 -0.0085 -0.0879
vn 0.9959 -0.0087 -0.0905
vn 0.8704 -0.0030 -0.4924
vn 0.8354 -0.0079 -0.5495
vn 0.6494 -0.0018 -0.7604
vn 0.4945 -0.0091 -0.8691
vn 0.3834 -0.0022 -0.9236
vn 0.0573 -0.0062 -0.9983
vn 0.0556 -0.0062 -0.9984
vn 0.0599 -0.0064 -0.9982
vn 0.0619 -0.0067 -0.9981
vn -0.2900 -0.0019 -0.9570
vn -0.4061 -0.0084 -0.9138
vn -0.5587 -0.0011 -0.8294
vn -0.7741 -0.0079 -0.6330
vn -0.8166 -0.0028 -0.5773
vn -0.9478 -0.0073 -0.3186
vn -0.9679 -0.0032 -0.2512
vn -0.9998 -0.0070 0.0177
vn -0.9988 -0.0048 0.0486
vn 0.7928 -0.0052 -0.6094
vn 0.7717 -0.0100 -0.6359
vn 0.4474 -0.0066 -0.8943
vn 0.4800 -0.0126 -0.8772
vn -0.5344 -0.0232 -0.8449
vn -0.2327 -0.0024 -0.9726
vn 0.0092 -0.0127 -0.9999
vn 0.0717 -0.0053 -0.9974
vn -0.4190 0.0013 -0.9080
vn -0.7538 -0.0115 -0.6570
vn -0.7669 -0.0089 -0.6417
vn -0.8388 0.0053 0.5444
vn -0.9488 -0.0080 0.3158
vn -0.5279 -0.0026 0.8493
vn -0.6798 -0.0281 0.7328
vn -0.5117 0.0125 0.8590
vn -0.7148 -0.0083 0.6993
vn -0.8118 -0.0027 0.5840
vn -0.9046 -0.0174 0.4260
vn -0.2871 -0.0044 0.9579
vn -0.2391 0.0006 0.9710
vn -0.0502 -0.0062 0.9987
vn 0.0427 -0.0006 0.9991
vn 0.1894 -0.0054 0.9819
vn 0.2954 0.0014 0.9554
vn 0.4196 -0.0056 0.9077
vn 0.6405 -0.0038 0.7680
vn 0.6169 -0.0008 0.7870
vn 0.7717 -0.0043 0.6359
vn 0.6472 -0.0164 0.7621
vn 0.8710 -0.0018 0.4913
vn 0.8945 -0.0049 0.4469
vn 0.9741 -0.0038 0.2261
vn 0.9627 0.0004 0.2707
vn 0.7902 -0.0008 -0.6128
vn 0.7903 -0.0008 -0.6127
vn 0.9040 -0.0068 -0.4274
vn 0.9289 -0.0016 -0.3703
vn 0.9774 -0.0021 -0.2113
vn 0.9551 -0.0113 -0.2959
vn 1.0000 0.0007 0.0065
vn 0.9999 -0.0021 -0.0131
vn -0.3495 -0.7482 0.5639
vn -0.0575 -0.9960 0.0683
vn -0.2291 -0.9535 0.1959
vn 0.0529 -0.9929 0.1061
vn -0.1438 -0.9807 0.1324
vn -0.0295 -0.9805 0.1943
vn -0.1672 -0.8488 0.5016
vn -0.0373 -0.8989 0.4365
vn -0.0089 -0.9448 0.3276
vn -0.0063 -0.8915 0.4529
vn -0.0271 -0.9042 0.4262
vn 0.1421 -0.8442 0.5169
vn 0.1383 -0.8722 0.4693
vn -0.1873 -0.8594 0.4757
vn -0.2052 -0.8174 0.5384
vn -0.1445 -0.7895 0.5965
vn -0.1235 -0.8221 0.5558
vn -0.3418 -0.6826 0.6459
vn -0.6416 -0.2305 0.7316
vn -0.5072 -0.0974 0.8563
vn -0.5747 -0.3492 0.7401
vn -0.3956 -0.5718 0.7187
vn -0.4876 -0.6214 0.6132
vn -0.4931 -0.6178 0.6126
vn -0.4884 -0.6207 0.6133
vn -0.5218 -0.4578 0.7198
vn -0.5325 -0.4547 0.7139
vn -0.5325 -0.4559 0.7131
vn -0.5335 -0.4529 0.7143
vn -0.5737 -0.4776 0.6655
vn -0.5761 -0.4745 0.6655
vn -0.5737 -0.4770 0.6659
vn -0.5769 -0.4738 0.6653
vn -0.6229 -0.4794 0.6181
vn -0.7023 -0.1755 0.6899
vn -0.7037 -0.1747 0.6887
vn -0.7040 -0.1746 0.6884
vn -0.6865 -0.2405 0.6862
vn -0.6307 -0.1900 0.7524
vn -0.7529 -0.5993 0.2719
vn -0.7998 -0.5341 0.2739
vn -0.7683 -0.5220 0.3705
vn -0.7696 -0.5202 0.3704
vn -0.7688 -0.5212 0.3705
vn -0.7703 -0.5191 0.3704
vn -0.7302 -0.5039 0.4615
vn -0.7180 -0.5202 0.4624
vn -0.6626 -0.5108 0.5478
vn -0.6390 -0.5396 0.5483
vn -0.5835 -0.5156 0.6275
vn -0.5773 -0.5227 0.6272
vn -0.5812 -0.5182 0.6274
vn -0.5752 -0.5252 0.6271
vn -0.5318 -0.5044 0.6803
vn -0.5361 -0.4994 0.6806
vn -0.5334 -0.5025 0.6804
vn -0.5375 -0.4978 0.6807
vn -0.9308 -0.1901 0.3123
vn -0.8291 -0.1345 0.5426
vn -0.7496 -0.1835 0.6360
vn -0.6252 -0.4102 0.6639
vn -0.7019 -0.1758 0.6902
vn -0.5990 -0.5205 0.6085
vn -0.5325 -0.6348 0.5599
vn -0.4944 -0.6169 0.6123
vn -0.3736 -0.7385 0.5613
vn -0.2889 -0.6994 0.6537
vn -0.4089 -0.8940 0.1831
vn -0.5028 -0.8413 0.1985
vn -0.4725 -0.8348 0.2824
vn -0.4675 -0.8379 0.2817
vn -0.4706 -0.8360 0.2821
vn -0.4656 -0.8390 0.2814
vn -0.4319 -0.8295 0.3542
vn -0.3872 -0.8544 0.3466
vn -0.3566 -0.8307 0.4276
vn -0.3229 -0.8481 0.4202
vn -0.2944 -0.8031 0.5181
vn -0.3321 -0.7798 0.5307
vn -0.2903 -0.7652 0.5747
vn -0.2640 -0.7904 0.5529
vn -0.3556 -0.7842 0.5086
vn -0.4161 -0.7500 0.5141
vn -0.3698 -0.8027 0.4678
vn -0.3462 -0.9365 0.0554
vn -0.9478 -0.2529 0.1943
vn -0.9570 -0.2081 0.2022
vn -0.7318 -0.6659 0.1450
vn -0.7759 -0.6090 0.1645
vn -0.5535 -0.8257 0.1088
vn -0.1310 -0.9902 0.0478
vn -0.3157 -0.9373 -0.1477
vn -0.7384 -0.6744 -0.0033
vn -0.3937 -0.9128 -0.1084
vn -0.1828 -0.9794 -0.0856
vn -0.6505 -0.7545 -0.0870
vn -0.8397 -0.5426 0.0220
vn -0.8399 -0.5423 0.0216
vn -0.8401 -0.5421 0.0195
vn -0.9595 -0.2684 0.0855
vn -0.9804 -0.1794 0.0813
vn -0.2490 -0.9452 -0.2112
vn -0.5737 -0.8157 -0.0739
vn -0.0404 -0.9972 -0.0634
vn -0.1446 -0.9857 -0.0864
vn -0.1525 -0.9844 -0.0879
vn -0.1499 -0.9848 -0.0874
vn -0.1426 -0.9860 -0.0860
vn -0.1448 -0.9852 -0.0919
vn -0.1918 -0.9765 -0.0984
vn -0.1921 -0.9765 -0.0974
vn -0.1940 -0.9764 -0.0952
vn -0.1951 -0.9762 -0.0951
vn -0.2151 -0.9712 -0.1024
vn -0.0644 -0.9950 -0.0769
vn -0.1524 -0.9857 -0.0722
vn -0.3898 -0.9152 -0.1019
vn -0.9562 -0.2186 -0.1946
vn -0.9635 -0.1825 -0.1961
vn -0.9634 -0.1825 -0.1961
vn -0.9598 -0.1826 -0.2131
vn -0.9589 -0.1872 -0.2133
vn -0.9592 -0.1854 -0.2132
vn -0.9601 -0.1809 -0.2131
vn -0.9646 -0.1804 -0.1925
vn -0.9616 -0.1958 -0.1922
vn -0.9679 -0.2003 -0.1520
vn -0.9679 -0.2002 -0.1520
vn -0.9678 -0.2006 -0.1520
vn -0.9678 -0.2005 -0.1520
vn -0.9876 -0.1363 -0.0777
vn -0.8485 -0.4915 -0.1959
vn -0.7820 -0.5907 -0.1987
vn -0.8113 -0.5488 -0.2014
vn -0.8138 -0.5503 -0.1867
vn -0.8123 -0.5525 -0.1867
vn -0.8130 -0.5515 -0.1867
vn -0.8146 -0.5492 -0.1867
vn -0.8193 -0.5511 -0.1582
vn -0.8302 -0.5347 -0.1575
vn -0.8175 -0.5656 -0.1088
vn -0.8431 -0.5278 -0.1036
vn -0.8489 -0.5263 -0.0487
vn -0.8573 -0.5128 -0.0458
vn -0.5067 -0.8483 -0.1535
vn -0.5226 -0.8378 -0.1581
vn -0.5266 -0.8352 -0.1587
vn -0.5264 -0.8359 -0.1556
vn -0.5191 -0.8402 -0.1571
vn -0.5187 -0.8417 -0.1498
vn -0.5445 -0.8249 -0.1516
vn -0.5497 -0.8221 -0.1482
vn -0.5507 -0.8226 -0.1416
vn -0.5481 -0.8246 -0.1401
vn -0.5519 -0.8220 -0.1402
vn -0.5057 -0.8561 -0.1070
vn -0.5548 -0.8257 -0.1021
vn -0.5559 -0.8284 -0.0691
vn -0.4982 -0.8636 -0.0774
vn -0.2268 -0.9721 -0.0603
vn -0.5752 -0.8178 -0.0150
vn -0.5292 -0.8481 -0.0261
vn -0.8396 -0.5429 0.0191
vn -0.8503 -0.5257 0.0229
vn -0.9865 -0.1552 0.0529
vn -0.2956 -0.9496 -0.1039
vn -0.8018 -0.5759 -0.1597
vn -0.9665 -0.2009 -0.1599
vn -0.1746 -0.8765 -0.4487
vn -0.2901 -0.9498 -0.1173
vn -0.3051 -0.9450 -0.1178
vn -0.9268 -0.3270 -0.1845
vn -0.9600 -0.2462 -0.1336
vn -0.9540 -0.2674 -0.1356
vn -0.9567 -0.2441 -0.1586
vn -0.5512 -0.8229 -0.1377
vn -0.6835 -0.7154 -0.1451
vn -0.6831 -0.7157 -0.1451
vn -0.6832 -0.7157 -0.1451
vn -0.7426 -0.6541 -0.1440
vn 0.3408 -0.9124 0.2266
vn 0.7220 -0.6853 -0.0954
vn 0.4199 -0.8241 0.3801
vn 0.3291 -0.8843 0.3312
vn 0.3526 -0.9234 0.1516
vn 0.4025 -0.8955 0.1900
vn 0.4797 -0.8591 0.1784
vn 0.6031 -0.7921 0.0943
vn 0.5359 -0.8418 0.0647
vn 0.5778 -0.8146 0.0507
vn 0.5064 -0.8623 0.0086
vn 0.5079 -0.8614 0.0073
vn 0.5069 -0.8620 0.0065
vn 0.2727 -0.9494 0.1561
vn 0.2616 -0.9596 0.1033
vn 0.1903 -0.9762 0.1036
vn 0.4092 -0.9111 0.0506
vn 0.5086 -0.8610 0.0069
vn 0.6488 -0.7518 -0.1176
vn 0.6454 -0.7539 -0.1228
vn 0.6473 -0.7530 -0.1177
vn 0.6452 -0.7538 -0.1242
vn 0.6250 -0.7721 0.1155
vn 0.7000 -0.7125 0.0479
vn 0.5775 -0.8128 0.0766
vn 0.5580 -0.8289 0.0396
vn 0.9716 -0.2274 -0.0654
vn 0.8529 -0.4617 -0.2438
vn 0.7834 -0.6055 -0.1404
vn 0.7492 -0.6300 -0.2044
vn 0.6319 -0.7672 -0.1098
vn 0.6788 -0.7258 -0.1115
vn 0.9437 -0.1627 -0.2881
vn 0.9361 -0.2237 -0.2714
vn 0.9486 -0.2008 -0.2448
vn 0.9593 -0.1564 -0.2350
vn 0.9727 -0.2024 -0.1138
vn 0.9979 -0.0649 -0.0029
vn 0.9693 -0.2442 0.0301
vn 0.9754 -0.2180 0.0333
vn 0.8344 -0.4881 -0.2559
vn 0.7824 -0.5866 -0.2091
vn 0.7848 -0.5976 -0.1643
vn 0.8021 -0.5676 -0.1856
vn 0.7759 -0.6308 0.0006
vn 0.8906 -0.4543 -0.0207
vn 0.8733 -0.4871 -0.0105
vn 0.8735 -0.4867 -0.0116
vn 0.8734 -0.4869 -0.0094
vn 0.8740 -0.4858 -0.0088
vn 0.8475 -0.5308 -0.0016
vn 0.8465 -0.5324 -0.0022
vn 0.8494 -0.5278 0.0056
vn 0.8494 -0.5277 0.0072
vn 0.8340 -0.5518 0.0080
vn 0.8475 -0.5302 0.0257
vn 0.7872 -0.6166 0.0148
vn 0.9969 -0.0418 -0.0659
vn 0.9555 -0.2947 -0.0143
vn 0.3756 -0.9267 -0.0082
vn 0.5529 -0.8331 0.0186
vn 0.5506 -0.8346 0.0168
vn 0.5576 -0.8298 0.0219
vn 0.5596 -0.8284 0.0230
vn 0.4765 -0.8782 0.0414
vn 0.5715 -0.8195 0.0430
vn 0.6278 -0.7768 0.0497
vn 0.5502 -0.8306 0.0866
vn 0.5721 -0.8159 0.0840
vn 0.5760 -0.8057 0.1383
vn 0.1824 -0.9561 0.2295
vn 0.4877 -0.8704 -0.0676
vn 0.5191 -0.8546 0.0131
vn 0.1714 -0.9833 -0.0614
vn 0.0682 -0.9960 -0.0583
vn 0.1686 -0.9849 -0.0401
vn 0.1719 -0.9843 -0.0397
vn 0.1650 -0.9855 -0.0401
vn 0.3563 -0.9342 -0.0175
vn 0.1536 -0.9858 -0.0675
vn 0.2270 -0.9736 -0.0262
vn 0.1744 -0.9839 -0.0398
vn 0.1731 -0.9841 -0.0402
vn 0.1869 -0.9818 -0.0332
vn 0.1209 -0.9919 -0.0401
vn 0.4078 -0.9130 0.0080
vn 0.1070 -0.9932 -0.0451
vn 0.2198 -0.9745 -0.0452
vn 0.0802 -0.9930 -0.0868
vn 0.9686 -0.2126 0.1290
vn 0.7927 -0.6071 0.0552
vn 0.5308 -0.8471 0.0262
vn 0.5311 -0.8458 0.0496
vn 0.5678 -0.8212 0.0564
vn 0.5154 -0.8561 0.0384
vn 0.8626 -0.4953 0.1035
vn 0.8231 -0.5594 0.0973
vn 0.8284 -0.5470 0.1206
vn 0.8234 -0.5547 0.1195
vn 0.8255 -0.5515 0.1199
vn 0.8304 -0.5439 0.1211
vn 0.9687 -0.1825 0.1681
vn 0.9690 -0.1811 0.1682
vn 0.9689 -0.1818 0.1682
vn 0.9686 -0.1832 0.1681
vn 0.9659 -0.2192 0.1380
vn 0.9609 -0.2396 0.1386
vn 0.4168 -0.9090 -0.0037
vn 0.5685 -0.8222 0.0290
vn 0.5549 -0.8315 0.0265
vn 0.8151 -0.5721 0.0910
vn 0.8328 -0.5454 0.0950
vn 0.9747 -0.1668 0.1489
vn 0.1801 -0.9825 -0.0483
vn 0.5576 -0.8301 0.0062
vn 0.5299 -0.8480 0.0029
vn 0.5321 -0.8467 0.0022
vn 0.5362 -0.8441 0.0008
vn 0.8182 -0.5718 0.0602
vn 0.8497 -0.5233 0.0651
vn 0.9596 -0.2623 0.1020
vn 0.9735 -0.2195 0.0633
vn 0.7786 -0.6265 0.0363
vn 0.8450 -0.5335 0.0363
vn 0.5367 -0.8438 0.0003
vn 0.5376 -0.8432 0.0005
vn 0.6123 0.0015 -0.7906
vn 0.4180 -0.0022 -0.9084
vn -0.3715 0.0026 -0.9284
vn -0.1979 0.8731 -0.4455
vn 0.0300 0.9805 -0.1942
vn 0.1834 0.9436 -0.2757
vn 0.1571 0.9299 -0.3325
vn 0.3659 0.8191 -0.4419
vn 0.2598 0.7677 -0.5858
vn 0.4716 0.5656 -0.6765
vn 0.5069 0.5811 -0.6367
vn 0.5963 0.3686 -0.7131
vn 0.5962 0.0909 -0.7977
vn -0.2987 0.5132 -0.8046
vn -0.2720 0.5675 -0.7771
vn -0.1401 0.5110 -0.8481
vn -0.1701 0.2381 -0.9562
vn 0.2542 0.2641 -0.9304
vn 0.0860 0.1149 -0.9897
vn -0.1636 -0.8827 -0.4405
vn 0.0213 -0.1100 -0.9937
vn -0.0042 -0.2524 -0.9676
vn -0.1701 -0.3767 -0.9106
vn -0.0264 -0.6451 -0.7636
vn -0.3048 -0.4754 -0.8253
vn -0.2588 -0.5284 -0.8086
vn -0.3297 -0.6160 -0.7155
vn 0.4191 -0.1205 -0.8999
vn 0.0263 -0.9730 -0.2294
vn 0.1973 -0.9277 -0.3169
vn 0.1788 -0.9251 -0.3349
vn 0.3189 -0.8448 -0.4298
vn 0.2930 -0.8414 -0.4540
vn 0.4781 -0.6894 -0.5442
vn 0.4210 -0.6835 -0.5963
vn 0.4752 -0.4413 -0.7612
vn 0.5126 -0.4446 -0.7346
vn 0.7333 -0.1866 -0.6538
vn -0.1008 0.9818 -0.1612
vn -0.3012 0.8136 -0.4974
vn -0.4156 0.6058 -0.6784
vn -0.5108 -0.1987 -0.8364
vn -0.3999 -0.6458 -0.6504
vn -0.2389 -0.8878 -0.3934
vn -0.0721 -0.9908 -0.1147
vn -0.9565 0.1351 0.2587
vn -0.9454 0.1255 0.3008
vn -0.9226 0.1110 -0.3695
vn -0.8764 0.2651 -0.4020
vn -0.8758 0.2646 -0.4038
vn -0.8746 0.2638 -0.4069
vn -0.8738 0.2632 -0.4088
vn -0.8524 0.4342 0.2914
vn -0.8216 0.4326 0.3712
vn -0.7845 0.4326 -0.4443
vn -0.7838 0.4312 -0.4469
vn -0.7828 0.4292 -0.4506
vn -0.7822 0.4280 -0.4529
vn -0.6880 0.6919 0.2190
vn -0.6977 0.6904 0.1910
vn -0.6557 0.5433 -0.5243
vn -0.6559 0.5453 -0.5220
vn -0.6563 0.5482 -0.5185
vn -0.6566 0.5501 -0.5160
vn -0.4692 0.8747 0.1212
vn -0.4800 0.8723 0.0932
vn -0.5029 0.5930 -0.6288
vn -0.5003 0.6135 -0.6110
vn -0.2207 0.9742 -0.0479
vn -0.2205 0.9742 -0.0475
vn -0.2204 0.9743 -0.0474
vn -0.9032 -0.0864 -0.4204
vn -0.9020 -0.0858 -0.4232
vn -0.8992 -0.0839 -0.4294
vn -0.9486 -0.1373 0.2853
vn -0.9491 -0.1370 0.2836
vn -0.9490 -0.1370 0.2841
vn -0.8977 -0.0828 -0.4328
vn -0.9248 -0.2594 -0.2784
vn -0.8720 -0.2968 -0.3893
vn -0.8720 -0.2953 -0.3905
vn -0.8721 -0.2958 -0.3899
vn -0.8724 -0.2966 -0.3885
vn -0.7654 -0.4306 -0.4784
vn -0.7687 -0.4610 -0.4433
vn -0.6420 -0.5475 -0.5367
vn -0.6387 -0.5671 -0.5200
vn -0.4923 -0.6015 -0.6291
vn -0.4766 -0.6370 -0.6058
vn -0.9484 -0.1375 0.2858
vn -0.8967 -0.2745 0.3474
vn -0.8134 -0.5143 0.2717
vn -0.6740 -0.7182 0.1732
vn -0.6484 -0.7291 0.2191
vn -0.4588 -0.8858 0.0700
vn -0.4312 -0.8954 0.1112
vn -0.1991 -0.9788 -0.0474
vn -0.1694 -0.9855 -0.0104
vn -0.6876 0.0024 -0.7261
vn -0.9078 -0.0019 -0.4194
vn -0.9653 0.0006 0.2611
vn -0.9582 0.0012 0.2860
vn -0.0418 -0.7684 0.6387
vn -0.3246 -0.6136 0.7198
vn -0.3279 -0.6444 0.6908
vn -0.4733 -0.7557 0.4527
vn -0.6749 -0.6126 0.4113
vn -0.7606 -0.4702 0.4476
vn 0.6798 -0.5234 0.5137
vn 0.7107 -0.4566 0.5352
vn 0.5569 -0.6925 0.4585
vn 0.4223 -0.7194 0.5515
vn 0.4435 -0.6929 0.5685
vn 0.2922 -0.7198 0.6297
vn 0.3096 -0.6927 0.6514
vn 0.1332 -0.7211 0.6799
vn 0.1789 -0.5954 0.7832
vn -0.2631 -0.9634 -0.0519
vn -0.8088 -0.5524 -0.2017
vn -0.7751 -0.5974 -0.2056
vn -0.5916 -0.7880 0.1706
vn -0.4643 -0.7598 -0.4551
vn 0.6479 -0.7165 -0.2586
vn 0.1563 -0.9877 0.0039
vn 0.8029 -0.5958 0.0170
vn 0.8293 -0.5588 0.0040
vn 0.6165 -0.7474 0.2477
vn -0.4726 -0.4259 -0.7715
vn -0.4298 -0.5825 -0.6899
vn -0.1365 -0.9647 -0.2253
vn 0.7308 -0.5234 -0.4381
vn 0.7317 -0.5218 -0.4386
vn 0.7282 -0.5283 -0.4366
vn 0.7273 -0.5299 -0.4361
vn 0.6817 -0.6015 -0.4165
vn 0.0115 -0.6537 -0.7566
vn 0.0379 -0.6955 -0.7175
vn 0.3204 -0.7073 -0.6302
vn 0.3085 -0.5818 -0.7526
vn 0.4778 -0.7527 -0.4530
vn -0.2289 -0.7580 -0.6107
vn 0.5879 0.7685 0.2526
vn 0.7997 0.6000 0.0226
vn 0.8004 0.5990 0.0229
vn 0.8048 0.5930 0.0258
vn 0.8059 0.5914 0.0266
vn 0.6467 0.7285 -0.2258
vn 0.1583 0.6393 0.7525
vn 0.1597 0.6838 0.7120
vn 0.2985 0.7217 0.6245
vn 0.3045 0.6928 0.6537
vn 0.4282 0.7196 0.5467
vn 0.4394 0.6926 0.5720
vn 0.5451 0.7212 0.4276
vn 0.6164 0.5954 0.5154
vn 0.6964 0.5738 -0.4311
vn 0.6966 0.5734 -0.4313
vn 0.6957 0.5750 -0.4305
vn 0.6955 0.5753 -0.4304
vn 0.4616 0.8414 -0.2811
vn -0.4410 0.7577 0.4810
vn -0.2233 -0.7655 0.6034
vn -0.3405 0.6591 0.6705
vn -0.4200 0.5431 0.7271
vn -0.0436 0.5710 0.8198
vn -0.1137 0.7075 0.6975
vn 0.3236 0.4805 -0.8151
vn 0.1855 0.9616 -0.2021
vn 0.0261 0.7933 -0.6082
vn 0.1259 0.5519 -0.8243
vn -0.2180 0.7572 -0.6158
vn 0.5049 0.7453 -0.4355
vn -0.2720 0.9473 0.1689
vn -0.7675 0.4559 0.4506
vn -0.6912 0.5880 0.4202
vn -0.4682 0.4714 -0.7474
vn -0.4119 0.6167 -0.6709
vn -0.2854 0.9545 -0.0863
vn -0.8096 0.5588 -0.1797
vn -0.7953 0.5817 -0.1708
vn -0.4473 0.7902 -0.4189
vn -0.6177 0.7616 0.1959
vn 0.6148 -0.6945 -0.3737
vn 0.5046 -0.8002 -0.3242
vn -0.7114 -0.6101 0.3488
vn -0.6461 -0.7015 0.3006
vn -0.6870 -0.7034 0.1824
vn -0.6721 -0.7195 0.1750
vn -0.7184 -0.6942 0.0443
vn -0.7000 -0.7131 0.0392
vn -0.7175 -0.6897 -0.0973
vn -0.6839 -0.7228 -0.0995
vn -0.6780 -0.6971 -0.2331
vn -0.6556 -0.7191 -0.2304
vn -0.6219 -0.6943 -0.3623
vn -0.5977 -0.7193 -0.3541
vn -0.5392 -0.6944 -0.4766
vn -0.5172 -0.7191 -0.4641
vn -0.4361 -0.6941 -0.5728
vn -0.4167 -0.7191 -0.5561
vn -0.3159 -0.6942 -0.6468
vn -0.3002 -0.7191 -0.6267
vn -0.1836 -0.6941 -0.6960
vn -0.1722 -0.7191 -0.6732
vn -0.0443 -0.6943 -0.7183
vn -0.0376 -0.7189 -0.6941
vn 0.0967 -0.6944 -0.7131
vn 0.0986 -0.7191 -0.6879
vn 0.2340 -0.6942 -0.6807
vn 0.2310 -0.7190 -0.6555
vn 0.3623 -0.6941 -0.6221
vn 0.3502 -0.7312 -0.5854
vn 0.4706 -0.7037 -0.5324
vn 0.4346 -0.7695 -0.4680
vn 0.6321 -0.6066 -0.4822
vn -0.5272 -0.7820 0.3325
vn -0.6655 -0.6297 0.4007
vn -0.1828 -0.9778 0.1027
vn 0.3396 0.9133 -0.2249
vn 0.5787 0.7414 -0.3398
vn 0.5538 0.7081 -0.4382
vn 0.4693 0.7103 -0.5247
vn 0.4508 0.7318 -0.5111
vn 0.3613 0.7036 -0.6119
vn 0.3501 0.7193 -0.6000
vn 0.2381 0.6942 -0.6792
vn 0.2248 0.7193 -0.6573
vn 0.1009 0.6941 -0.7128
vn 0.0922 0.7192 -0.6887
vn -0.0400 0.6941 -0.7188
vn -0.0438 0.7190 -0.6936
vn -0.1795 0.6941 -0.6971
vn -0.1784 0.7190 -0.6717
vn -0.3119 0.6943 -0.6486
vn -0.3060 0.7192 -0.6238
vn -0.4326 0.6943 -0.5752
vn -0.4218 0.7191 -0.5523
vn -0.5365 0.6941 -0.4799
vn -0.5214 0.7192 -0.4593
vn -0.6197 0.6942 -0.3661
vn -0.6009 0.7191 -0.3489
vn -0.6792 0.6943 -0.2379
vn -0.6517 0.7255 -0.2213
vn -0.7079 0.6991 -0.1003
vn -0.6885 0.7193 -0.0929
vn -0.7185 0.6944 0.0399
vn -0.6934 0.7192 0.0440
vn -0.6971 0.6942 0.1793
vn -0.5933 0.7860 0.1734
vn -0.7170 0.6085 0.3401
vn -0.5139 0.8007 0.3078
vn -0.4817 0.8263 0.2919
vn 0.3303 0.6023 0.7267
vn 0.3235 0.5112 0.7962
vn 0.1176 0.6095 0.7840
vn -0.6147 0.6252 0.4809
vn -0.6144 0.6254 0.4810
vn -0.6150 0.6252 0.4805
vn -0.6154 0.6246 0.4808
vn -0.5048 0.5646 0.6530
vn -0.6013 0.4644 0.6503
vn -0.2969 0.6127 0.7325
vn -0.3293 0.3823 0.8634
vn -0.1923 0.5210 0.8316
vn -0.0223 0.3531 0.9353
vn 0.4372 0.8960 0.0772
vn 0.4494 0.8909 0.0657
vn 0.4726 0.8797 0.0525
vn 0.0991 0.8072 0.5819
vn 0.2068 0.5099 0.8350
vn 0.2330 0.5636 0.7925
vn 0.2656 0.7648 0.5870
vn 0.1887 0.8479 0.4954
vn 0.1549 0.8364 0.5257
vn 0.0629 0.9184 0.3906
vn -0.0429 0.8971 0.4398
vn 0.0403 0.9587 0.2815
vn -0.0606 0.9594 0.2755
vn 0.4521 0.4991 0.7392
vn 0.5224 0.1011 0.8467
vn -0.3180 0.8851 0.3398
vn -0.1164 0.9448 0.3064
vn -0.7562 0.5669 0.3268
vn -0.7234 0.6038 0.3348
vn 0.6537 0.3885 0.6494
vn 0.4577 0.6251 0.6322
vn -0.2801 0.9352 0.2167
vn -0.8823 0.4705 -0.0141
vn -0.7708 0.6264 0.1162
vn 0.5114 0.6858 0.5179
vn 0.3873 0.7729 0.5026
vn 0.3396 0.8262 0.4495
vn 0.3470 0.8234 0.4491
vn 0.3447 0.8243 0.4490
vn 0.3370 0.8272 0.4497
vn 0.4782 0.6841 0.5507
vn 0.5779 0.6070 0.5455
vn 0.8158 0.3641 0.4493
vn 0.8282 0.4960 0.2609
vn 0.8200 0.5072 0.2652
vn 0.8196 0.5721 -0.0310
vn 0.8419 0.5376 -0.0471
vn 0.2696 0.9092 0.3172
vn 0.2340 0.9161 0.3256
vn 0.6951 0.6317 -0.3432
vn 0.7371 0.5128 -0.4402
vn 0.2435 0.9629 0.1164
vn 0.1888 0.9704 0.1504
vn -0.5348 0.8424 0.0656
vn -0.7656 0.6395 -0.0704
vn 0.1591 0.9494 0.2709
vn 0.4020 0.9126 0.0750
vn 0.3389 0.9381 0.0722
vn 0.2397 0.9604 0.1418
vn 0.3798 0.9251 -0.0054
vn 0.1481 0.9845 0.0942
vn 0.7082 0.6603 -0.2500
vn 0.6855 0.6187 -0.3838
vn 0.7088 0.6102 -0.3541
vn 0.7450 0.5245 -0.4122
vn 0.7561 0.5416 -0.3674
vn 0.7285 0.5991 -0.3323
vn 0.8469 0.2795 -0.4524
vn 0.7582 0.5797 -0.2985
vn -0.5081 0.8510 -0.1325
vn -0.3740 0.9266 -0.0389
vn -0.7824 0.5267 -0.3324
vn 0.5209 0.7648 0.3792
vn -0.4345 0.8930 -0.1174
vn -0.5449 0.8163 -0.1918
vn -0.6951 0.6466 -0.3142
vn -0.4853 0.8526 -0.1936
vn 0.6753 0.6094 -0.4155
vn 0.6187 0.6777 -0.3975
vn 0.3098 0.9477 -0.0769
vn 0.1706 0.9831 -0.0660
vn 0.2035 0.8283 -0.5221
vn -0.5448 0.6312 -0.5521
vn -0.5407 0.6489 -0.5353
vn -0.2685 0.6149 -0.7415
vn -0.0591 0.6709 -0.7392
vn 0.2927 0.5471 -0.7842
vn 0.2514 0.6272 -0.7372
vn 0.4829 0.5916 -0.6456
vn 0.4740 0.6052 -0.6395
vn -0.2546 0.8270 -0.5013
vn 0.0296 0.8090 -0.5870
vn 0.0186 0.9990 0.0401
vn 0.7631 0.6234 -0.1705
vn 0.7964 0.5849 -0.1537
vn 0.7122 0.6863 -0.1475
vn 0.3142 0.9473 -0.0620
vn 0.0283 0.9995 -0.0142
vn 0.7425 0.6470 -0.1737
vn 0.4157 0.9038 -0.1017
vn 0.7544 0.6526 -0.0702
vn 0.5352 0.8436 0.0431
vn 0.8500 0.5259 0.0302
vn 0.1171 0.9716 -0.2054
vn 0.4203 0.8167 -0.3953
vn 0.5938 0.6977 -0.4007
vn 0.5551 0.8273 0.0869
vn 0.7590 0.6104 0.2266
vn 0.6257 0.6870 0.3696
vn 0.6605 0.6432 0.3873
vn 0.6542 0.6329 0.4141
vn 0.6245 0.6705 0.4005
vn 0.6376 0.6298 -0.4436
vn 0.5201 0.5829 0.6243
vn 0.3365 0.6803 0.6511
vn 0.0638 0.3632 0.9295
vn 0.1236 0.5430 0.8306
vn -0.1457 0.5556 0.8186
vn -0.1411 0.5618 0.8151
vn -0.1428 0.5596 0.8164
vn -0.1471 0.5538 0.8196
vn -0.3830 0.5754 0.7227
vn -0.3985 0.5597 0.7266
vn -0.6087 0.5919 0.5283
vn 0.5741 0.2880 0.7665
vn -0.4866 0.7014 0.5208
vn 0.0859 0.9474 -0.3082
vn 0.5527 0.6682 -0.4979
vn 0.5538 0.6673 -0.4980
vn 0.5554 0.6657 -0.4983
vn 0.5561 0.6652 -0.4983
vn -0.3829 0.8838 0.2689
vn 0.6177 0.6693 -0.4129
vn 0.5872 0.7043 -0.3989
vn -0.6092 0.7792 0.1476
vn -0.7355 0.6704 0.0979
vn -0.7366 0.6759 0.0247
vn -0.7362 0.6763 0.0247
vn -0.7365 0.6760 0.0247
vn -0.7371 0.6754 0.0246
vn -0.7512 0.6593 -0.0302
vn -0.8101 0.5852 -0.0353
vn -0.4323 0.8861 0.1671
vn -0.4760 0.8746 0.0918
vn -0.2664 0.9638 -0.0130
vn -0.0330 0.9953 0.0910
vn 0.0249 0.9992 0.0318
vn -0.0043 0.9995 0.0301
vn -0.0001 0.9999 -0.0110
vn 0.3515 0.7717 -0.5300
vn 0.5870 0.4676 -0.6609
vn 0.2331 0.7666 -0.5983
vn 0.0995 0.3488 -0.9319
vn 0.0950 0.3679 -0.9250
vn -0.1496 0.7685 -0.6221
vn -0.4474 0.4958 -0.7443
vn -0.4208 0.6433 -0.6396
vn 0.3344 -0.8211 -0.4625
vn -0.0029 0.9795 -0.2017
vn -0.3063 0.9456 -0.1096
vn -0.6923 0.5727 -0.4390
vn -0.6118 0.6935 -0.3804
vn -0.3422 0.8882 -0.3066
vn -0.0506 0.9975 -0.0490
vn -0.4403 0.8940 -0.0830
vn -0.7353 0.6719 -0.0886
vn -0.7988 0.5946 -0.0915
vn 0.0272 0.9971 -0.0704
vn -0.3487 0.9315 -0.1037
vn -0.7906 0.5969 -0.1363
vn -0.7364 0.6635 -0.1321
vn 0.5422 0.8187 0.1890
vn 0.3587 0.9324 0.0450
vn 0.8816 -0.0264 0.4713
vn 0.7703 0.5959 0.2270
vn -0.5314 0.5816 0.6160
vn -0.5562 0.5436 0.6286
vn -0.3235 0.8617 0.3909
vn -0.2263 0.6539 0.7220
vn -0.2333 0.6436 0.7289
vn 0.3110 0.6464 0.6967
vn 0.3056 0.6190 0.7235
vn 0.4072 0.8008 0.4392
vn 0.5596 0.6369 0.5303
vn 0.0339 0.6482 0.7607
vn 0.0249 0.6287 0.7772
vn -0.0218 0.9962 -0.0838
vn -0.0193 0.9963 -0.0839
vn -0.0274 0.9962 -0.0824
vn 0.5033 0.8641 0.0020
vn 0.7019 0.7114 0.0338
vn 0.7577 0.6522 0.0229
vn -0.0307 0.9962 -0.0816
vn 0.2782 0.9583 -0.0657
vn 0.4743 0.8792 -0.0456
vn 0.7988 0.6013 -0.0154
vn -0.5621 0.7836 0.2646
vn -0.4744 0.8545 0.2118
vn -0.7478 0.5352 0.3930
vn 0.5207 0.8243 -0.2223
vn 0.7278 0.6238 -0.2850
vn 0.3879 0.9053 -0.1731
vn 0.8101 0.5852 -0.0348
vn 0.6800 0.6965 -0.2291
vn 0.5787 0.6754 -0.4571
vn 0.5645 0.6887 -0.4550
vn 0.3549 0.6924 -0.6282
vn 0.4558 0.5497 -0.7001
vn 0.1424 0.7763 -0.6141
vn -0.2935 0.6857 -0.6661
vn -0.2981 0.6067 -0.7369
vn -0.3990 0.7726 -0.4938
vn 0.0039 0.5231 -0.8523
vn -0.0522 0.6749 -0.7360
vn -0.3534 0.9353 0.0149
vn -0.5247 0.8511 0.0177
vn -0.8409 0.4830 0.2443
vn -0.7067 0.7065 -0.0381
vn -0.2625 0.9240 -0.2780
vn -0.6034 0.6113 -0.5121
vn -0.6998 0.4201 -0.5777
vn -0.7895 0.5868 -0.1799
vn -0.4689 0.8699 -0.1531
vn 0.0342 0.9966 -0.0746
vn -0.8562 0.4848 -0.1786
vn -0.1697 0.9802 -0.1020
vn -0.6724 0.6847 -0.2811
vn -0.8126 0.2634 -0.5199
vn -0.2753 0.9256 -0.2597
vn -0.2752 0.9256 -0.2597
vn 0.0414 0.9912 -0.1260
vn -0.2751 0.9257 -0.2597
vn 0.8144 0.5644 0.1350
vn 0.4806 0.8752 0.0551
vn 0.4383 0.8978 0.0436
vn -0.1134 0.9903 -0.0807
vn 0.6628 0.6813 -0.3107
vn 0.4768 0.8721 -0.1102
vn 0.6832 0.7297 -0.0272
vn 0.6176 0.7112 0.3357
vn 0.5178 0.8326 -0.1966
vn 0.7186 0.6517 -0.2428
vn 0.7169 0.6537 -0.2425
vn 0.7152 0.6556 -0.2422
vn 0.7138 0.6572 -0.2420
vn 0.2412 0.9618 0.1294
vn 0.3956 0.8818 0.2568
vn 0.7064 0.4844 0.5161
vn 0.6508 0.5956 0.4708
vn 0.5349 0.7860 -0.3100
vn 0.5771 0.5966 -0.5577
vn 0.4831 0.6936 -0.5344
vn 0.2674 0.6868 -0.6759
vn 0.4021 0.4508 -0.7969
vn 0.0654 0.7775 -0.6254
vn -0.1228 0.5443 -0.8298
vn -0.1535 0.6873 -0.7100
vn -0.3979 0.6754 -0.6208
vn -0.3979 0.6746 -0.6218
vn -0.3981 0.6721 -0.6243
vn -0.3992 0.6714 -0.6244
vn -0.5445 0.7842 0.2977
vn -0.3261 0.8116 0.4848
vn -0.6318 0.6366 0.4422
vn -0.5107 0.5964 0.6192
vn -0.2069 0.6398 0.7402
vn -0.1981 0.6529 0.7311
vn 0.0592 0.6308 0.7736
vn 0.0615 0.6343 0.7706
vn 0.0608 0.6332 0.7716
vn 0.0596 0.6300 0.7743
vn 0.3217 0.5284 0.7857
vn 0.3359 0.6381 0.6929
vn 0.1102 0.9630 0.2459
vn 0.5604 0.5885 0.5827
vn 0.5570 0.6086 0.5651
vn 0.1486 0.9846 0.0926
vn -0.6668 0.5945 -0.4495
vn -0.6145 0.6798 -0.4003
vn -0.3414 0.8890 -0.3050
vn 0.1110 0.9937 -0.0164
vn -0.7642 0.6173 0.1868
vn -0.7510 0.6345 0.1829
vn -0.7761 0.6060 0.1745
vn -0.0250 0.9987 -0.0446
vn -0.7386 0.6740 -0.0136
vn -0.7881 0.6143 -0.0391
vn 0.0992 0.9943 -0.0385
vn -0.0119 0.9981 -0.0604
vn -0.3703 0.9210 -0.1211
vn -0.6808 0.7130 -0.1680
vn -0.7272 0.6635 -0.1756
vn -0.8394 0.5124 -0.1812
vn -0.4837 0.8292 -0.2802
vn -0.6690 0.6492 -0.3620
vn -0.7647 0.4985 -0.4083
vn 0.3103 0.9194 -0.2416
vn 0.5848 0.7102 -0.3919
vn 0.7130 0.5847 -0.3869
vn 0.2124 0.7675 -0.6049
vn 0.0592 0.4610 -0.8854
vn 0.0425 0.5259 -0.8495
vn -0.1645 0.7687 -0.6181
vn 0.4493 0.6533 -0.6094
vn 0.5155 0.5663 -0.6431
vn -0.4516 0.5236 -0.7224
vn -0.4561 0.4924 -0.7413
vn -0.5100 0.7383 -0.4414
vn -0.6207 0.7700 -0.1476
vn -0.7492 0.6080 -0.2628
vn -0.7848 0.6189 0.0328
vn -0.5723 0.8169 -0.0711
vn -0.8496 0.5190 -0.0943
vn 0.2671 0.9414 -0.2062
vn 0.7531 0.6514 -0.0922
vn -0.0558 0.9960 -0.0691
vn 0.2843 0.9586 -0.0160
vn 0.7491 0.6575 0.0805
vn 0.8418 0.5283 0.1109
vn 0.7306 0.6814 0.0440
vn 0.5790 0.8151 0.0207
vn 0.2913 0.9561 -0.0313
vn -0.5960 0.7944 0.1170
vn -0.5933 0.7965 0.1162
vn -0.5887 0.8002 0.1148
vn -0.5856 0.8026 0.1139
vn 0.7322 0.6751 0.0897
vn 0.8112 0.5696 0.1322
vn 0.7362 0.6683 0.1065
vn 0.4197 0.9072 0.0300
vn -0.0327 0.9966 -0.0755
vn -0.4796 0.8443 0.2389
vn -0.7455 0.6077 0.2738
vn -0.3316 0.7958 0.5067
vn -0.3376 0.6348 0.6950
vn -0.0539 0.8146 0.5776
vn -0.1690 0.6093 0.7747
vn 0.1608 0.6447 0.7474
vn 0.1618 0.6460 0.7460
vn 0.1632 0.6511 0.7412
vn 0.1637 0.6532 0.7393
vn -0.6533 -0.5066 0.5626
vn -0.6114 0.5989 0.5172
vn -0.6101 0.6006 0.5167
vn -0.6069 0.6045 0.5159
vn -0.6054 0.6063 0.5157
vn 0.4275 0.6216 0.6564
vn 0.4239 0.6653 0.6145
vn 0.0228 0.9997 -0.0125
vn 0.6948 0.5857 0.4173
vn 0.6604 0.6564 0.3648
vn -0.6932 -0.6728 -0.2585
vn -0.2780 -0.9586 -0.0613
vn -0.5496 -0.8314 -0.0820
vn -0.8340 -0.5505 0.0383
vn -0.5790 -0.7473 -0.3261
vn -0.7729 -0.4997 -0.3909
vn -0.1848 -0.9713 -0.1495
vn -0.7305 -0.5575 -0.3945
vn -0.7009 -0.6952 0.1594
vn -0.5687 -0.8154 0.1080
vn 0.5864 -0.7231 -0.3650
vn 0.6166 -0.6966 -0.3668
vn 0.4815 -0.5989 -0.6399
vn 0.4916 -0.5453 -0.6789
vn 0.2210 -0.7710 -0.5973
vn 0.0433 -0.5401 -0.8405
vn 0.0261 -0.4464 -0.8945
vn -0.1560 -0.7653 -0.6245
vn -0.4508 -0.5580 -0.6968
vn -0.4593 -0.5442 -0.7020
vn -0.4901 -0.7614 -0.4243
vn -0.5238 -0.8287 0.1974
vn -0.4157 -0.6377 0.6485
vn -0.0859 -0.6067 0.7903
vn 0.1096 -0.6528 0.7495
vn 0.4504 -0.5556 0.6989
vn 0.6414 -0.1359 0.7550
vn -0.5051 -0.7398 0.4444
vn -0.4661 -0.8086 0.3591
vn -0.2736 -0.8008 0.5328
vn -0.1392 -0.8134 0.5649
vn 0.1486 -0.7993 0.5823
vn 0.2803 -0.8457 0.4542
vn 0.4369 -0.8915 -0.1194
vn 0.6865 -0.6025 0.4070
vn 0.5639 -0.7746 0.2865
vn 0.3371 -0.9219 0.1908
vn 0.7389 -0.6687 0.0831
vn 0.5729 -0.8187 0.0381
vn -0.1268 -0.9890 -0.0758
vn 0.3297 -0.9437 -0.0267
vn 0.6278 -0.7779 0.0277
vn 0.7476 -0.6625 0.0469
vn -0.1275 -0.9877 -0.0907
vn 0.0497 -0.9968 -0.0630
vn 0.5830 -0.8106 0.0556
vn 0.7548 -0.6498 0.0897
vn -0.0951 -0.9928 -0.0725
vn 0.3612 -0.9324 0.0127
vn 0.7236 -0.6815 0.1098
vn 0.7880 -0.6030 0.1243
vn -0.0388 -0.9914 -0.1247
vn -0.2012 -0.9592 -0.1986
vn -0.3700 -0.8720 -0.3205
vn -0.6676 -0.5945 -0.4481
vn -0.6686 -0.5924 -0.4494
vn -0.6655 -0.5985 -0.4461
vn -0.6642 -0.6005 -0.4452
vn -0.4235 -0.6330 -0.6480
vn -0.4342 -0.6190 -0.6545
vn -0.1126 -0.6942 -0.7109
vn -0.1818 -0.5331 -0.8263
vn 0.0695 -0.7827 -0.6185
vn 0.3101 -0.5316 -0.7882
vn 0.3125 -0.6838 -0.6594
vn 0.5110 -0.6930 -0.5086
vn 0.5767 -0.5115 -0.6370
vn 0.5408 -0.7871 -0.2968
vn -0.1360 -0.9507 -0.2788
vn -0.6147 -0.7722 -0.1609
vn -0.8169 -0.5470 -0.1829
vn -0.4166 -0.8999 -0.1288
vn -0.4025 -0.9066 -0.1267
vn 0.0867 -0.9954 -0.0412
vn 0.0855 -0.9955 -0.0413
vn 0.0849 -0.9955 -0.0414
vn -0.8639 -0.4691 -0.1832
vn 0.7076 -0.6642 -0.2410
vn 0.7096 -0.6620 -0.2415
vn 0.7118 -0.6594 -0.2421
vn 0.7137 -0.6571 -0.2426
vn 0.1891 -0.9755 -0.1124
vn 0.1890 -0.9756 -0.1115
vn 0.1891 -0.9755 -0.1122
vn -0.9056 -0.3584 0.2269
vn -0.8110 -0.5657 0.1492
vn -0.4407 -0.8944 0.0759
vn -0.1691 -0.9854 -0.0180
vn -0.6869 -0.7257 -0.0384
vn -0.0831 -0.9965 -0.0113
vn -0.6697 -0.6095 0.4243
vn -0.6637 -0.6247 0.4114
vn -0.4693 -0.6108 0.6377
vn -0.4680 -0.6380 0.6115
vn -0.2193 -0.6208 0.7527
vn -0.2260 -0.6487 0.7267
vn 0.0773 -0.5684 0.8191
vn 0.0381 -0.6436 0.7645
vn 0.3150 -0.6278 0.7118
vn 0.3313 -0.6048 0.7242
vn 0.5762 -0.6073 0.5470
vn 0.2812 -0.8892 0.3610
vn -0.3277 -0.9274 0.1803
vn 0.4210 -0.0780 0.9037
vn 0.8118 -0.5816 -0.0527
vn 0.8110 -0.5827 -0.0525
vn 0.8099 -0.5842 -0.0522
vn 0.8090 -0.5855 -0.0521
vn 0.1896 -0.9753 -0.1132
vn 0.7170 -0.4479 0.5341
vn 0.5172 -0.7801 0.3520
vn 0.4007 -0.8787 0.2595
vn 0.4197 -0.9069 0.0369
vn 0.7781 -0.6149 0.1287
vn 0.8111 -0.5686 0.1367
vn -0.1322 -0.9876 -0.0848
vn 0.7935 -0.5965 0.1208
vn 0.6242 -0.7066 0.3332
vn -0.3204 -0.9382 -0.1307
vn -0.3188 -0.9390 -0.1291
vn -0.3186 -0.9389 -0.1305
vn -0.3174 -0.9393 -0.1304
vn -0.7831 -0.5949 -0.1810
vn -0.7827 -0.5955 -0.1810
vn -0.7829 -0.5952 -0.1810
vn -0.7825 -0.5957 -0.1810
vn -0.8525 -0.4892 0.1842
vn -0.4570 -0.8814 0.1196
vn -0.7884 -0.6150 0.0105
vn -0.3303 -0.9371 -0.1131
vn -0.5638 -0.8259 -0.0019
vn -0.3421 -0.8853 -0.3150
vn -0.7068 -0.5559 -0.4375
vn -0.6453 -0.6225 -0.4428
vn -0.1938 -0.9577 -0.2126
vn -0.1904 -0.9573 -0.2175
vn -0.1926 -0.9589 -0.2081
vn -0.7390 -0.5483 0.3916
vn -0.7626 -0.4996 0.4109
vn -0.4354 -0.8811 0.1847
vn -0.5604 -0.7856 0.2623
vn -0.5875 -0.6321 -0.5052
vn -0.5898 -0.6290 -0.5065
vn -0.5924 -0.6251 -0.5082
vn -0.5946 -0.6220 -0.5095
vn -0.1848 -0.9585 -0.2172
vn -0.5272 -0.5717 0.6287
vn -0.5129 -0.6356 0.5770
vn -0.2456 -0.6392 0.7287
vn -0.2498 -0.6585 0.7099
vn 0.0914 -0.5594 0.8238
vn 0.2557 -0.6511 0.7146
vn 0.5461 -0.6052 0.5792
vn 0.7862 -0.0872 0.6118
vn -0.3424 -0.8432 0.4145
vn -0.0234 -0.8219 0.5692
vn 0.2667 -0.8047 0.5303
vn 0.3854 -0.8363 0.3899
vn 0.8395 -0.4155 -0.3501
vn 0.4315 -0.8652 -0.2555
vn 0.8170 -0.4689 -0.3356
vn 0.4846 -0.7692 -0.4165
vn 0.4850 -0.4773 -0.7328
vn 0.3771 -0.7852 -0.4911
vn 0.1875 -0.6484 -0.7378
vn 0.1753 -0.5238 -0.8336
vn -0.0645 -0.7587 -0.6482
vn -0.3129 -0.5473 -0.7763
vn -0.3033 -0.5661 -0.7666
vn -0.4065 -0.7660 -0.4980
vn 0.1536 0.9874 -0.0379
vn 0.5993 -0.7856 0.1540
vn 0.4806 -0.8642 0.1487
vn 0.6973 -0.7095 -0.1017
vn 0.7467 -0.6635 0.0471
vn 0.9383 -0.3353 0.0851
vn 0.4608 -0.8874 -0.0097
vn -0.0108 -0.9965 -0.0834
vn 0.7469 -0.6647 0.0184
vn 0.4810 -0.8753 -0.0493
vn 0.4174 -0.9073 -0.0513
vn -0.0304 -0.9962 -0.0815
vn 0.6968 -0.5534 -0.4564
vn 0.5362 -0.6849 -0.4934
vn 0.5168 -0.7072 -0.4824
vn 0.1072 -0.9429 -0.3153
vn 0.5822 -0.7107 -0.3949
vn 0.5921 -0.6994 -0.4003
vn 0.4406 -0.8023 -0.4028
vn 0.0462 -0.9854 -0.1638
vn 0.6096 -0.7479 -0.2626
vn -0.4095 -0.6290 -0.6608
vn -0.4805 -0.5164 -0.7089
vn -0.1393 -0.7794 -0.6108
vn 0.0519 -0.4395 -0.8968
vn 0.0706 -0.5501 -0.8321
vn 0.2372 -0.7687 -0.5940
vn 0.5113 -0.5422 -0.6668
vn 0.4771 -0.6671 -0.5721
vn -0.3455 -0.8875 -0.3049
vn -0.6928 -0.5748 -0.4354
vn -0.6322 -0.6689 -0.3911
vn -0.1874 -0.9801 0.0651
vn 0.4172 -0.9045 -0.0888
vn 0.4210 -0.9034 -0.0814
vn 0.4180 -0.9046 -0.0835
vn 0.3229 -0.9440 -0.0677
vn 0.4202 -0.9028 -0.0916
vn 0.8111 -0.5660 -0.1477
vn -0.7336 -0.6735 -0.0909
vn -0.7710 -0.6305 -0.0894
vn -0.0048 -0.9988 -0.0488
vn -0.0079 -0.9988 -0.0488
vn -0.0128 -0.9987 -0.0490
vn -0.0158 -0.9987 -0.0491
vn -0.7884 -0.6006 -0.1333
vn -0.7377 -0.6618 -0.1337
vn -0.3415 -0.9342 -0.1031
vn 0.0322 -0.9970 -0.0699
vn 0.6877 -0.7052 -0.1726
vn 0.6867 -0.7063 -0.1720
vn 0.6854 -0.7077 -0.1711
vn 0.6849 -0.7083 -0.1710
vn -0.0359 -0.9954 -0.0890
vn 0.0326 -0.9946 -0.0983
vn -0.7161 -0.6893 -0.1096
vn 0.9895 -0.0803 -0.1204
vn 0.7534 -0.6566 -0.0352
vn 0.7343 -0.6786 -0.0198
vn 0.6976 -0.6847 0.2112
vn 0.7494 -0.6340 0.1909
vn -0.5974 -0.7829 0.1735
vn -0.0211 -0.9957 0.0904
vn 0.0327 -0.9990 0.0294
vn -0.0040 -0.9995 0.0316
vn -0.4770 -0.8651 0.1551
vn -0.4502 -0.8882 0.0916
vn -0.7313 -0.6749 0.0988
vn -0.7533 -0.6572 0.0246
vn -0.7473 -0.6640 0.0243
vn -0.7494 -0.6617 0.0244
vn -0.7553 -0.6549 0.0247
vn -0.7138 -0.6997 -0.0291
vn -0.7361 -0.6763 -0.0284
vn -0.0431 -0.9990 -0.0082
vn 0.0326 -0.9994 -0.0084
vn 0.6237 -0.6882 0.3707
vn 0.6101 -0.6864 0.3959
vn 0.6427 -0.6659 0.3787
vn 0.6397 -0.6518 0.4073
vn -0.3967 -0.8766 0.2723
vn 0.3818 -0.7949 0.4715
vn 0.3976 -0.4507 0.7993
vn -0.4656 -0.7216 0.5123
vn 0.3543 -0.5519 0.7549
vn 0.0922 -0.5203 0.8490
vn 0.0920 -0.5206 0.8488
vn 0.0922 -0.5202 0.8490
vn 0.0923 -0.5198 0.8493
vn -0.1523 -0.5830 0.7981
vn -0.1520 -0.5275 0.8358
vn -0.3906 -0.5985 0.6995
vn -0.3979 -0.5699 0.7189
vn -0.6182 -0.5929 0.5161
vn 0.3128 -0.1610 0.9361
vn 0.3080 -0.5099 0.8032
vn -0.0809 -0.9618 0.2616
vn 0.0792 -0.9602 0.2678
vn 0.0989 -0.9250 0.3668
vn 0.0876 -0.9219 0.3773
vn 0.1986 -0.8510 0.4862
vn 0.1814 -0.8405 0.5105
vn 0.2614 -0.7945 0.5481
vn 0.2058 -0.6851 0.6988
vn -0.6259 -0.6172 0.4768
vn -0.6259 -0.6175 0.4765
vn -0.6259 -0.6173 0.4767
vn -0.6262 -0.6169 0.4768
vn -0.5239 -0.5508 0.6498
vn -0.5485 -0.5121 0.6610
vn -0.2953 -0.6223 0.7250
vn -0.3192 -0.3640 0.8750
vn -0.2212 -0.5176 0.8265
vn -0.0038 -0.3745 0.9272
vn 0.2477 -0.7021 0.6677
vn 0.4560 -0.4904 0.7427
vn -0.7426 -0.5807 0.3336
vn -0.7811 -0.5341 0.3234
vn -0.3215 -0.8835 0.3407
vn -0.1803 -0.9307 0.3184
vn 0.6426 0.0176 0.7660
vn -0.7087 -0.6605 0.2481
vn -0.8926 -0.4508 -0.0109
vn -0.5079 -0.8463 0.1604
vn -0.2882 -0.9418 0.1733
vn 0.9052 0.1388 -0.4016
vn 0.8203 -0.3618 0.4430
vn 0.8353 -0.4905 0.2483
vn 0.8324 -0.5539 -0.0163
vn 0.6986 -0.6350 -0.3297
vn 0.7478 -0.4717 -0.4673
vn 0.7514 -0.4630 -0.4701
vn 0.7492 -0.4684 -0.4682
vn 0.6930 -0.5382 0.4796
vn 0.6325 -0.6723 0.3847
vn 0.5724 -0.8082 0.1384
vn 0.4217 -0.7406 0.5231
vn 0.3419 -0.8317 0.4375
vn 0.2752 -0.9026 0.3309
vn 0.1974 -0.9662 0.1659
vn 0.2858 -0.9557 0.0707
vn 0.5526 -0.6017 0.5767
vn -0.7557 -0.6545 -0.0233
vn 0.7964 -0.5074 -0.3290
vn 0.7301 -0.6199 -0.2875
vn 0.7991 -0.4653 -0.3808
vn 0.7559 -0.5406 -0.3693
vn 0.7661 -0.5102 -0.3909
vn 0.7300 -0.5583 -0.3942
vn 0.7526 -0.4598 -0.4713
vn 0.2990 -0.9531 0.0476
vn 0.4336 -0.9008 0.0234
vn 0.4075 -0.9115 0.0553
vn 0.4090 -0.9125 0.0066
vn 0.2850 -0.9507 0.1224
vn 0.3242 -0.9457 0.0219
vn -0.0198 -0.9670 0.2541
vn 0.4889 -0.8602 -0.1449
vn -0.7765 -0.5388 -0.3268
vn -0.5592 -0.8144 -0.1551
vn -0.4060 -0.9116 -0.0646
vn -0.5616 -0.8039 -0.1958
vn -0.4013 -0.9101 -0.1039
vn -0.5403 -0.8125 -0.2190
vn -0.4419 -0.8817 -0.1651
vn 0.3123 -0.9445 -0.1022
vn 0.7080 -0.5445 -0.4497
vn 0.7213 -0.4985 -0.4808
vn -0.4423 -0.8222 -0.3582
vn 0.1126 -0.7845 -0.6098
vn -0.6611 -0.6078 -0.4398
vn -0.3896 -0.6516 -0.6509
vn -0.3984 -0.6413 -0.6557
vn -0.1285 -0.6578 -0.7422
vn -0.1953 -0.5555 -0.8083
vn 0.1763 -0.6515 -0.7379
vn 0.3404 -0.8655 -0.3676
vn 0.3472 -0.8488 -0.3988
vn 0.4156 -0.5434 -0.7294
vn -0.3564 0.6415 0.6793
vn -0.2248 0.7095 0.6679
vn -0.2612 0.3563 0.8971
vn -0.3511 0.2604 0.8994
vn -0.0930 0.9854 0.1425
vn -0.2405 0.9590 0.1499
vn -0.1203 0.8846 0.4505
vn -0.3069 -0.9484 0.0797
vn -0.1062 -0.9231 0.3696
vn -0.2396 -0.7340 0.6355
vn -0.2750 -0.7150 0.6428
vn -0.2404 -0.4637 0.8528
vn -0.3486 -0.2775 0.8952
vn -0.2735 -0.1649 0.9476
vn -0.2239 -0.0272 -0.9742
vn -0.5429 0.0212 -0.8395
vn -0.5859 -0.0000 -0.8103
vn -0.5237 -0.0000 0.8519
vn -0.5434 0.0115 0.8394
vn -0.1732 -0.0216 0.9846
vn 0.2239 -0.0269 0.9743
vn 0.5429 0.0215 0.8395
vn 0.5860 -0.0000 0.8103
vn 0.5235 -0.0000 -0.8520
vn 0.5428 0.0113 -0.8398
vn 0.1736 -0.0216 -0.9846
vn -0.5667 -0.0000 -0.8239
vn -0.5856 -0.0114 -0.8105
vn -0.2239 0.0215 -0.9744
vn -0.1730 0.0270 0.9846
vn -0.4986 -0.0215 0.8666
vn -0.5430 -0.0000 0.8397
vn 0.1733 0.0270 -0.9845
vn 0.4984 -0.0213 -0.8667
vn 0.5432 -0.0000 -0.8396
vn 0.5672 -0.0000 0.8236
vn 0.5857 -0.0113 0.8105
vn 0.2239 0.0215 0.9744
vn -0.5216 0.6947 -0.4953
vn -0.5215 0.6948 -0.4952
vn -0.6994 0.6947 -0.1682
vn -0.6993 0.6949 -0.1679
vn -0.6897 0.6947 0.2042
vn -0.6897 0.6948 0.2039
vn -0.6899 0.6945 0.2041
vn -0.6898 0.6947 0.2041
vn -0.4953 0.6947 0.5217
vn -0.4951 0.6947 0.5218
vn -0.4952 0.6948 0.5215
vn -0.4952 0.6949 0.5214
vn -0.1681 0.6947 0.6993
vn -0.1683 0.6946 0.6995
vn 0.2041 0.6947 0.6897
vn 0.2042 0.6947 0.6897
vn 0.2040 0.6945 0.6899
vn 0.2041 0.6944 0.6900
vn 0.5217 0.6947 0.4953
vn 0.5216 0.6947 0.4953
vn 0.5218 0.6947 0.4951
vn 0.5217 0.6947 0.4951
vn 0.6995 0.6946 0.1683
vn 0.6994 0.6946 0.1683
vn 0.6993 0.6948 0.1683
vn 0.6992 0.6948 0.1683
vn 0.6895 0.6949 -0.2040
vn 0.4953 0.6946 -0.5216
vn 0.4953 0.6947 -0.5216
vn 0.4951 0.6948 -0.5217
vn 0.4951 0.6947 -0.5217
vn 0.1682 0.6946 -0.6995
vn 0.1682 0.6946 -0.6994
vn 0.1679 0.6946 -0.6995
vn -0.2042 0.6949 -0.6895
vn -0.2041 0.6947 -0.6897
vn -0.2040 0.6951 -0.6894
vn -0.4952 -0.6948 0.5216
vn -0.4955 -0.6945 0.5217
vn -0.6897 -0.6948 0.2041
vn -0.6897 -0.6948 0.2040
vn -0.6996 -0.6945 -0.1681
vn -0.5215 -0.6948 -0.4952
vn -0.5213 -0.6950 -0.4952
vn -0.2041 -0.6948 -0.6897
vn -0.2041 -0.6949 -0.6895
vn 0.1682 -0.6948 -0.6993
vn 0.1683 -0.6946 -0.6994
vn 0.1683 -0.6946 -0.6995
vn 0.4952 -0.6947 -0.5216
vn 0.4952 -0.6948 -0.5216
vn 0.4950 -0.6949 -0.5216
vn 0.4950 -0.6950 -0.5216
vn 0.6894 -0.6951 -0.2040
vn 0.6896 -0.6949 -0.2039
vn 0.6994 -0.6947 0.1680
vn 0.6993 -0.6948 0.1683
vn 0.6994 -0.6946 0.1684
vn 0.6993 -0.6948 0.1680
vn 0.5216 -0.6947 0.4952
vn 0.5219 -0.6945 0.4952
vn 0.5217 -0.6947 0.4953
vn 0.2040 -0.6946 0.6899
vn 0.2041 -0.6947 0.6898
vn 0.2039 -0.6948 0.6897
vn 0.2039 -0.6949 0.6896
vn -0.1682 -0.6948 0.6992
vn -0.1681 -0.6950 0.6991
vn -0.1681 -0.6947 0.6994
vn -0.6168 -0.6951 0.3693
vn -0.6168 -0.6951 0.3694
vn -0.6166 -0.6952 0.3694
vn -0.6165 -0.6953 0.3694
vn -0.7187 -0.6951 0.0185
vn -0.7186 -0.6952 0.0185
vn -0.7184 -0.6954 0.0185
vn -0.7183 -0.6954 0.0186
vn -0.6349 -0.6952 -0.3369
vn -0.6350 -0.6952 -0.3370
vn -0.6350 -0.6951 -0.3370
vn -0.1147 -0.7473 0.6545
vn -0.4030 -0.6705 0.6229
vn -0.3750 -0.6983 0.6097
vn -0.4185 -0.6999 -0.5788
vn -0.4150 -0.6455 -0.6412
vn -0.1461 -0.7580 -0.6357
vn 0.0201 -0.6285 0.7776
vn 0.0137 -0.5817 0.8133
vn -0.0137 -0.5816 -0.8133
vn -0.0200 -0.6282 -0.7778
vn 0.4185 -0.7000 0.5787
vn 0.4149 -0.6451 0.6416
vn 0.1461 -0.7580 0.6357
vn 0.1154 -0.7473 -0.6544
vn 0.4030 -0.6705 -0.6229
vn 0.3751 -0.6983 -0.6097
vn 0.6165 -0.6953 -0.3694
vn 0.6166 -0.6952 -0.3694
vn 0.6168 -0.6950 -0.3695
vn 0.6169 -0.6949 -0.3695
vn 0.7187 -0.6951 -0.0185
vn 0.7186 -0.6951 -0.0185
vn 0.7184 -0.6954 -0.0186
vn 0.7186 -0.6952 -0.0186
vn 0.6349 -0.6952 0.3369
vn 0.6349 -0.6953 0.3369
vn 0.6349 0.6953 0.3369
vn 0.6348 0.6955 0.3368
vn 0.6349 0.6953 0.3368
vn 0.6350 0.6952 0.3368
vn 0.7183 0.6955 -0.0185
vn 0.7184 0.6954 -0.0185
vn 0.7186 0.6951 -0.0186
vn 0.7187 0.6951 -0.0186
vn 0.6168 0.6949 -0.3696
vn 0.6168 0.6950 -0.3695
vn 0.6166 0.6952 -0.3693
vn 0.6166 0.6953 -0.3693
vn 0.3879 0.6999 -0.5997
vn 0.3811 0.6455 -0.6619
vn 0.1132 0.7581 -0.6422
vn 0.1488 0.7474 0.6475
vn 0.4348 0.6704 0.6012
vn 0.4060 0.6984 0.5894
vn -0.0284 0.5816 -0.8130
vn -0.0202 0.6283 -0.7777
vn 0.0203 0.6282 0.7778
vn 0.0284 0.5815 0.8131
vn -0.1490 0.7471 -0.6477
vn -0.4344 0.6708 -0.6011
vn -0.4064 0.6978 -0.5898
vn -0.3881 0.6998 0.5997
vn -0.3812 0.6453 0.6620
vn -0.1129 0.7579 0.6425
vn -0.6350 0.6951 -0.3369
vn -0.6350 0.6952 -0.3369
vn -0.6349 0.6952 -0.3369
vn -0.7183 0.6955 0.0185
vn -0.7186 0.6952 0.0186
vn -0.7187 0.6951 0.0186
vn -0.6166 0.6953 0.3692
vn -0.6167 0.6952 0.3693
vn -0.6168 0.6951 0.3694
vn -0.6360 -0.7630 0.1160
vn -0.6927 -0.6058 0.3914
vn -0.0218 -0.7929 0.6090
vn 0.7014 -0.6891 0.1820
vn 0.7539 -0.6280 0.1932
vn 0.6685 -0.6026 0.4358
vn 0.6416 -0.6377 0.4263
vn 0.5275 -0.5027 0.6848
vn 0.4923 -0.5741 0.6543
vn 0.2404 -0.6095 0.7555
vn 0.2348 -0.6244 0.7450
vn -0.0253 -0.6013 0.7986
vn -0.0270 -0.6144 0.7885
vn -0.2951 -0.5574 0.7761
vn -0.2891 -0.6110 0.7370
vn -0.5304 -0.5516 0.6437
vn -0.6817 -0.6225 0.3844
vn -0.7881 -0.5985 0.1440
vn -0.7752 -0.6163 0.1391
vn -0.8091 -0.5859 -0.0469
vn -0.5379 -0.7794 0.3212
vn -0.3993 -0.8013 0.4455
vn 0.6210 -0.7708 0.1422
vn 0.6318 -0.7750 0.0148
vn -0.6827 -0.6019 0.4143
vn -0.5205 -0.7725 0.3638
vn -0.6438 -0.6293 0.4353
vn -0.5590 -0.7450 0.3639
vn -0.6280 -0.7088 0.3213
vn -0.6627 -0.6641 0.3461
vn -0.6729 -0.7027 0.2312
vn -0.6679 -0.7083 0.2286
vn -0.6698 -0.7062 0.2295
vn -0.6750 -0.7003 0.2324
vn -0.6935 -0.7124 0.1076
vn -0.7750 -0.6154 0.1436
vn -0.6968 -0.7169 -0.0235
vn 0.3591 -0.9326 -0.0351
vn 0.7067 -0.7008 -0.0976
vn 0.7269 -0.6773 -0.1135
vn 0.7456 -0.6562 -0.1158
vn 0.7015 -0.7063 -0.0950
vn -0.6155 -0.7863 -0.0534
vn -0.5928 -0.7744 0.2211
vn -0.6874 -0.6728 0.2734
vn -0.8136 -0.5713 0.1083
vn -0.6318 -0.7704 0.0855
vn -0.5790 -0.8122 0.0711
vn 0.6987 -0.7105 0.0838
vn 0.6794 -0.7291 0.0826
vn 0.6990 -0.7131 0.0537
vn 0.6977 -0.7144 0.0537
vn 0.6983 -0.7138 0.0537
vn 0.6997 -0.7124 0.0538
vn 0.7347 -0.6784 0.0012
vn 0.6937 -0.7203 0.0040
vn 0.7202 -0.6918 -0.0531
vn 0.8061 -0.5879 -0.0669
vn 0.5888 -0.8037 -0.0864
vn 0.8594 -0.4858 -0.1593
vn 0.6716 -0.7314 -0.1183
vn 0.7055 -0.6999 -0.1114
vn 0.6160 -0.7824 -0.0914
vn -0.2778 -0.9594 -0.0496
vn -0.3418 -0.9379 -0.0599
vn -0.8943 -0.4131 -0.1722
vn -0.5862 -0.8061 -0.0815
vn -0.1740 -0.9825 0.0661
vn -0.7938 -0.6064 -0.0453
vn -0.7083 -0.6833 0.1773
vn -0.7315 -0.6601 0.1708
vn -0.7919 -0.4994 0.3513
vn -0.8156 -0.4724 0.3342
vn -0.7765 -0.3265 0.5390
vn -0.7493 -0.3451 0.5652
vn -0.9119 -0.0973 0.3988
vn 0.5034 -0.7060 0.4982
vn 0.7446 -0.4640 0.4799
vn 0.2501 -0.1924 0.9489
vn 0.5191 -0.1629 0.8390
vn 0.3694 -0.5413 0.7553
vn 0.4235 -0.5028 0.7535
vn 0.7037 -0.6895 0.1717
vn 0.8934 -0.3551 0.2753
vn -0.8615 -0.0261 0.5071
vn -0.6826 -0.0035 0.7307
vn 0.4962 0.0044 0.8682
vn 0.3250 -0.0139 0.9456
vn 0.5762 -0.7854 0.2260
vn 0.7762 -0.5367 0.3308
vn 0.8852 -0.2310 0.4037
vn 0.5903 -0.7784 0.2137
vn 0.6617 -0.7060 0.2523
vn -0.8862 -0.2348 0.3994
vn -0.6989 -0.5760 0.4240
vn -0.5984 -0.6608 0.4530
vn -0.6786 -0.3486 0.6465
vn -0.3307 -0.5243 0.7847
vn 0.4092 -0.2515 0.8771
vn 0.2050 -0.6949 0.6893
vn 0.1683 -0.7121 0.6816
vn -0.2186 -0.8908 0.3983
vn -0.2482 -0.6884 0.6815
vn 0.6417 0.7504 0.1588
vn -0.0143 0.7928 0.6093
vn -0.7110 0.6892 0.1398
vn -0.7641 0.6278 0.1481
vn -0.6932 0.6025 0.3954
vn -0.6657 0.6376 0.3876
vn -0.5674 0.5025 0.6524
vn -0.5299 0.5745 0.6238
vn -0.2848 0.6097 0.7397
vn -0.2786 0.6245 0.7297
vn -0.0221 0.6013 0.7987
vn -0.0198 0.6146 0.7886
vn 0.2485 0.5573 0.7922
vn 0.2448 0.6111 0.7528
vn 0.5094 0.5446 0.6663
vn 0.5091 0.5455 0.6657
vn 0.5093 0.5451 0.6660
vn 0.5095 0.5442 0.6665
vn 0.6511 0.6301 0.4233
vn 0.6464 0.6377 0.4189
vn 0.6480 0.6351 0.4204
vn 0.6525 0.6276 0.4246
vn 0.7746 0.6027 0.1918
vn 0.7538 0.6313 0.1823
vn 0.7792 0.6266 0.0092
vn 0.6469 0.7622 -0.0221
vn -0.6343 0.7657 0.1069
vn -0.6109 0.7913 -0.0242
vn -0.8785 0.4721 -0.0733
vn -0.6804 0.6071 0.4105
vn -0.5198 0.7729 0.3640
vn -0.7952 0.3180 0.5163
vn -0.5323 0.7661 0.3601
vn -0.6228 0.7125 0.3231
vn -0.6352 0.6995 0.3275
vn -0.6772 0.7029 0.2176
vn -0.6568 0.7393 0.1487
vn -0.6811 0.7320 -0.0163
vn -0.9155 0.3026 0.2651
vn 0.7698 0.6310 -0.0966
vn 0.6281 0.7721 -0.0970
vn 0.6813 0.7246 -0.1038
vn 0.6825 0.7236 -0.1027
vn 0.6869 0.7205 -0.0954
vn 0.6875 0.7201 -0.0937
vn 0.6435 0.7600 -0.0909
vn -0.7753 0.6248 -0.0921
vn -0.6270 0.7769 -0.0579
vn -0.7450 0.6041 0.2828
vn -0.6882 0.6723 0.2727
vn -0.7700 0.6289 0.1071
vn -0.7685 0.6308 0.1069
vn -0.7691 0.6299 0.1084
vn -0.7707 0.6281 0.1071
vn -0.6284 0.7747 0.0702
vn 0.6627 0.7448 0.0779
vn 0.7122 0.6966 0.0867
vn 0.6929 0.7192 0.0517
vn 0.7242 0.6873 0.0558
vn 0.7083 0.7059 0.0024
vn 0.7034 0.7108 0.0020
vn 0.7056 0.7086 0.0022
vn 0.7102 0.7040 0.0026
vn 0.6857 0.7257 -0.0564
vn 0.8293 0.5557 -0.0582
vn 0.6124 0.7853 -0.0911
vn 0.8145 0.5625 -0.1423
vn 0.6567 0.7444 -0.1211
vn 0.7686 0.6281 -0.1216
vn -0.6608 0.7429 -0.1069
vn -0.8539 0.4939 -0.1640
vn -0.1875 0.9817 -0.0338
vn -0.1477 0.9887 -0.0253
vn -0.7727 0.6179 -0.1450
vn -0.8157 0.2421 0.5253
vn -0.8153 0.2422 0.5260
vn -0.8159 0.2419 0.5252
vn -0.8161 0.2421 0.5248
vn -0.8148 0.4350 0.3833
vn -0.8176 0.4334 0.3791
vn -0.8165 0.4339 0.3809
vn -0.8138 0.4357 0.3846
vn -0.7453 0.6199 0.2455
vn -0.7612 0.6063 0.2301
vn -0.6786 0.7329 0.0478
vn -0.7617 0.6479 -0.0030
vn 0.6567 0.7400 0.1455
vn 0.8936 0.3514 0.2793
vn 0.5636 0.6526 0.5065
vn 0.8383 0.1831 0.5136
vn 0.3369 0.5446 0.7681
vn 0.7279 0.2544 0.6368
vn 0.3123 0.5602 0.7672
vn 0.4372 0.7350 0.5183
vn 0.2678 0.1932 0.9439
vn 0.3416 0.1893 0.9206
vn -0.8325 0.0062 0.5541
vn -0.7524 0.0212 0.6584
vn 0.5697 0.7916 0.2210
vn 0.7075 0.6440 0.2911
vn 0.5548 0.8087 0.1954
vn 0.3282 0.9420 0.0697
vn 0.7278 0.6190 0.2952
vn 0.4680 0.0132 0.8836
vn 0.3342 0.0009 0.9425
vn -0.8176 0.2361 0.5251
vn -0.7094 0.6138 0.3464
vn -0.6888 0.3039 0.6582
vn -0.5332 0.7039 0.4693
vn -0.5505 0.6829 0.4801
vn -0.4244 0.1516 0.8927
vn -0.3323 0.7890 0.5167
vn -0.3323 0.7896 0.5158
vn -0.3313 0.7915 0.5135
vn -0.3303 0.7923 0.5130
vn 0.0188 0.9203 0.3908
vn 0.4287 0.5870 0.6868
vn 0.0963 0.7490 0.6555
vn -0.2719 0.5017 0.8212
vn -0.0819 0.9478 0.3083
vn -0.0051 0.9466 -0.3222
vn -0.0261 0.3969 -0.9175
vn -0.0254 0.2242 -0.9742
vn 0.2964 0.9494 -0.1037
vn 0.6386 0.7582 0.1316
vn 0.8149 0.5443 -0.1992
vn 0.6920 0.6864 -0.2237
vn 0.4605 0.7142 -0.5271
vn 0.5095 0.6621 -0.5496
vn 0.0837 0.7916 -0.6053
vn -0.1722 0.7578 -0.6294
vn -0.2229 0.9499 -0.2189
vn -0.5511 0.5410 -0.6353
vn -0.5175 0.6788 -0.5210
vn -0.6846 0.7045 -0.1872
vn -0.7069 0.6762 -0.2075
vn 0.2898 0.9470 0.1387
vn 0.8787 0.2372 0.4143
vn 0.7576 0.5435 0.3615
vn -0.8591 0.5117 -0.0101
vn -0.7171 0.6969 -0.0121
vn -0.6315 0.7655 0.1238
vn -0.6245 0.6379 0.4506
vn -0.5820 0.6810 0.4443
vn -0.3092 0.7065 0.6366
vn -0.3259 0.6886 0.6478
vn 0.0086 0.7165 0.6975
vn -0.0102 0.6811 0.7321
vn 0.3324 0.7053 0.6261
vn 0.3368 0.6084 0.7186
vn 0.4813 0.7810 0.3979
vn -0.0255 -0.3959 -0.9179
vn -0.0248 -0.4180 -0.9081
vn 0.1349 -0.7763 -0.6158
vn 0.5054 -0.6093 -0.6110
vn 0.4879 -0.6835 -0.5429
vn 0.6717 -0.7103 -0.2103
vn 0.7048 -0.6676 -0.2399
vn 0.5770 -0.7990 0.1693
vn -0.6311 -0.7576 -0.1667
vn -0.2186 -0.9493 -0.2260
vn -0.6381 -0.5311 -0.5575
vn -0.5361 -0.6623 -0.5234
vn -0.1144 -0.7915 -0.6004
vn 0.7870 -0.4904 0.3744
vn 0.7884 -0.4876 0.3751
vn 0.7902 -0.4840 0.3759
vn 0.7918 -0.4810 0.3765
vn -0.8361 -0.5484 -0.0146
vn -0.9698 -0.2429 -0.0220
vn -0.3211 -0.9470 -0.0051
vn 0.5112 -0.7639 0.3938
vn 0.3604 -0.6342 0.6840
vn 0.3219 -0.6812 0.6576
vn -0.0088 -0.7068 0.7074
vn 0.0026 -0.6856 0.7279
vn -0.3171 -0.7128 0.6255
vn -0.3158 -0.6857 0.6558
vn -0.5729 -0.7118 0.4064
vn -0.6202 -0.6120 0.4908
vn -0.6074 -0.7818 0.1412
vn -0.7572 -0.6185 -0.2098
vn -0.4886 -0.7547 -0.4379
vn -0.5028 -0.7089 -0.4947
vn -0.2488 -0.7141 -0.6543
vn -0.0129 -0.9281 -0.3721
vn -0.0090 -0.8166 -0.5772
vn -0.5727 -0.8197 -0.0111
vn -0.6434 -0.7654 -0.0104
vn 0.1765 -0.6231 -0.7620
vn 0.4103 -0.7545 -0.5123
vn 0.4907 -0.6826 -0.5416
vn 0.6943 -0.6857 -0.2187
vn 0.6693 -0.7081 -0.2250
vn 0.6987 -0.7113 0.0762
vn 0.6320 -0.5921 0.5000
vn 0.3570 -0.7165 0.5994
vn 0.3295 -0.6553 0.6797
vn 0.0017 -0.7774 0.6290
vn 0.0001 -0.7746 0.6325
vn 0.0017 -0.7770 0.6295
vn -0.0005 -0.7737 0.6335
vn -0.3632 -0.5586 0.7457
vn -0.4494 -0.7988 0.4000
vn -0.5287 -0.7406 0.4148
vn -0.7815 -0.6021 0.1638
vn 0.1041 -0.9933 0.0504
vn 0.3338 -0.9293 0.1578
vn 0.5475 -0.7941 0.2639
vn 0.7678 0.6230 0.1491
vn 0.6340 0.7549 -0.1679
vn 0.6840 0.6942 -0.2241
vn 0.4790 0.7058 -0.5219
vn 0.4786 0.7067 -0.5210
vn 0.4784 0.7067 -0.5213
vn 0.4787 0.7071 -0.5204
vn 0.2156 0.7081 -0.6723
vn 0.5823 0.7638 0.2786
vn 0.5166 0.8203 0.2454
vn -0.0208 0.8160 -0.5777
vn -0.0065 0.9283 -0.3718
vn -0.7466 0.6466 0.1569
vn -0.5390 0.7492 0.3850
vn -0.5552 0.7131 0.4281
vn -0.2804 0.6693 0.6881
vn -0.2838 0.7708 0.5704
vn -0.0078 0.5657 0.8246
vn 0.2240 0.7983 0.5590
vn 0.2886 0.7386 0.6092
vn 0.6307 0.5940 0.4994
vn -0.2162 0.6186 -0.7554
vn -0.4419 0.7548 -0.4847
vn -0.4990 0.7089 -0.4985
vn -0.6563 0.7142 -0.2433
vn -0.5973 0.8020 -0.0077
vn -0.3706 0.9288 -0.0085
vn -0.5975 0.7837 0.1696
vn -0.5213 0.8400 0.1507
vn -0.6422 0.6862 0.3415
vn 0.7060 0.6379 0.3077
vn 0.4896 0.6038 0.6290
vn 0.2349 0.5899 0.7725
vn -0.1745 0.6058 0.7763
vn -0.4489 0.5848 0.6756
vn 0.6323 0.7157 0.2966
vn 0.4145 0.7983 0.4369
vn 0.1192 0.7951 0.5946
vn -0.0869 0.7857 0.6125
vn -0.3594 0.8441 0.3979
vn -0.7621 0.6100 -0.2169
vn -0.6738 0.7253 -0.1412
vn -0.7774 0.6234 0.0842
vn 0.7083 0.6934 0.1324
vn 0.2088 0.9771 0.0409
vn 0.7333 0.6661 0.1363
vn 0.5430 0.8368 0.0703
vn 0.7203 0.6862 0.1017
vn -0.1154 0.9918 -0.0548
vn -0.0929 0.9947 -0.0437
vn -0.6219 0.7243 -0.2977
vn -0.6997 0.6321 -0.3329
vn -0.5395 0.7167 -0.4420
vn -0.5514 0.6921 -0.4657
vn -0.2971 0.6998 -0.6496
vn -0.3016 0.6944 -0.6534
vn -0.2983 0.6989 -0.6501
vn -0.3029 0.6924 -0.6548
vn 0.0344 0.6766 -0.7356
vn 0.0453 0.7081 -0.7046
vn 0.3585 0.6863 -0.6328
vn 0.3571 0.7005 -0.6179
vn 0.6089 0.6829 -0.4036
vn 0.5506 0.7715 -0.3187
vn 0.8158 0.5706 -0.0945
vn 0.7472 0.5735 0.3358
vn 0.1827 0.9825 0.0362
vn 0.7114 0.6860 0.1526
vn 0.6739 0.7250 0.1426
vn 0.4682 0.8074 0.3591
vn 0.2808 0.9334 0.2234
vn 0.7608 0.6479 -0.0373
vn 0.7332 0.6797 -0.0221
vn 0.4123 0.7050 0.5771
vn 0.1650 0.7135 0.6809
vn 0.1760 0.6975 0.6946
vn -0.1430 0.6912 0.7084
vn -0.1469 0.7098 0.6890
vn -0.4352 0.6923 0.5755
vn -0.4327 0.7031 0.5643
vn -0.6471 0.6819 0.3411
vn -0.6097 0.7362 0.2939
vn -0.7291 0.6838 0.0304
vn -0.7500 0.6601 0.0426
vn 0.6701 0.7172 -0.1911
vn 0.5403 0.8261 -0.1601
vn -0.2086 0.9772 -0.0388
vn -0.3474 0.9354 -0.0657
vn -0.9022 0.4000 -0.1612
vn -0.6796 0.7224 -0.1277
vn -0.6465 0.6990 -0.3058
vn -0.4731 0.7040 -0.5297
vn -0.4668 0.7100 -0.5273
vn -0.4713 0.7053 -0.5295
vn -0.4649 0.7120 -0.5262
vn -0.2005 0.6906 -0.6949
vn -0.1933 0.7008 -0.6867
vn 0.1225 0.6844 -0.7187
vn 0.1237 0.6875 -0.7156
vn 0.1230 0.6853 -0.7177
vn 0.1232 0.6887 -0.7145
vn 0.4255 0.6774 -0.6000
vn 0.4031 0.7633 -0.5048
vn 0.7001 0.5998 -0.3875
vn -0.5201 0.5577 -0.6469
vn -0.1702 0.7469 -0.6428
vn -0.1939 0.7110 -0.6759
vn 0.1315 0.6917 -0.7102
vn 0.1356 0.7066 -0.6945
vn 0.4261 0.6849 -0.5910
vn 0.4254 0.6902 -0.5855
vn 0.4259 0.6864 -0.5895
vn 0.4246 0.6913 -0.5846
vn 0.6450 0.6746 -0.3591
vn 0.5873 0.7570 -0.2864
vn 0.7857 0.6162 -0.0547
vn -0.6149 0.6283 -0.4766
vn -0.4419 0.8255 -0.3511
vn -0.0867 0.9940 -0.0660
vn 0.3317 0.9433 0.0155
vn 0.6768 0.7344 0.0510
vn 0.6293 0.7755 0.0495
vn 0.5712 0.8178 0.0705
vn 0.7353 0.6703 0.1001
vn -0.7267 0.6008 -0.3332
vn -0.6633 0.6959 -0.2751
vn -0.4818 0.7506 0.4521
vn 0.5402 0.6053 0.5846
vn 0.2066 0.5825 0.7861
vn 0.1908 0.6132 0.7665
vn -0.2073 0.5899 0.7804
vn -0.2091 0.6022 0.7705
vn -0.5524 0.5912 0.5877
vn 0.6318 0.7483 0.2022
vn 0.4525 0.7874 0.4188
vn -0.6904 0.7148 -0.1114
vn -0.6880 0.7171 -0.1112
vn -0.6942 0.7111 -0.1118
vn -0.6963 0.7089 -0.1120
vn -0.6857 0.6075 0.4009
vn -0.5497 0.7687 0.3271
vn -0.1283 0.9891 0.0716
vn -0.7825 0.6223 -0.0208
vn -0.5710 0.8040 0.1656
vn -0.7314 0.6076 0.3095
vn -0.7122 0.6486 -0.2686
vn -0.7507 0.5853 -0.3065
vn -0.5256 0.5792 -0.6231
vn -0.5023 0.6106 -0.6123
vn -0.1627 0.5863 -0.7936
vn -0.1548 0.6021 -0.7832
vn 0.2096 0.5839 -0.7843
vn 0.5820 0.6125 -0.5348
vn 0.2107 0.7899 -0.5758
vn 0.4269 0.7804 -0.4569
vn -0.7719 0.6282 -0.0973
vn -0.7948 0.6050 0.0472
vn -0.7138 0.6993 0.0390
vn -0.7194 0.6946 0.0014
vn -0.6931 0.7208 0.0001
vn -0.7010 0.7123 -0.0352
vn -0.6974 0.7158 -0.0353
vn -0.6997 0.7136 -0.0352
vn -0.6954 0.7178 -0.0353
vn -0.7764 0.6261 -0.0714
vn -0.6254 0.7777 -0.0633
vn -0.1525 0.9882 0.0122
vn 0.6791 0.6155 -0.4000
vn 0.6418 0.6683 -0.3761
vn 0.6097 0.5937 0.5251
vn 0.2207 0.6028 0.7667
vn -0.1614 0.5783 0.7997
vn -0.1671 0.6104 0.7743
vn -0.5086 0.5894 0.6276
vn -0.7593 0.6003 0.2511
vn 0.4260 0.7900 0.4410
vn 0.2159 0.7793 0.5883
vn -0.4220 0.8001 0.4262
vn -0.5984 0.7653 0.2371
vn 0.7525 0.5951 -0.2822
vn 0.6885 0.6248 0.3682
vn 0.5816 0.7526 0.3088
vn 0.6791 0.7119 -0.1788
vn 0.6160 0.7695 -0.1686
vn 0.6171 0.7761 -0.1301
vn 0.7073 0.6928 -0.1407
vn 0.6555 0.7340 0.1778
vn 0.6164 0.7664 0.1809
vn 0.8007 0.5918 -0.0930
vn 0.4727 0.6403 0.6054
vn 0.5121 0.7535 0.4123
vn 0.4970 0.7672 0.4055
vn 0.7273 0.5841 0.3604
vn 0.5944 0.7855 0.1722
vn 0.6924 0.7027 0.1635
vn 0.7290 0.6844 -0.0149
vn 0.6501 0.7599 0.0061
vn 0.8160 0.5490 -0.1811
vn 0.5710 0.7850 -0.2404
vn 0.6321 0.7153 -0.2980
vn 0.5908 0.6560 -0.4697
vn 0.7684 0.4409 -0.4639
vn 0.5960 0.7427 -0.3053
vn 0.5412 0.7425 -0.3946
vn 0.2309 0.9633 -0.1369
vn 0.5935 0.7272 -0.3448
vn 0.6230 0.6277 -0.4667
vn 0.5030 0.7414 -0.4442
vn 0.5036 0.7408 -0.4445
vn 0.5045 0.7398 -0.4452
vn 0.5051 0.7391 -0.4457
vn 0.3325 0.7705 0.5439
vn 0.3142 0.7992 0.5125
vn 0.5343 0.7454 -0.3986
vn 0.5626 0.6876 -0.4590
vn 0.3149 0.7297 -0.6069
vn 0.3153 0.6898 -0.6517
vn 0.0221 0.7081 -0.7058
vn 0.0090 0.6756 -0.7372
vn -0.3057 0.6901 -0.6560
vn -0.2866 0.7129 -0.6401
vn -0.5054 0.7116 -0.4881
vn -0.7723 0.5783 0.2630
vn -0.5457 0.7736 0.3221
vn -0.5831 0.7251 0.3663
vn -0.5246 0.6978 0.4877
vn -0.3277 0.7093 0.6241
vn -0.1841 0.7145 0.6750
vn -0.1814 0.7707 0.6108
vn -0.0397 0.5391 0.8413
vn 0.0935 0.8011 0.5912
vn 0.1309 0.7321 0.6685
vn 0.3408 0.5895 0.7323
vn -0.2179 0.9317 0.2907
vn -0.1199 0.9907 -0.0636
vn -0.3155 0.9337 -0.1696
vn -0.5528 0.7802 -0.2929
vn -0.6898 0.7131 0.1252
vn -0.6211 0.7742 0.1215
vn -0.7077 0.7053 -0.0430
vn -0.7710 0.6363 0.0255
vn -0.7531 0.6056 -0.2569
vn -0.6063 -0.6003 -0.5215
vn -0.2918 -0.7684 -0.5695
vn -0.2936 -0.6969 -0.6543
vn -0.0015 -0.7057 -0.7085
vn 0.0102 -0.6780 -0.7350
vn 0.3276 -0.6854 -0.6503
vn 0.3033 -0.7133 -0.6319
vn 0.5341 -0.7215 -0.4406
vn 0.5681 -0.6879 -0.4517
vn -0.5928 -0.7410 -0.3155
vn -0.4958 -0.8268 -0.2656
vn -0.1449 -0.9865 -0.0767
vn 0.4946 -0.7526 -0.4347
vn 0.6366 -0.6941 -0.3362
vn 0.5289 -0.7054 -0.4719
vn 0.5667 -0.7084 -0.4208
vn 0.5886 -0.6822 -0.4337
vn 0.5943 -0.7199 -0.3585
vn 0.7435 -0.5135 -0.4284
vn 0.1995 -0.9726 -0.1195
vn 0.1243 -0.9870 -0.1023
vn -0.7893 -0.5496 -0.2736
vn -0.8387 -0.5424 -0.0494
vn -0.7108 -0.7034 0.0034
vn 0.6136 -0.6280 -0.4787
vn 0.6441 -0.6953 -0.3188
vn 0.6757 -0.6656 -0.3170
vn 0.6237 -0.7697 -0.1359
vn 0.6178 -0.7744 -0.1363
vn 0.6228 -0.7705 -0.1363
vn 0.6158 -0.7760 -0.1362
vn 0.8254 -0.5646 0.0058
vn 0.5852 -0.8005 0.1298
vn 0.6258 -0.7652 0.1510
vn 0.7385 -0.5653 0.3674
vn 0.4840 -0.7927 0.3707
vn 0.5212 -0.7403 0.4246
vn 0.4848 -0.6119 0.6249
vn -0.6417 -0.7555 0.1321
vn -0.6204 -0.7742 0.1252
vn 0.3094 -0.8048 0.5066
vn 0.3395 -0.7606 0.5534
vn 0.3234 -0.6315 0.7047
vn 0.1191 -0.7585 0.6407
vn 0.1199 -0.7712 0.6252
vn -0.0420 -0.5392 0.8412
vn -0.1440 -0.7855 0.6019
vn -0.2072 -0.6958 0.6877
vn -0.3447 -0.7258 0.5953
vn -0.3558 -0.7123 0.6050
vn -0.4789 -0.6964 0.5345
vn -0.6198 -0.7073 0.3400
vn -0.7745 -0.5792 0.2542
vn -0.2650 -0.9434 0.1992
vn -0.7247 -0.6434 0.2468
vn -0.7671 -0.5749 0.2847
vn -0.5402 -0.5691 0.6200
vn -0.5060 -0.6161 0.6036
vn -0.1612 -0.5898 0.7913
vn -0.1555 -0.6014 0.7836
vn 0.2500 -0.5782 0.7767
vn 0.2532 -0.6161 0.7459
vn 0.5942 -0.5891 0.5476
vn 0.5896 -0.6041 0.5361
vn 0.2756 -0.9504 0.1438
vn 0.6979 -0.6106 0.3743
vn -0.6991 -0.7150 0.0018
vn -0.7858 -0.6185 -0.0026
vn -0.6946 -0.7186 -0.0341
vn -0.7010 -0.7123 -0.0348
vn -0.6971 -0.7162 -0.0343
vn -0.7038 -0.7095 -0.0352
vn -0.6958 -0.7149 -0.0690
vn -0.6198 -0.7825 -0.0592
vn -0.7927 -0.6016 -0.0985
vn -0.7024 -0.7107 0.0395
vn -0.7609 -0.6473 0.0459
vn 0.7662 -0.6380 -0.0773
vn 0.6821 -0.7172 0.1431
vn 0.5787 -0.6091 -0.5423
vn 0.2052 -0.6116 -0.7641
vn -0.1614 -0.5854 -0.7945
vn -0.1647 -0.6026 -0.7809
vn -0.5239 -0.5786 -0.6251
vn -0.5162 -0.6143 -0.5968
vn -0.7383 -0.6046 -0.2990
vn -0.7105 -0.6494 -0.2710
vn 0.4268 -0.7795 -0.4585
vn 0.2076 -0.7829 -0.5864
vn 0.6986 -0.6886 -0.1945
vn 0.5860 -0.7965 -0.1492
vn 0.6602 -0.7391 -0.1336
vn 0.6836 -0.7162 -0.1403
vn 0.1137 -0.9912 -0.0683
vn 0.1136 -0.9912 -0.0683
vn 0.5924 -0.7278 -0.3456
vn 0.6812 -0.6123 -0.4013
vn 0.7474 -0.6080 -0.2678
vn -0.7035 -0.6365 -0.3163
vn -0.7299 -0.6067 -0.3150
vn -0.1807 -0.9832 -0.0259
vn -0.7145 -0.6890 -0.1213
vn -0.7785 -0.6144 -0.1281
vn -0.0897 -0.9936 -0.0681
vn -0.4783 -0.7915 -0.3805
vn -0.6247 -0.6115 -0.4856
vn -0.6470 -0.7186 0.2549
vn -0.7918 -0.6106 -0.0164
vn -0.6034 -0.7958 0.0510
vn 0.6992 -0.7094 -0.0884
vn 0.6218 -0.7055 -0.3401
vn 0.6163 -0.7105 -0.3397
vn 0.6209 -0.7066 -0.3394
vn 0.6142 -0.7123 -0.3397
vn 0.4258 -0.6901 -0.5852
vn 0.4257 -0.6902 -0.5852
vn 0.4257 -0.6901 -0.5853
vn 0.1397 -0.6758 -0.7237
vn 0.1208 -0.7079 -0.6959
vn -0.1766 -0.6899 -0.7020
vn -0.1933 -0.7738 -0.6032
vn -0.5263 -0.5589 -0.6408
vn -0.1291 -0.9885 0.0791
vn -0.4947 -0.8209 0.2853
vn -0.6857 -0.6037 0.4066
vn 0.7365 -0.6758 0.0302
vn 0.7891 -0.6136 0.0285
vn 0.1745 -0.9846 0.0121
vn 0.6256 -0.7775 0.0641
vn 0.9805 -0.1779 0.0830
vn 0.9155 -0.3814 0.1281
vn 0.3611 -0.9314 0.0455
vn 0.7240 -0.6855 0.0774
vn -0.5713 -0.6064 0.5531
vn -0.1780 -0.6085 0.7734
vn 0.2066 -0.5865 0.7831
vn 0.2088 -0.6032 0.7698
vn 0.5494 -0.5875 0.5942
vn 0.7650 -0.6127 0.1984
vn -0.4370 -0.7649 0.4733
vn -0.1852 -0.7896 0.5849
vn 0.4451 -0.8012 0.3999
vn 0.6066 -0.7713 0.1929
vn 0.8419 -0.5391 -0.0231
vn 0.3382 -0.9358 -0.0998
vn 0.5527 -0.8191 -0.1533
vn 0.1939 -0.9801 0.0426
vn 0.7748 -0.6132 0.1539
vn 0.6877 -0.7121 0.1413
vn 0.6062 -0.7010 -0.3756
vn 0.4116 -0.7062 -0.5761
vn 0.4161 -0.7023 -0.5776
vn 0.4130 -0.7051 -0.5765
vn 0.4163 -0.7012 -0.5788
vn 0.1255 -0.6830 -0.7195
vn 0.1228 -0.6878 -0.7155
vn 0.1246 -0.6846 -0.7182
vn 0.1218 -0.6893 -0.7142
vn -0.2014 -0.6763 -0.7086
vn -0.2059 -0.7115 -0.6718
vn -0.4803 -0.6921 -0.5388
vn -0.4674 -0.7315 -0.4964
vn -0.6671 -0.6888 -0.2836
vn -0.6801 -0.6695 -0.2988
vn 0.7203 -0.6063 0.3371
vn 0.6940 -0.6370 0.3356
vn -0.6735 -0.7293 -0.1207
vn -0.8805 -0.4439 -0.1664
vn -0.3494 -0.9349 -0.0625
vn -0.2098 -0.9770 -0.0382
vn 0.4751 -0.7950 0.3772
vn 0.5843 -0.6726 0.4541
vn -0.7160 -0.6951 0.0641
vn -0.6272 -0.7084 0.3238
vn -0.6203 -0.7143 0.3240
vn -0.6254 -0.7098 0.3241
vn -0.6193 -0.7155 0.3232
vn -0.4308 -0.6960 0.5745
vn -0.4268 -0.7002 0.5723
vn -0.4299 -0.6970 0.5739
vn -0.4255 -0.7015 0.5718
vn -0.1474 -0.6840 0.7144
vn -0.1369 -0.7009 0.7000
vn 0.1736 -0.6854 0.7072
vn 0.1905 -0.7729 0.6053
vn 0.5217 -0.5658 0.6385
vn 0.1849 -0.9821 0.0363
vn 0.6788 -0.7235 0.1255
vn 0.7650 -0.6278 0.1437
vn 0.6793 -0.7272 0.0984
vn 0.3374 -0.9404 0.0414
vn -0.6251 -0.6037 -0.4949
vn 0.7074 -0.6973 -0.1155
vn 0.5876 -0.7108 -0.3867
vn 0.6126 -0.6872 -0.3906
vn 0.3675 -0.6762 -0.6385
vn 0.3386 -0.7117 -0.6154
vn 0.0368 -0.6887 -0.7241
vn 0.0306 -0.7017 -0.7118
vn -0.2963 -0.6818 -0.6688
vn -0.2956 -0.7234 -0.6240
vn -0.5403 -0.7003 -0.4665
vn -0.7281 -0.5769 0.3703
vn -0.4388 -0.6119 0.6581
vn -0.1471 -0.5870 0.7961
vn -0.1337 -0.6128 0.7788
vn 0.2061 -0.5873 0.7827
vn 0.2110 -0.6124 0.7619
vn 0.4952 -0.5931 0.6348
vn 0.7299 -0.6104 0.3078
vn -0.5201 -0.7900 0.3246
vn -0.3820 -0.7928 0.4749
vn 0.4116 -0.8137 0.4104
vn 0.5927 -0.7529 0.2860
vn -0.7012 -0.6289 -0.3358
vn -0.5289 -0.8111 -0.2498
vn -0.1140 -0.9919 -0.0557
vn -0.1600 -0.9861 0.0458
vn -0.2462 -0.9668 0.0683
vn -0.7801 -0.5832 0.2266
vn -0.9062 -0.3353 0.2577
vn -0.9306 -0.3430 0.1280
vn -0.7463 -0.6394 -0.1849
vn -0.6871 -0.7265 0.0130
vn 0.7023 0.7070 -0.0836
vn 0.7307 0.6767 -0.0902
vn 0.6902 0.7162 -0.1033
vn 0.7002 0.7062 -0.1050
vn 0.7101 0.7032 0.0366
vn 0.7101 0.7031 0.0366
vn 0.7101 0.7031 0.0365
vn 0.7101 0.7032 0.0365
vn 0.6503 0.6975 0.3010
vn 0.6505 0.6973 0.3010
vn 0.6504 0.6974 0.3010
vn 0.4454 0.6973 0.5616
vn 0.4454 0.6972 0.5617
vn 0.1449 0.6976 0.7017
vn 0.1450 0.6975 0.7018
vn -0.1863 0.6975 0.6920
vn -0.1863 0.6975 0.6919
vn -0.1864 0.6973 0.6921
vn -0.1864 0.6972 0.6922
vn -0.4780 0.6972 0.5343
vn -0.4777 0.6977 0.5339
vn -0.4778 0.6974 0.5341
vn -0.6635 0.7015 0.2602
vn -0.6675 0.6972 0.2613
vn -0.6661 0.6987 0.2609
vn -0.6618 0.7032 0.2598
vn -0.6775 0.7355 -0.0029
vn -0.5181 0.8045 0.2905
vn -0.5420 0.8244 0.1630
vn -0.8441 0.5360 0.0133
vn -0.7139 0.5991 0.3625
vn -0.6444 0.7435 0.1787
vn 0.7018 -0.7047 -0.1049
vn 0.7023 -0.7071 -0.0825
vn 0.6711 -0.7368 -0.0826
vn 0.7151 -0.6903 -0.1100
vn 0.7950 -0.5953 -0.1166
vn -0.6777 -0.7353 -0.0053
vn -0.6570 -0.7090 0.2564
vn -0.6672 -0.6973 0.2619
vn -0.4779 -0.6974 0.5342
vn -0.4780 -0.6972 0.5343
vn -0.4779 -0.6973 0.5342
vn -0.1864 -0.6973 0.6921
vn -0.1864 -0.6972 0.6922
vn -0.1864 -0.6975 0.6920
vn -0.1864 -0.6975 0.6919
vn 0.1450 -0.6975 0.7018
vn 0.1449 -0.6976 0.7017
vn 0.1450 -0.6973 0.7019
vn 0.4454 -0.6972 0.5617
vn 0.4454 -0.6973 0.5616
vn 0.6505 -0.6973 0.3010
vn 0.6504 -0.6974 0.3010
vn 0.6503 -0.6975 0.3010
vn 0.6506 -0.6972 0.3010
vn 0.7101 -0.7031 0.0366
vn 0.7101 -0.7032 0.0366
vn 0.7102 -0.7031 0.0366
vn -0.7718 -0.6358 0.0121
vn -0.7809 -0.6246 0.0106
vn -0.6707 -0.7138 0.2017
vn -0.5579 -0.8088 0.1860
vn -0.7094 -0.6097 0.3535
vn -0.5065 -0.8131 0.2867
vn 0.0001 1.0000 0.0021
vn 0.0059 0.9999 0.0088
vn 0.0079 0.9999 0.0110
vn -0.0006 1.0000 -0.0001
vn -0.0011 1.0000 0.0013
vn -0.0011 1.0000 0.0006
vn -0.0033 1.0000 -0.0055
vn -0.0014 1.0000 0.0004
vn -0.0005 1.0000 0.0010
vn -0.0013 1.0000 -0.0026
vn -0.0031 1.0000 -0.0060
vn 0.0008 1.0000 -0.0002
vn 0.0006 1.0000 -0.0001
vn 0.0005 1.0000 -0.0000
vn 0.0107 0.9999 -0.0030
vn 0.0053 1.0000 0.0028
vn 0.0087 1.0000 -0.0013
vn 0.0022 1.0000 0.0004
vn 0.0004 1.0000 -0.0006
vn 0.0002 1.0000 -0.0014
vn -0.0252 0.9994 0.0248
vn -0.0174 0.9998 -0.0072
vn 0.0017 0.9998 -0.0185
vn 0.0263 0.9994 0.0216
vn 0.0081 0.9999 0.0060
vn 0.0081 1.0000 -0.0002
vn 0.0042 1.0000 -0.0027
vn -0.0005 1.0000 0.0011
vn -0.0005 1.0000 0.0039
vn 0.0006 1.0000 0.0024
vn 0.0014 1.0000 0.0029
vn 0.0055 0.9998 0.0182
vn 0.0150 0.9996 0.0245
vn 0.0064 1.0000 0.0028
vn -0.0019 1.0000 0.0058
vn -0.0044 1.0000 0.0055
vn -0.0165 0.9998 -0.0056
vn -0.0004 1.0000 0.0014
vn -0.0001 1.0000 0.0022
vn -0.0003 1.0000 0.0018
vn 0.0009 1.0000 0.0051
vn -0.0018 1.0000 0.0039
vn -0.0026 1.0000 0.0029
vn 0.0037 1.0000 -0.0092
vn 0.0051 1.0000 -0.0082
vn 0.0050 0.9999 -0.0095
vn 0.0010 1.0000 0.0064
vn -0.0054 1.0000 0.0051
vn 0.0006 1.0000 0.0070
vn 0.0061 1.0000 0.0014
vn -0.0003 1.0000 -0.0011
vn -0.9683 -0.0082 0.2497
vn -0.9806 0.0044 0.1959
vn -0.9964 -0.0047 0.0849
vn -0.9990 0.0044 0.0449
vn -0.9977 -0.0047 -0.0674
vn -0.9942 0.0044 -0.1074
vn -0.9759 -0.0047 -0.2181
vn -0.9665 0.0043 -0.2567
vn -0.9315 -0.0048 -0.3637
vn -0.9163 0.0043 -0.4006
vn -0.8656 -0.0047 -0.5007
vn -0.8448 0.0044 -0.5350
vn -0.7797 -0.0047 -0.6261
vn -0.7540 0.0043 -0.6568
vn -0.6756 -0.0048 -0.7373
vn -0.6454 0.0043 -0.7638
vn -0.5560 -0.0047 -0.8312
vn -0.5224 0.0043 -0.8527
vn -0.4234 -0.0048 -0.9059
vn -0.3866 0.0043 -0.9222
vn -0.2813 -0.0047 -0.9596
vn -0.2425 0.0044 -0.9701
vn -0.1322 -0.0047 -0.9912
vn -0.0926 0.0044 -0.9957
vn 0.0196 -0.0047 -0.9998
vn 0.0600 0.0044 -0.9982
vn 0.1715 -0.0046 -0.9852
vn 0.2105 0.0045 -0.9776
vn 0.3311 -0.0058 -0.9436
vn 0.3563 0.0011 -0.9344
vn 0.4605 -0.0043 -0.8877
vn 0.4939 0.0043 -0.8695
vn 0.5932 -0.0053 -0.8050
vn 0.6202 -0.0008 -0.7844
vn 0.6352 -0.0041 -0.7723
vn 0.5231 -0.0015 0.8523
vn 0.5222 0.0034 0.8528
vn 0.5228 0.0001 0.8524
vn 0.5219 0.0049 0.8530
vn -0.0034 -1.0000 -0.0014
vn 0.0093 -1.0000 -0.0016
vn 0.0115 -0.9999 -0.0017
vn -0.0016 -1.0000 0.0021
vn 0.0003 -1.0000 0.0027
vn -0.0080 -1.0000 -0.0008
vn -0.0028 -1.0000 0.0001
vn -0.0011 -1.0000 -0.0001
vn -0.0022 -1.0000 0.0047
vn -0.0004 -1.0000 0.0063
vn 0.0024 -1.0000 -0.0003
vn 0.0006 -1.0000 -0.0056
vn -0.0004 -1.0000 -0.0011
vn 0.0057 -1.0000 0.0075
vn 0.0021 -1.0000 0.0008
vn 0.0015 -1.0000 0.0001
vn -0.0041 -1.0000 -0.0076
vn -0.0056 -0.9999 -0.0095
vn 0.0023 -1.0000 0.0081
vn 0.0045 -1.0000 0.0076
vn 0.0050 -1.0000 0.0077
vn 0.0053 -1.0000 0.0080
vn 0.0092 -0.9999 0.0108
vn -0.0127 -0.9999 -0.0102
vn 0.0114 -0.9999 0.0055
vn -0.0254 -0.9996 -0.0092
vn -0.0106 -0.9999 -0.0101
vn -0.0037 -1.0000 -0.0020
vn -0.0039 -1.0000 -0.0032
vn -0.0026 -1.0000 0.0040
vn 0.0455 -0.9978 0.0491
vn -0.0063 -0.9999 -0.0101
vn -0.0023 -1.0000 0.0046
vn -0.0030 -0.9998 -0.0195
vn 0.0092 -0.9995 0.0312
vn -0.0016 -1.0000 -0.0095
vn -0.0006 -1.0000 -0.0008
vn -0.0007 -1.0000 -0.0086
vn -0.0006 -0.9999 -0.0101
vn 0.0065 -0.9999 0.0096
vn -0.0034 -1.0000 -0.0063
vn 0.9285 0.0038 -0.3714
vn 0.9286 0.0042 -0.3709
vn 0.9286 0.0040 -0.3709
vn 0.9286 0.0046 -0.3710
vn 0.9745 0.0073 -0.2242
vn 0.9696 -0.0150 -0.2444
vn 0.9906 0.0194 -0.1355
vn 0.9979 -0.0045 -0.0653
vn 0.9992 0.0155 -0.0361
vn 0.9955 -0.0002 0.0950
vn 0.9956 0.0049 0.0934
vn 0.9946 0.0089 0.1034
vn 0.9945 0.0083 0.1043
vn 0.9676 0.0209 0.2516
vn 0.9728 -0.0017 0.2315
vn 0.9149 0.0045 0.4037
vn 0.9114 0.0098 0.4113
vn 0.9144 0.0043 0.4049
vn 0.9120 0.0124 0.4100
vn 0.8386 0.0038 0.5447
vn 0.8293 0.0203 0.5584
vn 0.7910 0.0217 0.6114
vn 0.7392 -0.0129 0.6733
vn 0.7057 0.0189 0.7083
vn 0.6097 -0.0050 0.7926
vn 0.6041 0.0022 0.7969
vn 0.6043 0.0022 0.7968
vn 0.6041 0.0031 0.7969
vn 0.5452 0.0307 0.8377
vn 0.4287 -0.0089 0.9034
vn 0.4129 0.0090 0.9107
vn 0.3220 0.0269 0.9464
vn 0.2625 -0.0132 0.9648
vn 0.1749 0.0267 0.9842
vn 0.1063 0.0064 0.9943
vn 0.1084 0.0046 0.9941
vn 0.1083 0.0049 0.9941
vn 0.1085 0.0049 0.9941
vn -0.0271 0.0141 0.9995
vn -0.0567 -0.0087 0.9984
vn -0.1680 0.0245 0.9855
vn -0.2145 -0.0146 0.9766
vn -0.3488 0.0182 0.9370
vn -0.3691 -0.0016 0.9294
vn -0.4824 0.0164 0.8758
vn -0.5119 -0.0062 0.8590
vn -0.5940 0.0278 0.8040
vn -0.6421 -0.0173 0.7664
vn -0.7531 0.0034 0.6579
vn -0.7403 0.0254 0.6717
vn -0.0009 1.0000 -0.0001
vn -0.0099 1.0000 -0.0003
vn -0.0055 1.0000 -0.0000
vn 0.0009 1.0000 -0.0001
vn 0.0053 0.9999 -0.0103
vn 0.0006 1.0000 -0.0014
vn 0.0029 1.0000 -0.0056
vn -0.0005 1.0000 0.0006
vn -0.0001 1.0000 -0.0000
vn -0.0001 1.0000 0.0001
vn -0.0000 1.0000 0.0006
vn -0.0000 1.0000 0.0007
vn 0.0002 1.0000 0.0006
vn 0.0004 1.0000 0.0005
vn 0.0004 1.0000 0.0003
vn 0.0004 1.0000 -0.0001
vn 0.8553 0.0055 -0.5182
vn 0.8547 0.0053 -0.5191
vn 0.8527 0.0040 -0.5224
vn -0.8541 0.0061 0.5200
vn -0.8535 0.0057 0.5210
vn -0.8520 0.0047 0.5236
vn -0.8514 0.0044 0.5245
vn 0.5203 0.0056 0.8540
vn 0.5207 0.0053 0.8537
vn 0.5226 0.0040 0.8526
vn 0.5231 0.0038 0.8523
vn 0.0008 -1.0000 0.0003
vn 0.0006 -1.0000 0.0008
vn 0.0005 -1.0000 0.0008
vn -0.0000 -1.0000 0.0009
vn -0.0004 -1.0000 0.0010
vn -0.0005 -1.0000 0.0003
vn -0.0008 -1.0000 0.0001
vn -0.0008 -1.0000 -0.0003
vn -0.0006 -1.0000 -0.0007
vn -0.0003 -1.0000 -0.0009
vn -0.0002 -1.0000 0.0008
vn -0.0003 -1.0000 0.0004
vn -0.0005 -1.0000 0.0002
vn -0.0005 -1.0000 -0.0009
vn 0.0001 -1.0000 -0.0010
vn 0.0002 -1.0000 -0.0006
vn 0.0006 -1.0000 -0.0005
vn 0.0006 -1.0000 -0.0004
vn 0.0006 -1.0000 -0.0002
vn 0.0010 -1.0000 0.0003
vn -0.9848 -0.0242 0.1718
vn -0.9879 -0.0374 0.1508
vn -0.9920 -0.0040 -0.1262
vn -0.9678 -0.0509 -0.2465
vn -0.9106 0.0151 -0.4131
vn -0.7483 -0.0239 -0.6629
vn -0.6972 -0.0695 -0.7135
vn -0.5199 0.0153 -0.8541
vn -0.2449 -0.0241 -0.9693
vn -0.1741 -0.0697 -0.9822
vn 0.0517 0.0151 -0.9986
vn 0.3438 -0.0244 -0.9387
vn 0.4092 -0.0698 -0.9098
vn 0.6053 0.0152 -0.7958
vn 0.8129 -0.0244 -0.5819
vn 0.8508 -0.0697 -0.5208
vn 0.9484 0.0151 -0.3166
vn 0.9994 -0.0243 -0.0229
vn 0.9964 -0.0696 0.0486
vn 0.9620 0.0153 0.2725
vn 0.8388 -0.0241 0.5439
vn 0.7957 -0.0697 0.6017
vn 0.6414 0.0150 0.7670
vn 0.3864 -0.0243 0.9220
vn 0.3670 -0.0376 0.9295
vn 0.0977 -0.0040 0.9952
vn -0.0250 -0.0511 0.9984
vn -0.1999 0.0153 0.9797
vn -0.4798 -0.0242 0.8770
vn -0.4977 -0.0378 0.8665
vn -0.7169 -0.0039 0.6971
vn -0.7962 -0.0511 0.6029
vn -0.8907 0.0150 0.4544
vn 0.7503 0.0016 -0.6611
vn 0.7491 0.0022 -0.6625
vn 0.7531 0.0005 -0.6579
vn 0.4935 -0.0007 -0.8697
vn 0.4776 0.0041 -0.8786
vn 0.1762 -0.0014 -0.9844
vn 0.1481 0.0058 -0.9890
vn -0.1610 -0.0021 -0.9870
vn -0.1988 0.0076 -0.9800
vn -0.4802 -0.0028 -0.8771
vn -0.5221 0.0088 -0.8528
vn -0.7443 -0.0035 -0.6678
vn -0.7824 0.0101 -0.6227
vn -0.9240 -0.0042 -0.3824
vn -0.9482 0.0112 -0.3176
vn -0.9985 -0.0049 -0.0537
vn -0.9996 0.0121 0.0255
vn -0.9529 -0.0073 0.3032
vn -0.9304 0.0109 0.3663
vn -0.7491 0.0065 0.6625
vn -0.7171 -0.0074 0.6969
vn -0.4772 0.0114 0.8787
vn -0.4126 -0.0045 0.9109
vn -0.1481 0.0106 0.9889
vn -0.0852 -0.0038 0.9964
vn 0.1988 0.0096 0.9800
vn 0.2506 -0.0028 0.9681
vn 0.5221 0.0082 0.8528
vn 0.5591 -0.0026 0.8291
vn 0.7826 0.0072 0.6225
vn 0.8043 -0.0018 0.5942
vn 0.9483 0.0056 0.3174
vn 0.9562 -0.0011 0.2926
vn 0.9997 0.0039 -0.0258
vn 0.9991 -0.0007 -0.0431
vn 0.9305 0.0020 -0.3664
vn 0.9299 0.0016 -0.3678
vn 0.9284 0.0005 -0.3716
vn 0.9277 -0.0000 -0.3733
vn 0.7543 -0.0000 -0.6566
vn -0.5674 -0.7709 0.2895
vn -0.7162 -0.6867 0.1244
vn -0.7126 -0.6908 0.1223
vn -0.7139 -0.6893 0.1231
vn -0.7174 -0.6853 0.1251
vn -0.7483 -0.6586 -0.0792
vn -0.7047 -0.7038 -0.0897
vn -0.5930 -0.7589 -0.2689
vn -0.7330 -0.5026 -0.4584
vn -0.4739 -0.7741 -0.4198
vn -0.3905 -0.6700 -0.6313
vn -0.3785 -0.6854 -0.6221
vn -0.1779 -0.6535 -0.7357
vn -0.1916 -0.6228 -0.7585
vn 0.0342 -0.7466 -0.6643
vn 0.1048 -0.6047 -0.7895
vn 0.2156 -0.7790 -0.5888
vn 0.4118 -0.5981 -0.6875
vn 0.3928 -0.7608 -0.5166
vn 0.6386 -0.5866 -0.4981
vn 0.5921 -0.6853 -0.4240
vn 0.6925 -0.6646 -0.2804
vn 0.6261 -0.7512 -0.2092
vn 0.7443 -0.6678 -0.0098
vn 0.7675 -0.6408 -0.0177
vn 0.5981 -0.7833 0.1695
vn 0.7281 -0.6015 0.3287
vn 0.2233 -0.9378 0.2659
vn 0.6566 -0.6225 0.4258
vn 0.4266 -0.7468 0.5103
vn 0.4748 -0.3797 0.7940
vn 0.2522 -0.7581 0.6015
vn 0.0673 -0.7244 0.6861
vn 0.0070 -0.4544 0.8908
vn -0.1262 -0.7755 0.6187
vn -0.3755 -0.6229 0.6863
vn -0.3755 -0.6232 0.6860
vn -0.3756 -0.6226 0.6866
vn -0.4770 -0.7468 0.4635
vn -0.7039 -0.4765 0.5268
vn -0.2157 0.9765 0.0011
vn -0.4808 -0.3667 -0.7964
vn -0.0475 -0.9798 -0.1943
vn 0.0987 -0.6920 -0.7151
vn 0.3310 -0.7558 -0.5650
vn 0.1582 -0.9797 -0.1227
vn 0.7741 -0.5456 -0.3211
vn 0.2351 -0.9045 0.3558
vn 0.1377 -0.9636 0.2290
vn -0.0123 -0.9589 0.2835
vn -0.1549 -0.9376 0.3114
vn -0.1606 -0.9823 0.0967
vn -0.9726 -0.0070 0.2326
vn -0.9976 0.0056 -0.0687
vn -0.8840 -0.0032 -0.4675
vn -0.8360 -0.0111 -0.5486
vn -0.5943 0.0062 -0.8042
vn -0.1089 -0.0092 -0.9940
vn -0.0630 -0.0045 -0.9980
vn 0.4537 0.0072 -0.8911
vn 0.6490 -0.0091 -0.7607
vn 0.9041 0.0057 -0.4272
vn 0.9727 -0.0070 -0.2321
vn 0.9976 0.0056 0.0690
vn 0.8840 -0.0032 0.4675
vn 0.8360 -0.0111 0.5486
vn 0.5943 0.0062 0.8042
vn 0.1085 -0.0092 0.9941
vn 0.0630 -0.0045 0.9980
vn -0.4542 0.0072 0.8909
vn -0.6490 -0.0091 0.7607
vn -0.9041 0.0057 0.4273
vn -0.2838 -0.7683 0.5737
vn -0.0469 -0.5977 0.8003
vn 0.0430 -0.7066 0.7063
vn 0.4814 -0.6677 0.5678
vn 0.4870 -0.5719 0.6601
vn 0.5878 -0.7479 0.3085
vn 0.7924 -0.6059 0.0705
vn 0.7739 -0.6311 0.0523
vn 0.5858 -0.7645 -0.2690
vn 0.6331 -0.5489 -0.5458
vn 0.2839 -0.7683 -0.5737
vn 0.0468 -0.5979 -0.8002
vn -0.0430 -0.7066 -0.7063
vn -0.4817 -0.6678 -0.5674
vn -0.4871 -0.5719 -0.6600
vn -0.5877 -0.7480 -0.3085
vn -0.7923 -0.6061 -0.0704
vn -0.7739 -0.6312 -0.0523
vn -0.5860 -0.7644 0.2689
vn -0.6331 -0.5486 0.5461
vn -0.4441 0.0070 0.8960
vn -0.4708 0.0024 0.8822
vn -0.4822 -0.0056 0.8760
vn -0.2430 -0.0043 0.9700
vn -0.2454 -0.0038 0.9694
vn -0.2419 -0.0046 0.9703
vn -0.2466 -0.0037 0.9691
vn 0.3098 0.0017 0.9508
vn 0.2867 0.0064 0.9580
vn 0.0008 0.0006 1.0000
vn 0.0425 -0.0079 0.9991
vn -0.6815 -0.0049 0.7318
vn -0.7440 0.0047 0.6682
vn -0.8815 -0.0063 0.4722
vn -0.9106 0.0004 0.4134
vn 0.7033 0.0058 0.7109
vn 0.7212 0.0016 0.6927
vn 0.8637 0.0073 0.5040
vn 0.8728 0.0033 0.4881
vn 0.9756 0.0033 0.2196
vn 0.9641 -0.0063 0.2654
vn 0.9995 -0.0059 -0.0309
vn 0.7515 -0.0043 -0.6598
vn 0.7819 0.0027 -0.6234
vn 0.9999 0.0099 -0.0061
vn 0.9947 -0.0052 -0.1025
vn 0.9474 -0.0054 -0.3201
vn 0.9334 0.0012 -0.3589
vn -0.7957 0.0023 -0.6056
vn -0.7680 0.0096 -0.6403
vn -0.6260 -0.0034 -0.7798
vn -0.5212 0.0114 -0.8534
vn -0.4524 0.0006 -0.8918
vn -0.3047 0.0007 -0.9525
vn -0.2159 0.0102 -0.9764
vn -0.1644 0.0035 -0.9864
vn -0.9690 -0.0005 0.2470
vn -0.9987 0.0085 -0.0509
vn -0.9889 0.0016 -0.1487
vn 0.2503 -0.0000 -0.9682
vn 0.4208 0.0095 -0.9071
vn 0.5877 0.0001 -0.8091
vn 0.2045 -0.0002 0.9789
vn -0.0018 0.0063 1.0000
vn -0.0797 0.0029 0.9968
vn -0.3751 0.0027 0.9270
vn -0.4554 0.0066 0.8903
vn -0.6260 -0.0005 0.7799
vn 0.9789 -0.0003 -0.2045
vn 1.0000 0.0063 0.0021
vn 0.9910 0.0004 0.1336
vn 0.8904 0.0065 0.4551
vn 0.8371 -0.0000 0.5470
vn 0.0255 0.9282 0.3711
vn 0.0840 0.7516 0.6543
vn 0.2301 0.6153 0.7540
vn 0.9544 0.0129 0.2982
vn 0.9814 0.0332 0.1890
vn 0.7542 0.0064 0.6567
vn 0.3729 0.0277 0.9274
vn 0.2842 0.0122 0.9587
vn 0.3291 0.7759 0.5382
vn 0.3449 0.7513 0.5627
vn 0.1468 0.5103 0.8474
vn 0.1000 0.4820 0.8705
vn 0.3494 0.7952 0.4955
vn 0.0017 0.5212 0.8534
vn 0.5726 0.7871 0.2295
vn 0.5693 0.8114 0.1325
vn 0.1261 0.9080 0.3994
vn 0.7729 0.4707 0.4255
vn 0.7712 0.4710 0.4284
vn 0.7711 0.4706 0.4289
vn 0.5631 0.7281 0.3908
vn 0.5580 0.6006 0.5726
vn 0.3369 0.9197 0.2016
vn 0.7535 0.5839 -0.3022
vn 0.6929 0.6713 -0.2630
vn 0.8221 0.5280 -0.2132
vn 0.7720 0.6203 -0.1388
vn 0.8016 0.5979 0.0014
vn 0.7880 0.6134 0.0531
vn 0.7804 0.5908 0.2048
vn 0.6640 0.7085 0.2388
vn 0.7891 0.4983 0.3593
vn 0.6683 0.6294 0.3964
vn 0.5515 0.6283 0.5488
vn 0.5823 0.5764 0.5733
vn 0.5272 0.5695 0.6307
vn 0.3932 0.6039 0.6933
vn 0.3642 0.6038 0.7091
vn 0.2239 0.5970 0.7704
vn 0.1829 0.6153 0.7668
vn 0.0396 0.6064 0.7942
vn -0.0220 0.6119 0.7906
vn -0.0363 0.6603 0.7501
vn -0.1438 0.4954 0.8567
vn -0.1861 0.7201 0.6684
vn -0.3025 0.5030 0.8096
vn -0.3516 0.6218 0.6998
vn -0.4903 0.5946 0.6372
vn -0.4735 0.7121 0.5183
vn -0.6523 0.4819 0.5851
vn -0.6424 0.5230 0.5602
vn 0.5727 0.8175 -0.0607
vn 0.5989 0.7964 0.0838
vn 0.4392 0.8485 0.2952
vn 0.4749 0.7601 0.4436
vn 0.3416 0.8054 0.4844
vn 0.2235 0.8063 0.5477
vn 0.0910 0.8098 0.5797
vn -0.2941 0.8107 0.5063
vn -0.4599 0.8162 0.3498
vn 0.3988 0.9028 -0.1610
vn 0.1137 0.9837 0.1396
vn 0.7718 0.4680 0.4304
vn 0.5933 0.5574 0.5807
vn 0.6297 0.5022 0.5927
vn 0.1904 0.8331 0.5193
vn 0.0178 0.9159 0.4010
vn 0.1259 0.5132 0.8490
vn -0.1259 0.7420 0.6585
vn -0.1399 0.0114 0.9901
vn -0.1391 0.0116 0.9902
vn -0.1398 0.0109 0.9901
vn -0.1411 0.0112 0.9899
vn 0.6373 0.0010 0.7706
vn 0.6803 0.0116 0.7328
vn 0.2561 0.6749 -0.6920
vn 0.2311 0.3483 -0.9084
vn 0.3812 0.7670 -0.5161
vn 0.0921 0.9773 -0.1908
vn 0.6541 0.6417 -0.4006
vn 0.6521 0.6442 -0.3997
vn 0.6492 0.6479 -0.3985
vn 0.6473 0.6504 -0.3975
vn 0.4197 0.8689 -0.2624
vn -0.6286 0.6257 -0.4619
vn -0.5756 0.6901 -0.4388
vn -0.4829 0.6560 -0.5800
vn -0.4433 0.7080 -0.5498
vn -0.3877 0.6040 -0.6963
vn -0.3214 0.7079 -0.6290
vn -0.1703 0.7328 -0.6588
vn -0.2797 0.4172 -0.8647
vn 0.1054 0.9777 -0.1814
vn -0.1164 0.6648 -0.7379
vn -0.3561 0.8999 -0.2517
vn -0.1195 0.9824 -0.1437
vn -0.2933 0.7905 -0.5377
vn 0.5480 0.8082 0.2156
vn 0.6694 0.7371 0.0932
vn 0.8126 0.4985 0.3019
vn 0.5253 0.7758 0.3496
vn 0.8216 0.5421 -0.1764
vn 0.7312 0.6736 -0.1078
vn 0.1827 0.9828 -0.0261
vn -0.6239 0.7654 0.1580
vn -0.7914 0.6113 0.0009
vn -0.6281 0.7725 -0.0935
vn 0.3984 0.6487 0.6485
vn 0.4092 0.6200 0.6694
vn -0.6310 0.6714 0.3887
vn -0.6456 0.6533 0.3954
vn -0.4033 0.8824 0.2423
vn -0.0425 0.8043 0.5927
vn -0.0710 0.5853 0.8077
vn -0.0806 0.6113 0.7873
vn -0.2402 0.7295 0.6405
vn -0.0942 0.9867 0.1329
vn -0.4584 0.5704 0.6815
vn -0.4606 0.6865 0.5626
vn 0.1389 0.7612 0.6335
vn 0.3169 0.7857 0.5313
vn 0.3804 0.6865 0.6197
vn -0.3458 0.6704 0.6565
vn -0.2033 0.7979 0.5675
vn -0.0087 0.5736 0.8191
vn 0.6566 0.6703 0.3458
vn 0.5677 0.7978 0.2033
vn 0.8193 0.5733 0.0085
vn -0.5952 0.7177 0.3616
vn -0.6194 0.6862 0.3813
vn 0.6195 0.6866 -0.3804
vn 0.5358 0.7841 -0.3132
vn -0.7465 0.6640 -0.0433
vn -0.7045 0.7094 -0.0188
vn 0.3197 0.6652 -0.6747
vn 0.2731 0.7195 -0.6386
vn -0.4515 0.5057 -0.7351
vn -0.3351 0.7105 -0.6188
vn -0.1533 0.7996 -0.5806
vn -0.1572 0.6716 -0.7240
vn -0.4137 0.7724 -0.4818
vn -0.6122 0.6027 -0.5117
vn -0.5438 0.7300 -0.4140
vn 0.7249 0.6888 -0.0050
vn 0.7949 0.6057 -0.0343
vn 0.3536 0.6026 0.7155
vn 0.3616 0.7636 0.5349
vn 0.6109 0.6495 0.4527
vn 0.7195 0.5063 0.4753
vn 0.5896 0.7873 0.1804
vn 0.1591 0.7749 0.6117
vn -0.0567 0.6170 0.7849
vn -0.0650 0.6474 0.7594
vn -0.2590 0.7788 0.5713
vn -0.5566 0.4712 0.6842
vn -0.4916 0.7266 0.4800
vn -0.7266 0.6514 0.2184
vn -0.7552 0.6094 0.2414
vn -0.6742 0.7318 -0.1002
vn -0.8736 0.4843 -0.0475
vn -0.5831 0.7755 -0.2421
vn -0.6423 0.5088 -0.5732
vn -0.6375 0.5167 -0.5715
vn -0.6413 0.5104 -0.5729
vn -0.6355 0.5200 -0.5708
vn -0.2992 0.7811 -0.5480
vn -0.1493 0.5104 -0.8469
vn -0.1339 0.5538 -0.8218
vn 0.1092 0.7860 -0.6085
vn 0.4056 0.5150 -0.7552
vn 0.3996 0.5868 -0.7043
vn 0.4649 0.7875 -0.4046
vn 0.7322 0.5758 -0.3637
vn 0.6586 0.7044 -0.2649
vn 0.5781 0.7904 -0.2028
vn 0.7249 0.6247 -0.2904
vn 0.6018 0.7865 -0.1387
vn 0.8449 0.5302 -0.0705
vn 0.7752 0.6297 -0.0507
vn 0.6203 0.7822 0.0591
vn 0.8340 0.5152 0.1976
vn 0.7474 0.6352 0.1944
vn 0.5714 0.7810 0.2522
vn 0.7384 0.5015 0.4508
vn 0.6360 0.6515 0.4135
vn 0.4642 0.7785 0.4223
vn 0.5646 0.4990 0.6575
vn 0.4254 0.7191 0.5495
vn 0.2956 0.6696 0.6813
vn 0.3874 0.4247 0.8183
vn 0.1673 0.7719 0.6134
vn 0.0856 0.5413 0.8364
vn 0.0899 0.5184 0.8504
vn -0.0354 0.7765 0.6292
vn -0.1786 0.5405 0.8221
vn -0.1785 0.5594 0.8095
vn -0.2301 0.7812 0.5804
vn -0.4252 0.5410 0.7256
vn -0.4147 0.5867 0.6956
vn -0.4730 0.7768 0.4157
vn -0.5491 0.6441 0.5325
vn -0.3972 0.7863 0.4732
vn -0.1243 0.6341 0.7632
vn 0.5310 0.6215 0.5760
vn 0.2881 0.6111 0.7373
vn 0.7241 0.6536 0.2202
vn 0.6156 0.7877 -0.0227
vn 0.7133 0.7005 0.0221
vn 0.6649 0.7020 -0.2553
vn 0.5808 0.7705 -0.2625
vn 0.6246 0.6014 -0.4982
vn -0.3042 0.7745 0.5547
vn -0.3081 0.7012 0.6429
vn -0.5454 0.6999 0.4612
vn -0.4927 0.7494 0.4424
vn -0.7192 0.6133 0.3265
vn 0.3957 0.7701 -0.5004
vn 0.4511 0.7056 -0.5465
vn 0.3497 0.7063 -0.6155
vn 0.2868 0.7862 -0.5475
vn 0.2903 0.5797 -0.7614
vn 0.1338 0.7718 -0.6216
vn 0.1164 0.8073 -0.5785
vn 0.0486 0.5797 -0.8134
vn -0.0588 0.7718 -0.6331
vn -0.0625 0.8072 -0.5870
vn -0.1976 0.5797 -0.7905
vn -0.2460 0.7718 -0.5863
vn -0.2357 0.8072 -0.5412
vn -0.4258 0.5795 -0.6949
vn -0.4105 0.7717 -0.4857
vn -0.4471 0.7054 -0.5501
vn -0.5341 0.7058 -0.4653
vn -0.4796 0.7861 -0.3900
vn -0.6885 0.5795 -0.4360
vn -0.5826 0.7719 -0.2547
vn -0.5442 0.8071 -0.2292
vn -0.7874 0.5799 -0.2092
vn -0.6320 0.7719 -0.0683
vn -0.5877 0.8072 -0.0554
vn -0.8138 0.5800 0.0366
vn -0.6237 0.7717 0.1244
vn -0.5827 0.8033 0.1235
vn 0.6299 -0.7490 0.2056
vn 0.5088 -0.7683 -0.3883
vn 0.8062 -0.5501 0.2176
vn 0.7922 -0.6098 -0.0253
vn 0.7531 -0.5864 -0.2984
vn 0.4182 -0.8252 0.3797
vn 0.5293 -0.7163 0.4547
vn 0.7989 -0.3959 0.4528
vn 0.2675 -0.8576 0.4394
vn 0.3558 -0.7322 0.5808
vn 0.1703 -0.9714 -0.1657
vn 0.0786 -0.9862 -0.1459
vn 0.2380 -0.8824 -0.4058
vn 0.2980 -0.3825 -0.8746
vn 0.0897 -0.8517 -0.5163
vn 0.0893 -0.8546 -0.5115
vn 0.0888 -0.8544 -0.5120
vn 0.0899 -0.8508 -0.5178
vn 0.0194 -0.1742 -0.9845
vn -0.0549 -0.8916 -0.4495
vn -0.0695 -0.8509 -0.5207
vn -0.2768 -0.1741 -0.9450
vn -0.1872 -0.8915 -0.4124
vn -0.2225 -0.8508 -0.4760
vn -0.5475 -0.1741 -0.8185
vn -0.3181 -0.8754 -0.3640
vn -0.4333 -0.7673 -0.4728
vn -0.6721 -0.5069 -0.5398
vn -0.3695 -0.8945 -0.2518
vn -0.7815 -0.4301 -0.4520
vn -0.7555 -0.5851 -0.2948
vn -0.3840 -0.9153 -0.1217
vn -0.8831 -0.4258 -0.1972
vn -0.8111 -0.5824 -0.0548
vn -0.4517 -0.8921 -0.0069
vn -0.9035 -0.4216 0.0768
vn -0.5973 -0.7925 0.1227
vn -0.5854 -0.7204 0.3720
vn -0.5918 -0.4981 0.6338
vn -0.2761 -0.8788 0.3891
vn 0.0491 -0.7740 0.6313
vn 0.2931 -0.3162 0.9023
vn -0.0004 -1.0000 -0.0000
vn -0.0003 -1.0000 0.0002
vn -0.0000 -1.0000 0.0003
vn -0.0003 -1.0000 0.0003
vn -0.0002 -1.0000 0.0001
vn 0.0002 -1.0000 0.0006
vn 0.0003 -1.0000 0.0007
vn 0.0003 -1.0000 0.0009
vn 0.0002 -1.0000 0.0004
vn 0.0001 -1.0000 -0.0001
vn -0.0000 -1.0000 -0.0002
vn 0.0006 -1.0000 0.0001
vn 0.0005 -1.0000 -0.0001
vn 0.0005 -1.0000 -0.0002
vn 0.0006 -1.0000 -0.0007
vn 0.0007 -1.0000 -0.0002
vn -0.0001 -1.0000 -0.0005
vn -0.0006 -1.0000 -0.0006
vn -0.0005 -1.0000 -0.0004
vn -0.0006 -1.0000 -0.0003
vn -0.0003 -1.0000 -0.0005
vn -0.0008 -1.0000 -0.0008
vn -0.0010 -1.0000 -0.0010
vn -0.0009 -1.0000 -0.0006
vn 0.0500 -0.9983 -0.0311
vn 0.0090 -0.9999 0.0116
vn 0.0053 -0.9999 0.0097
vn 0.0064 -0.9999 0.0108
vn -0.0059 -1.0000 0.0019
vn -0.0001 -1.0000 0.0068
vn 0.0001 -1.0000 0.0039
vn 0.0101 -0.9999 0.0122
vn -0.0038 -1.0000 0.0001
vn 0.0069 -0.9987 0.0503
vn 0.0012 -1.0000 -0.0028
vn 0.0067 -1.0000 0.0022
vn 0.0081 -1.0000 0.0022
vn -0.0064 -1.0000 0.0018
vn -0.0000 -1.0000 -0.0010
vn 0.0056 -1.0000 -0.0020
vn 0.0003 -1.0000 -0.0013
vn 0.0046 -1.0000 0.0008
vn 0.0048 -1.0000 0.0029
vn 0.0033 -1.0000 0.0005
vn 0.0036 -1.0000 0.0001
vn 0.0059 -1.0000 0.0023
vn 0.0101 -0.9997 0.0224
vn -0.0026 -1.0000 -0.0020
vn -0.0025 -1.0000 -0.0018
vn -0.0033 -1.0000 -0.0012
vn 0.0062 -1.0000 -0.0028
vn 0.0062 -1.0000 -0.0044
vn 0.0016 -1.0000 0.0071
vn 0.0035 -1.0000 0.0067
vn -0.0066 -0.9999 0.0112
vn -0.0084 -0.9999 0.0123
vn 0.0010 -1.0000 -0.0034
vn 0.0006 -1.0000 -0.0035
vn 0.0011 -1.0000 -0.0030
vn 0.6630 0.0083 -0.7485
vn 0.6202 -0.0043 -0.7844
vn 0.5188 0.0056 -0.8549
vn 0.4939 -0.0009 -0.8695
vn 0.4033 0.0071 -0.9151
vn 0.3564 -0.0044 -0.9343
vn 0.2494 0.0047 -0.9684
vn 0.2102 -0.0044 -0.9776
vn 0.0996 0.0046 -0.9950
vn 0.0597 -0.0044 -0.9982
vn -0.0526 0.0048 -0.9986
vn -0.0927 -0.0043 -0.9957
vn -0.2033 0.0047 -0.9791
vn -0.2425 -0.0044 -0.9701
vn -0.3495 0.0047 -0.9369
vn -0.3866 -0.0044 -0.9222
vn -0.4876 0.0047 -0.8731
vn -0.5224 -0.0043 -0.8527
vn -0.6146 0.0047 -0.7888
vn -0.6454 -0.0044 -0.7638
vn -0.7270 0.0047 -0.6866
vn -0.7540 -0.0044 -0.6569
vn -0.8228 0.0046 -0.5684
vn -0.8448 -0.0044 -0.5350
vn -0.8994 0.0047 -0.4370
vn -0.9163 -0.0043 -0.4006
vn -0.9553 0.0046 -0.2956
vn -0.9665 -0.0043 -0.2567
vn -0.9891 0.0047 -0.1474
vn -0.9942 -0.0044 -0.1074
vn -1.0000 0.0047 0.0049
vn -0.9990 -0.0044 0.0449
vn -0.9869 0.0051 0.1615
vn -0.9807 0.0001 0.1956
vn -0.9753 0.0040 0.2211
vn 0.5214 0.0014 0.8533
vn 0.5223 -0.0034 0.8528
vn 0.5217 -0.0002 0.8531
vn 0.5226 -0.0050 0.8526
vn -0.0039 0.9999 0.0117
vn -0.0038 0.9999 0.0132
vn -0.0079 1.0000 -0.0023
vn -0.0074 1.0000 -0.0047
vn -0.0070 1.0000 -0.0053
vn 0.0024 0.9999 -0.0137
vn 0.0029 0.9999 -0.0151
vn -0.0053 1.0000 -0.0042
vn 0.0009 1.0000 -0.0022
vn -0.0008 1.0000 -0.0012
vn 0.0007 1.0000 -0.0023
vn 0.0103 0.9995 0.0289
vn 0.0205 0.9998 -0.0033
vn 0.0005 1.0000 0.0001
vn 0.0005 1.0000 0.0002
vn -0.0001 1.0000 0.0003
vn -0.0002 1.0000 0.0008
vn 0.0013 1.0000 0.0024
vn 0.0348 0.9990 -0.0273
vn -0.0135 0.9999 -0.0009
vn -0.0142 0.9999 0.0060
vn -0.0119 0.9999 0.0004
vn -0.0158 0.9999 -0.0017
vn 0.0200 0.9997 0.0117
vn 0.0076 1.0000 -0.0052
vn -0.0145 0.9998 -0.0125
vn 0.0078 0.9999 0.0097
vn -0.0158 0.9998 0.0076
vn -0.0035 1.0000 0.0054
vn -0.0009 1.0000 0.0006
vn -0.0064 1.0000 0.0052
vn 0.0072 1.0000 0.0016
vn 0.0026 0.9999 0.0115
vn 0.0044 0.9999 0.0094
vn 0.0020 1.0000 -0.0027
vn 0.0003 1.0000 0.0007
vn -0.0028 0.9994 0.0345
vn 0.0224 0.9997 0.0031
vn 0.0013 0.9998 0.0198
vn 0.0144 0.9999 -0.0028
vn -0.0001 1.0000 -0.0001
vn 0.0003 0.9999 -0.0111
vn -0.0001 0.9999 -0.0118
vn 0.0070 1.0000 -0.0050
vn 0.0079 1.0000 -0.0043
vn 0.0088 1.0000 0.0045
vn 0.0090 0.9999 0.0057
vn -0.0018 1.0000 0.0019
vn -0.0051 0.9996 -0.0279
vn 0.0066 0.9998 -0.0182
vn 0.0088 1.0000 0.0009
vn 0.0096 0.9999 0.0034
vn -0.7800 -0.0217 0.6254
vn -0.7507 0.0058 0.6606
vn -0.7166 -0.0213 0.6971
vn -0.6364 0.0072 0.7714
vn -0.6042 -0.0251 0.7965
vn -0.5010 0.0070 0.8654
vn -0.4653 -0.0251 0.8848
vn -0.3552 -0.0028 0.9348
vn -0.3566 -0.0027 0.9343
vn -0.3536 -0.0032 0.9354
vn -0.3518 0.0030 0.9361
vn -0.1917 -0.0012 0.9815
vn -0.1999 -0.0042 0.9798
vn -0.1970 -0.0056 0.9804
vn -0.1930 0.0029 0.9812
vn -0.0471 -0.0039 0.9989
vn -0.0290 0.0105 0.9995
vn 0.0980 -0.0212 0.9950
vn 0.1360 0.0082 0.9907
vn 0.2391 -0.0218 0.9708
vn 0.2968 0.0090 0.9549
vn 0.3500 -0.0215 0.9365
vn 0.4501 0.0070 0.8929
vn 0.4754 -0.0156 0.8796
vn 0.5641 -0.0167 0.8255
vn 0.5906 0.0080 0.8069
vn 0.6793 -0.0252 0.7334
vn 0.7157 0.0115 0.6983
vn 0.7819 -0.0224 0.6229
vn 0.8206 0.0128 0.5713
vn 0.8620 -0.0252 0.5063
vn 0.9034 0.0048 0.4288
vn 0.9205 -0.0250 0.3899
vn 0.9616 0.0071 0.2743
vn 0.9718 -0.0252 0.2344
vn 0.9937 0.0071 0.1120
vn 0.9964 -0.0159 0.0836
vn 0.9997 -0.0170 -0.0200
vn 0.9986 0.0081 -0.0528
vn 0.9856 -0.0250 -0.1672
vn 0.9762 0.0114 -0.2164
vn 0.9163 -0.0244 -0.3996
vn 0.9297 0.0026 -0.3683
vn 0.9518 -0.0199 -0.3061
vn 0.0002 -1.0000 -0.0009
vn 0.0044 -1.0000 -0.0089
vn 0.0024 -1.0000 -0.0049
vn -0.0005 -1.0000 0.0007
vn -0.0067 -1.0000 -0.0013
vn -0.0107 -0.9999 -0.0019
vn -0.0010 -1.0000 -0.0002
vn 0.0006 -1.0000 -0.0000
vn -0.0000 -1.0000 -0.0001
vn -0.8502 -0.0072 0.5265
vn -0.8508 -0.0067 0.5254
vn -0.8524 -0.0055 0.5228
vn -0.8531 -0.0049 0.5217
vn 0.8514 -0.0066 -0.5244
vn 0.8517 -0.0063 -0.5241
vn 0.8522 -0.0058 -0.5231
vn 0.8526 -0.0057 -0.5226
vn 0.5242 -0.0071 0.8516
vn 0.5238 -0.0072 0.8518
vn 0.5226 -0.0060 0.8525
vn 0.5225 -0.0057 0.8526
vn -0.5397 0.0190 0.8416
vn -0.5504 0.0287 0.8344
vn -0.4635 0.0126 0.8860
vn -0.4624 0.0121 0.8866
vn -0.4552 0.0056 0.8904
vn -0.4543 0.0044 0.8908
vn -0.3235 0.0064 0.9462
vn -0.3234 0.0048 0.9463
vn -0.3238 -0.0016 0.9461
vn -0.3130 -0.0019 0.9498
vn -0.1948 0.0253 0.9805
vn -0.1517 0.0020 0.9884
vn -0.0869 0.0301 0.9958
vn 0.0221 0.0067 0.9997
vn 0.0218 0.0081 0.9997
vn 0.0199 0.0166 0.9997
vn 0.0129 0.0151 0.9998
vn 0.1733 0.0194 0.9847
vn 0.1081 0.0815 0.9908
vn 0.2776 0.0076 0.9607
vn 0.3197 0.0304 0.9470
vn 0.4225 0.0067 0.9063
vn 0.4031 0.0268 0.9147
vn 0.5547 0.0284 0.8316
vn 0.5658 0.0156 0.8244
vn 0.6836 0.0196 0.7296
vn 0.6616 0.0448 0.7485
vn 0.7476 0.0265 0.6636
vn 0.7658 0.0051 0.6431
vn 0.8406 0.0065 0.5416
vn 0.8325 0.0143 0.5539
vn 0.8846 0.0438 0.4642
vn 0.9059 0.0168 0.4231
vn 0.9445 0.0195 0.3280
vn 0.9445 0.0184 0.3280
vn 0.9451 0.0175 0.3263
vn 0.9453 0.0174 0.3257
vn 0.9749 0.0181 0.2218
vn 0.9749 0.0168 0.2219
vn 0.9754 0.0154 0.2200
vn 0.9756 0.0159 0.2190
vn 0.9972 0.0198 0.0718
vn 0.9974 0.0147 0.0702
vn 0.9975 0.0147 0.0690
vn 0.9976 0.0155 0.0673
vn 0.9956 0.0196 -0.0912
vn 0.9954 0.0203 -0.0932
vn 0.9952 0.0169 -0.0960
vn 0.9953 0.0157 -0.0959
vn -0.5222 0.0160 -0.8527
vn -0.5220 0.0181 -0.8528
vn -0.5221 0.0169 -0.8527
vn -0.5219 0.0187 -0.8528
vn -0.0046 1.0000 0.0062
vn 0.0028 1.0000 -0.0011
vn -0.0067 0.9999 0.0079
vn 0.0037 1.0000 -0.0018
vn 0.0036 1.0000 -0.0023
vn 0.0030 1.0000 0.0015
vn 0.0021 1.0000 0.0016
vn -0.0021 1.0000 0.0005
vn 0.0003 1.0000 0.0030
vn 0.0028 1.0000 -0.0036
vn 0.0007 1.0000 0.0047
vn 0.0002 1.0000 0.0040
vn 0.0084 0.9999 0.0056
vn 0.0023 1.0000 0.0029
vn -0.7492 -0.0000 0.6623
vn -0.4773 -0.0000 0.8787
vn -0.1481 -0.0000 0.9890
vn 0.1990 -0.0000 0.9800
vn 0.1989 -0.0000 0.9800
vn 0.5224 -0.0000 0.8527
vn 0.5227 -0.0000 0.8525
vn 0.7824 -0.0000 0.6228
vn 0.7821 -0.0000 0.6231
vn 0.7823 -0.0000 0.6229
vn 0.9483 -0.0000 0.3173
vn 0.9997 -0.0000 -0.0259
vn 0.9997 -0.0000 -0.0256
vn 0.9997 -0.0000 -0.0261
vn 0.9304 -0.0000 -0.3665
vn 0.7492 -0.0000 -0.6623
vn 0.4773 -0.0000 -0.8787
vn 0.4774 -0.0000 -0.8787
vn 0.1481 -0.0000 -0.9890
vn -0.1990 -0.0000 -0.9800
vn -0.1989 -0.0000 -0.9800
vn -0.5224 -0.0000 -0.8527
vn -0.5223 -0.0000 -0.8528
vn -0.7826 -0.0000 -0.6226
vn -0.9483 -0.0000 -0.3173
vn -0.9997 -0.0000 0.0256
vn -0.9304 -0.0000 0.3665
vn 0.0003 -1.0000 -0.0000
vn -0.0011 -1.0000 0.0006
vn -0.0006 -1.0000 0.0007
vn -0.0007 -1.0000 0.0009
vn 0.0004 -1.0000 -0.0005
vn 0.0001 -1.0000 -0.0007
vn -0.0004 -1.0000 -0.0010
vn 0.0002 -1.0000 -0.0003
vn -0.0008 -1.0000 0.0002
vn -0.0001 -1.0000 -0.0003
vn 0.0002 -1.0000 -0.0007
vn 0.0007 -1.0000 0.0007
vn -0.0001 -1.0000 -0.0008
vn -0.4809 -0.7668 0.4252
vn -0.3870 -0.5854 0.7124
vn -0.1071 -0.8030 0.5863
vn -0.0951 -0.7666 0.6351
vn 0.1614 -0.5854 0.7945
vn 0.2947 -0.8030 0.5181
vn 0.3353 -0.7668 0.5474
vn 0.6343 -0.5855 0.5048
vn 0.5720 -0.7832 0.2438
vn 0.6756 -0.7017 0.2263
vn 0.7139 -0.6984 -0.0509
vn 0.6418 -0.7667 -0.0166
vn 0.7544 -0.5855 -0.2969
vn 0.4589 -0.8030 -0.3803
vn 0.4812 -0.7665 -0.4254
vn 0.3871 -0.5855 -0.7123
vn 0.1410 -0.7832 -0.6056
vn 0.1055 -0.7017 -0.7046
vn -0.1741 -0.6984 -0.6942
vn -0.1277 -0.7668 -0.6290
vn -0.4234 -0.5855 -0.6913
vn -0.4538 -0.7832 -0.4249
vn -0.5575 -0.7015 -0.4439
vn -0.6881 -0.6985 -0.1964
vn -0.6088 -0.7667 -0.2039
vn -0.8104 -0.5855 0.0210
vn -0.5949 -0.7832 0.1806
vn -0.6630 -0.7017 0.2609
vn -0.5141 -0.6985 0.4978
vn -0.5138 -0.8490 -0.1233
vn -0.5065 -0.8491 0.1499
vn 0.1233 -0.8491 -0.5137
vn -0.1497 -0.8491 -0.5065
vn -0.3831 -0.8491 -0.3637
vn 0.5135 -0.8491 0.1237
vn 0.5065 -0.8491 -0.1498
vn 0.3638 -0.8491 -0.3830
vn -0.1232 -0.8493 0.5134
vn 0.1500 -0.8492 0.5063
vn 0.3831 -0.8491 0.3635
vn -0.3637 -0.8491 0.3831
vn -0.9589 -0.0091 0.2836
vn -0.9723 0.0079 -0.2337
vn -0.9591 0.0134 -0.2828
vn -0.7251 -0.0091 -0.6886
vn -0.2837 0.0079 -0.9589
vn -0.2352 0.0135 -0.9719
vn 0.2337 -0.0091 -0.9723
vn 0.6886 0.0079 -0.7251
vn 0.7240 0.0136 -0.6896
vn 0.9589 -0.0091 -0.2837
vn 0.9723 0.0079 0.2338
vn 0.9592 0.0135 0.2825
vn 0.7251 -0.0091 0.6886
vn 0.2838 0.0079 0.9589
vn 0.2353 0.0134 0.9718
vn -0.2337 -0.0091 0.9723
vn -0.6886 0.0079 0.7251
vn -0.7240 0.0135 0.6897
vn -0.7183 0.0193 -0.6954
vn -0.7200 0.0190 -0.6937
vn -0.7242 0.0167 -0.6894
vn -0.7257 0.0157 -0.6878
vn -0.9007 0.0192 -0.4340
vn -0.8802 0.0371 -0.4731
vn -0.9871 0.0259 -0.1581
vn -0.9924 0.0347 -0.1184
vn -0.9985 0.0004 0.0554
vn -0.9771 0.0344 0.2101
vn -0.9265 0.0004 0.3762
vn -0.8707 0.0284 0.4910
vn -0.7467 0.0087 0.6651
vn -0.7587 0.0157 0.6512
vn 0.9262 0.0187 -0.3765
vn 0.9381 0.0317 -0.3448
vn 0.8123 0.0152 -0.5830
vn 0.7587 0.0343 -0.6505
vn 0.6084 0.0015 -0.7936
vn 0.7444 0.0795 -0.6630
vn 0.4638 0.0066 -0.8859
vn 0.3499 0.0332 -0.9362
vn 0.2314 0.0086 -0.9728
vn 0.0347 0.0369 -0.9987
vn -0.0426 0.0164 -0.9990
vn -0.2748 0.0188 -0.9613
vn -0.2767 0.0186 -0.9608
vn -0.2825 0.0165 -0.9591
vn -0.2845 0.0155 -0.9586
vn 0.2989 -0.0063 0.9543
vn 0.2782 -0.0023 0.9605
vn 0.0472 -0.0030 0.9989
vn 0.0016 0.0063 1.0000
vn -0.2481 0.0106 0.9687
vn -0.4818 0.0042 0.8763
vn -0.1848 -0.0001 0.9828
vn -0.9320 0.0052 0.3623
vn -0.9106 -0.0033 0.4134
vn -0.4634 -0.0085 0.8861
vn -0.5159 0.0009 0.8566
vn -0.7262 0.0011 0.6875
vn -0.7440 -0.0030 0.6682
vn 0.9995 0.0059 -0.0315
vn 0.9999 -0.0058 -0.0123
vn 0.9999 -0.0058 -0.0129
vn 0.9999 -0.0060 -0.0116
vn 0.9999 -0.0062 -0.0109
vn 0.9771 -0.0007 0.2128
vn 0.9767 -0.0003 0.2148
vn 0.9759 0.0003 0.2181
vn 0.9754 0.0007 0.2202
vn 0.7065 -0.0018 0.7077
vn 0.7085 -0.0023 0.7057
vn 0.7126 -0.0035 0.7016
vn 0.7149 -0.0042 0.6992
vn 0.8801 -0.0029 0.4748
vn 0.8704 0.0017 0.4923
vn 0.9581 0.0054 -0.2862
vn 0.9334 -0.0029 -0.3589
vn 0.8280 0.0077 -0.5607
vn 0.7820 -0.0002 -0.6233
vn -0.1878 -0.0059 -0.9822
vn -0.2223 -0.0128 -0.9749
vn -0.3770 0.0027 -0.9262
vn -0.5260 -0.0123 -0.8504
vn -0.5480 -0.0062 -0.8365
vn -0.6848 0.0021 -0.7288
vn -0.7730 -0.0129 -0.6342
vn -0.8029 -0.0046 -0.5961
vn 0.5770 -0.0006 -0.8168
vn 0.4084 -0.0132 -0.9127
vn 0.1813 0.0021 -0.9834
vn -0.9762 -0.0000 -0.2170
vn -0.9992 -0.0121 -0.0375
vn -0.9877 -0.0001 0.1562
vn 0.7789 0.0003 0.6271
vn 0.8916 -0.0081 0.4528
vn 0.9242 -0.0036 0.3819
vn 0.9962 -0.0034 0.0871
vn 1.0000 -0.0084 -0.0011
vn 0.9791 0.0006 -0.2033
vn -0.6274 0.0002 0.7787
vn -0.4532 -0.0082 0.8914
vn -0.3820 -0.0037 0.9242
vn -0.0871 -0.0034 0.9962
vn 0.0008 -0.0084 1.0000
vn 0.2030 0.0006 0.9792
vn 0.1838 -0.9800 0.0759
vn 0.6190 -0.7782 0.1062
vn 0.7749 -0.5355 0.3358
vn 0.7378 -0.6113 0.2862
vn 0.6797 -0.7295 0.0771
vn 0.1903 -0.9814 -0.0269
vn 0.8153 -0.5706 -0.0985
vn 0.7105 -0.6865 -0.1545
vn 0.5191 -0.7410 0.4259
vn 0.6321 -0.6710 -0.3875
vn 0.6540 -0.6390 -0.4050
vn 0.2691 -0.9475 -0.1730
vn 0.4202 -0.5936 0.6864
vn 0.4347 -0.5584 0.7066
vn 0.1853 -0.9348 0.3031
vn 0.2026 -0.9220 0.3299
vn 0.3701 -0.7694 -0.5207
vn 0.3129 -0.5480 -0.7758
vn 0.1135 -0.7626 -0.6368
vn -0.3738 0.4455 0.8135
vn -0.0128 -0.9857 0.1678
vn -0.2430 -0.7271 0.6421
vn -0.0804 -0.5618 0.8234
vn -0.0859 -0.5474 0.8324
vn 0.1392 -0.7608 0.6339
vn -0.5305 -0.5422 0.6516
vn -0.3196 -0.7794 0.5388
vn -0.1370 -0.6508 -0.7468
vn -0.1385 -0.6750 -0.7247
vn -0.2879 -0.6820 -0.6723
vn -0.2993 -0.6054 -0.7375
vn -0.4069 -0.6969 -0.5905
vn -0.4392 -0.5991 -0.6694
vn -0.4263 -0.7825 -0.4539
vn -0.6194 -0.6127 -0.4908
vn -0.5773 -0.6939 -0.4303
vn -0.0638 -0.9126 -0.4037
vn -0.0736 -0.9824 -0.1716
vn -0.3721 -0.7572 -0.5368
vn -0.6888 -0.5895 0.4220
vn -0.6347 -0.6731 0.3795
vn -0.2200 -0.9654 0.1401
vn -0.6993 -0.7118 -0.0656
vn -0.9383 -0.2734 -0.2116
vn -0.6437 -0.7578 0.1068
vn -0.2598 -0.9648 -0.0413
vn -0.0644 -0.9886 0.1358
vn 0.0217 -0.9929 0.1171
vn 0.1128 -0.9883 0.1026
vn 0.1610 -0.9848 0.0656
vn 0.1295 -0.9913 -0.0214
vn -0.5977 -0.6530 0.4651
vn -0.5185 -0.7368 0.4338
vn -0.5375 -0.6641 0.5196
vn -0.4154 -0.7693 0.4854
vn -0.4737 -0.6209 0.6246
vn -0.3278 -0.7231 0.6081
vn -0.3277 -0.7233 0.6079
vn -0.3275 -0.7234 0.6078
vn -0.3267 -0.7246 0.6068
vn -0.2554 -0.6678 0.6991
vn -0.2012 -0.7531 0.6264
vn -0.1462 -0.6816 0.7169
vn -0.0873 -0.7864 0.6115
vn -0.0284 -0.6582 0.7523
vn 0.0278 -0.7238 0.6895
vn 0.0728 -0.5828 0.8093
vn 0.1729 -0.7003 0.6926
vn 0.1703 -0.7728 0.6114
vn 0.2640 -0.6495 0.7131
vn 0.3204 -0.7344 0.5983
vn 0.3025 -0.7928 0.5291
vn 0.4248 -0.6624 0.6171
vn 0.4754 -0.7206 0.5047
vn 0.4922 -0.6870 0.5346
vn 0.5955 -0.6367 0.4899
vn 0.5032 -0.7811 0.3697
vn 0.6126 -0.7037 0.3599
vn 0.5684 -0.7665 0.2989
vn 0.7356 -0.6047 0.3054
vn 0.6237 -0.7569 0.1952
vn 0.7386 -0.6501 0.1782
vn 0.6267 -0.7748 0.0836
vn 0.7183 -0.6929 0.0628
vn 0.7152 -0.6987 -0.0171
vn 0.6817 -0.7311 -0.0271
vn 0.8207 -0.5530 -0.1435
vn 0.5987 -0.7825 -0.1712
vn 0.6691 -0.7211 -0.1796
vn 0.6087 -0.7420 -0.2810
vn 0.6726 -0.6836 -0.2834
vn 0.6734 -0.6817 -0.2861
vn 0.6735 -0.6817 -0.2858
vn -0.6205 -0.6867 0.3789
vn -0.5225 -0.7842 0.3348
vn -0.7463 -0.6652 -0.0219
vn -0.6926 -0.7198 -0.0467
vn 0.0095 -0.6702 0.7421
vn -0.0768 -0.7977 0.5981
vn -0.3648 -0.5734 0.7336
vn -0.5733 -0.6715 -0.4695
vn -0.6365 -0.5868 -0.5005
vn -0.3800 -0.7955 -0.4719
vn -0.4586 -0.4897 -0.7415
vn -0.2429 -0.7874 -0.5665
vn -0.1771 -0.6031 -0.7778
vn -0.1212 -0.7302 -0.6724
vn 0.3292 -0.7856 0.5238
vn 0.3792 -0.6863 0.6206
vn 0.3008 -0.6639 -0.6846
vn 0.3035 -0.7094 -0.6361
vn 0.7420 -0.6704 -0.0095
vn 0.5981 -0.7977 0.0769
vn 0.7336 -0.5734 0.3648
vn 0.6210 -0.6865 -0.3783
vn 0.5925 -0.7177 -0.3659
vn 0.9927 -0.0012 -0.1204
vn 0.9533 -0.0165 0.3017
vn 0.9449 -0.0201 0.3266
vn 0.8020 -0.0030 0.5973
vn 0.2690 -0.0298 0.9627
vn 0.3433 -0.0165 0.9391
vn 0.6722 -0.6839 -0.2835
vn 0.4552 -0.8090 0.3719
vn 0.6439 -0.7449 0.1749
vn 0.4588 -0.8346 0.3048
vn 0.4395 -0.5768 0.6886
vn 0.3949 -0.8389 0.3745
vn 0.0033 -0.5065 0.8622
vn 0.1075 -0.4691 0.8766
vn 0.1232 -0.5160 0.8477
vn 0.2533 -0.5951 0.7627
vn 0.0848 -0.7575 0.6473
vn 0.0312 -0.9229 0.3837
vn 0.3301 -0.7755 0.5382
vn 0.3446 -0.7512 0.5630
vn 0.7675 -0.4870 0.4170
vn 0.3441 -0.9168 0.2028
vn 0.5699 -0.7211 0.3940
vn 0.5722 -0.6099 0.5482
vn -0.1593 -0.8832 0.4412
vn -0.6171 -0.4125 0.6701
vn 0.0854 -0.8368 0.5408
vn -0.1530 -0.7241 0.6725
vn 0.1185 -0.8381 0.5325
vn 0.3819 -0.5627 0.7331
vn 0.7575 -0.4557 0.4674
vn 0.6894 -0.5015 0.5227
vn -0.5695 0.0006 0.8220
vn -0.1655 -0.0137 0.9861
vn -0.1919 -0.0181 0.9812
vn 0.1597 0.0003 0.9872
vn 0.6566 -0.0262 0.7538
vn 0.7257 -0.0108 0.6880
vn 0.7427 0.5981 -0.3010
vn 0.5246 0.7548 -0.3938
vn 0.5472 0.7093 -0.4444
vn 0.3640 0.6585 -0.6587
vn 0.3592 0.7557 -0.5477
vn 0.2711 0.6614 -0.6993
vn 0.1545 0.7489 -0.6444
vn 0.0277 0.6015 -0.7984
vn -0.1032 0.7512 -0.6519
vn -0.2121 0.6574 -0.7231
vn 0.1114 0.9875 -0.1115
vn 0.0070 0.9827 -0.1849
vn -0.3604 0.7229 -0.5895
vn -0.3610 0.7218 -0.5905
vn -0.3615 0.7208 -0.5915
vn -0.3621 0.7196 -0.5925
vn -0.0851 0.9871 -0.1359
vn -0.3284 0.5100 0.7950
vn 0.7104 0.4487 0.5422
vn -0.3848 0.7167 0.5817
vn -0.3853 0.7152 0.5831
vn -0.3852 0.7162 0.5819
vn -0.3855 0.7145 0.5838
vn -0.2983 0.6674 0.6823
vn -0.3073 0.5900 0.7466
vn -0.1575 0.7861 0.5977
vn -0.1459 0.7027 0.6964
vn -0.0575 0.7420 0.6679
vn -0.0527 0.7085 0.7038
vn 0.0174 0.6187 0.7854
vn 0.0652 0.7604 0.6462
vn 0.1378 0.6062 0.7833
vn 0.2048 0.7543 0.6238
vn 0.2167 0.7354 0.6420
vn 0.3123 0.6733 0.6701
vn 0.3067 0.7766 0.5503
vn 0.4431 0.6018 0.6644
vn 0.4450 0.7452 0.4967
vn 0.4722 0.7146 0.5161
vn 0.5892 0.6674 0.4555
vn 0.6083 0.6443 0.4634
vn 0.5520 0.7798 0.2953
vn 0.6069 0.7313 0.3113
vn 0.7238 0.6426 0.2514
vn 0.6284 0.7595 0.1682
vn 0.7231 0.6709 0.1646
vn 0.7307 0.6803 0.0580
vn 0.7484 0.6610 0.0538
vn 0.6494 0.7579 -0.0624
vn 0.6387 0.7672 -0.0589
vn -0.0966 0.9803 0.1722
vn 0.0024 0.9913 0.1315
vn 0.1074 0.9882 0.1091
vn 0.1578 0.9869 0.0328
vn -0.5691 0.6141 -0.5468
vn -0.5430 0.7368 -0.4029
vn -0.6590 0.6818 -0.3177
vn -0.5957 0.7803 -0.1902
vn -0.8053 0.5851 -0.0961
vn -0.6766 0.7246 0.1313
vn -0.6977 0.7005 0.1499
vn -0.6453 0.6717 0.3639
vn -0.5216 0.7599 0.3879
vn -0.5330 0.7008 0.4742
vn -0.1394 0.9902 -0.0057
vn 0.5573 0.8286 -0.0537
vn 0.9355 0.3524 -0.0253
vn 0.5734 0.8184 0.0387
vn 0.9117 0.3796 0.1575
vn 0.6116 0.7791 0.1373
vn 0.5757 0.7932 0.1984
vn 0.9021 -0.1239 0.4133
vn 0.5506 0.7661 0.3316
vn 0.5503 0.6652 0.5047
vn 0.5110 0.6794 0.5266
vn 0.3700 0.7278 0.5774
vn 0.2815 0.7641 0.5804
vn 0.1826 0.6627 0.7263
vn 0.1016 -0.0110 0.9948
vn 0.0074 0.8223 0.5690
vn -0.1244 0.5747 0.8088
vn -0.1014 0.6975 0.7094
vn -0.2022 0.7631 0.6138
vn -0.2898 0.5217 0.8024
vn -0.2578 0.8236 0.5052
vn -0.5181 0.3389 0.7853
vn -0.4553 0.5385 0.7090
vn -0.1682 0.8106 -0.5609
vn -0.0474 -0.0480 -0.9977
vn 0.0702 0.8491 -0.5236
vn 0.4239 0.5722 -0.7021
vn 0.7515 -0.3303 -0.5711
vn 0.8373 0.4313 -0.3360
vn -0.0441 -0.1139 -0.9925
vn 0.4235 0.8298 -0.3634
vn 0.2380 0.9699 -0.0523
vn -0.4371 0.8173 0.3754
vn -0.8680 0.1522 0.4727
vn -0.5783 0.7812 0.2350
vn -0.5698 0.8211 0.0316
vn -0.9781 -0.1638 -0.1283
vn -0.8410 0.3449 -0.4168
vn -0.3901 0.8438 -0.3685
vn -0.4063 0.6282 -0.6635
vn -0.4782 0.4079 -0.7777
vn 0.1896 0.9779 -0.0883
vn 0.6721 0.7202 -0.1719
vn 0.8255 0.5644 -0.0006
vn 0.5672 0.8204 0.0720
vn 0.7367 0.6581 0.1553
vn 0.5729 0.7541 0.3212
vn 0.5044 0.8204 0.2694
vn 0.6743 0.2993 0.6751
vn -0.2314 0.9699 0.0756
vn -0.5258 0.8495 0.0427
vn -0.9041 0.4273 0.0043
vn -0.5574 0.8267 -0.0769
vn -0.6343 0.7673 -0.0943
vn -0.8236 0.5068 -0.2546
vn -0.4583 0.8713 -0.1754
vn -0.8133 0.4272 -0.3950
vn -0.4442 0.8413 -0.3081
vn -0.4324 0.8507 -0.2987
vn -0.7160 0.1742 -0.6761
vn -0.3061 0.8754 -0.3741
vn -0.3941 0.7673 -0.5060
vn -0.4204 0.5069 -0.7526
vn -0.2107 0.8714 -0.4431
vn -0.3161 0.4272 -0.8471
vn -0.1089 0.8412 -0.5296
vn -0.1069 0.8507 -0.5147
vn -0.0517 0.1741 -0.9834
vn 0.0401 0.8913 -0.4515
vn 0.0524 0.8507 -0.5231
vn 0.2453 0.1810 -0.9524
vn 0.1871 0.8532 -0.4869
vn 0.4061 0.6599 -0.6322
vn 0.4124 0.7543 -0.5107
vn 0.2684 0.8585 0.4370
vn 0.3062 0.8101 0.5000
vn -0.1575 0.8768 0.4543
vn -0.4914 0.3250 0.8081
vn -0.4577 0.7571 0.4662
vn -0.6203 0.5433 0.5657
vn 0.2262 0.5449 0.8074
vn 0.0735 0.8400 0.5375
vn -0.7557 0.5534 0.3503
vn 0.5868 -0.7762 -0.2306
vn 0.6655 -0.7067 -0.2400
vn 0.6914 -0.7060 -0.1532
vn 0.8030 -0.5776 -0.1469
vn 0.6085 -0.7929 -0.0321
vn 0.7892 -0.6076 0.0891
vn 0.7059 -0.7053 0.0649
vn 0.6812 -0.7059 0.1942
vn 0.7761 -0.5777 0.2527
vn 0.5506 -0.7928 0.2612
vn 0.6518 -0.6076 0.4538
vn 0.6955 -0.5163 0.4997
vn 0.4361 -0.7928 0.4257
vn 0.4693 -0.6076 0.6408
vn 0.4306 -0.7056 0.5628
vn 0.3188 -0.7060 0.6324
vn 0.3402 -0.5776 0.7421
vn 0.1810 -0.7926 0.5822
vn 0.1080 -0.6076 0.7869
vn 0.1110 -0.7053 0.7002
vn -0.0204 -0.7059 0.7080
vn -0.0538 -0.5775 0.8146
vn -0.1177 -0.7927 0.5981
vn -0.2795 -0.6076 0.7435
vn -0.2355 -0.7052 0.6688
vn -0.3548 -0.7059 0.6131
vn -0.4348 -0.5777 0.6908
vn -0.3878 -0.7929 0.4701
vn -0.5909 -0.6171 0.5197
vn -0.4429 -0.7896 0.4248
vn 0.7350 -0.6347 0.2386
vn 0.2716 -0.6214 0.7349
vn 0.5258 -0.6109 0.5919
vn -0.1305 -0.6542 0.7450
vn -0.3000 -0.7878 0.5380
vn -0.3045 -0.7006 0.6453
vn -0.5298 -0.7021 0.4758
vn -0.4979 -0.7706 0.3979
vn -0.7275 -0.6014 0.3301
vn 0.6324 -0.7744 -0.0189
vn 0.7127 -0.7012 0.0177
vn 0.6589 -0.6998 -0.2761
vn 0.6182 -0.7492 -0.2378
vn 0.6179 -0.6129 -0.4926
vn -0.6253 -0.7703 0.1249
vn -0.5826 -0.8056 0.1072
vn -0.8140 -0.5798 0.0365
vn -0.6323 -0.7717 -0.0682
vn -0.5857 -0.8074 -0.0712
vn -0.7875 -0.5797 -0.2093
vn -0.5826 -0.7718 -0.2547
vn -0.5376 -0.8073 -0.2437
vn -0.6885 -0.5797 -0.4359
vn -0.4794 -0.7718 -0.4177
vn -0.4397 -0.8073 -0.3937
vn -0.5260 -0.5797 -0.6223
vn -0.3322 -0.7717 -0.5423
vn -0.3014 -0.8072 -0.5075
vn -0.3152 -0.5797 -0.7514
vn -0.1543 -0.7716 -0.6171
vn -0.1352 -0.8074 -0.5744
vn -0.0753 -0.5798 -0.8113
vn 0.0380 -0.7718 -0.6347
vn 0.0432 -0.8072 -0.5886
vn 0.1715 -0.5796 -0.7966
vn 0.2265 -0.7720 -0.5939
vn 0.2177 -0.8074 -0.5484
vn 0.4025 -0.5796 -0.7085
vn 0.3943 -0.7718 -0.4988
vn 0.3749 -0.8032 -0.4630
s 1
usemtl 合金2
f 5//1 6//2 7//3
f 7//3 6//2 8//4
f 7//5 8//5 1897//5
f 7//6 1897//6 4//6
f 4//7 1897//7 9//7
f 4//8 9//8 1898//8
f 4//9 1898//9 3//9
f 5//1 10//10 6//2
f 6//11 10//12 2//13
f 2//13 10//12 11//14
f 2//15 11//15 1//15
f 2//16 12//16 6//16
f 1911//17 1912//18 13//19
f 13//20 14//20 1910//20
f 13//19 1910//21 1911//17
f 15//22 1913//22 16//22
f 15//23 16//23 17//23
f 15//24 18//25 19//26
f 15//24 19//26 20//27
f 1912//28 1913//28 13//28
f 13//29 1913//29 15//29
f 13//30 15//30 20//30
f 20//31 21//32 13//33
f 13//33 21//32 22//34
f 23//35 24//35 25//35
f 25//36 24//36 26//36
f 25//37 26//37 27//37
f 25//38 27//38 28//38
f 29//39 30//40 31//41
f 31//42 32//43 29//44
f 31//42 33//45 32//43
f 32//46 33//47 1865//48
f 32//46 1865//48 27//49
f 27//50 1865//50 28//50
f 30//51 34//51 35//51
f 30//40 35//52 31//41
f 36//53 37//53 1876//53
f 37//54 36//54 38//54
f 37//55 38//55 39//55
f 39//56 38//56 40//56
f 39//57 40//57 41//57
f 41//58 42//58 39//58
f 39//59 42//59 43//59
f 44//60 39//60 45//60
f 46//61 37//61 47//61
f 47//62 37//63 39//64
f 47//62 39//64 44//65
f 37//66 46//67 48//68
f 37//66 48//68 49//69
f 51//70 50//71 52//72
f 50//71 51//70 53//73
f 53//73 51//70 1791//74
f 53//73 1791//74 54//75
f 53//73 54//75 55//76
f 56//77 55//77 1801//77
f 1801//78 55//78 54//78
f 52//79 57//79 58//79
f 52//80 58//80 51//80
f 59//81 60//82 52//83
f 52//83 60//82 57//84
f 59//81 61//85 62//86
f 59//81 62//86 60//82
f 64//87 63//88 65//89
f 56//90 66//91 55//92
f 55//92 66//91 63//88
f 63//88 66//91 67//93
f 63//88 67//93 65//89
f 69//94 68//95 70//96
f 69//94 70//96 59//81
f 59//81 70//96 71//97
f 59//81 71//97 61//85
f 72//98 73//99 74//100
f 68//95 69//94 72//98
f 72//98 69//94 73//99
f 64//87 75//101 63//88
f 63//88 75//101 73//99
f 73//99 75//101 74//100
f 1843//102 78//103 79//104
f 1843//102 80//105 78//103
f 78//106 80//106 81//106
f 78//107 81//108 77//109
f 77//109 81//108 82//110
f 77//111 82//111 76//111
f 1850//112 1851//113 83//114
f 84//115 85//115 86//115
f 84//116 86//116 79//116
f 79//117 86//117 1843//117
f 1851//113 1852//118 83//114
f 83//119 1852//119 1853//119
f 83//120 1853//120 87//120
f 84//121 1850//122 85//123
f 85//123 1850//122 83//124
f 85//125 83//125 88//125
f 92//126 93//127 94//128
f 94//129 93//130 95//131
f 95//132 96//132 97//132
f 95//131 97//133 94//129
f 94//134 97//135 98//136
f 99//137 100//138 102//139
f 102//139 100//138 101//140
f 1186//141 102//142 103//143
f 103//143 102//142 104//144
f 103//145 104//146 105//147
f 105//147 104//146 106//148
f 105//149 106//150 107//151
f 107//151 106//150 108//152
f 107//153 108//154 109//155
f 109//155 108//154 110//156
f 109//157 110//158 98//159
f 98//159 110//158 111//160
f 98//136 111//161 94//134
f 1186//141 112//162 113//163
f 1186//141 113//163 102//142
f 102//139 113//164 99//137
f 91//165 120//166 114//167
f 114//167 120//166 115//168
f 114//169 115//170 116//171
f 116//171 115//170 117//172
f 116//173 117//174 118//175
f 118//175 117//174 119//176
f 118//177 119//177 99//178
f 99//178 119//177 100//179
f 120//180 91//181 121//182
f 121//182 91//181 122//183
f 121//184 122//185 123//186
f 123//186 122//185 124//187
f 123//188 124//189 125//190
f 125//190 124//189 126//191
f 89//192 127//193 90//194
f 125//195 126//196 127//197
f 127//197 126//196 128//198
f 127//193 128//199 90//194
f 129//200 130//201 131//202
f 131//202 130//201 132//203
f 131//204 132//205 90//206
f 90//206 132//205 89//207
f 133//208 162//209 134//210
f 135//211 136//212 137//213
f 138//214 137//214 139//214
f 135//211 137//213 138//215
f 135//216 138//216 140//216
f 140//217 138//217 141//217
f 140//218 141//219 142//220
f 142//220 143//221 144//222
f 144//222 143//221 145//221
f 142//220 144//222 140//218
f 140//223 144//224 146//225
f 146//225 144//224 147//226
f 146//227 147//228 148//229
f 148//229 147//228 149//230
f 148//231 149//232 150//232
f 150//232 149//232 151//233
f 150//234 151//235 152//236
f 151//235 153//237 152//236
f 152//238 153//239 154//240
f 152//238 154//240 155//241
f 155//242 154//242 156//242
f 155//243 156//244 157//245
f 157//245 156//244 158//246
f 157//247 158//248 159//249
f 159//249 158//248 160//250
f 161//251 162//252 160//253
f 160//253 162//252 159//254
f 162//209 161//209 134//210
f 133//255 134//256 163//257
f 163//257 134//256 164//258
f 163//259 164//260 165//261
f 165//261 164//260 166//262
f 165//263 166//264 167//264
f 166//264 168//265 167//264
f 167//266 168//267 169//268
f 178//269 170//269 171//269
f 171//270 170//271 172//272
f 171//270 172//272 173//273
f 173//274 172//275 169//276
f 173//274 169//276 174//277
f 174//278 169//268 168//267
f 175//279 176//279 177//279
f 177//280 176//280 178//280
f 176//281 179//281 178//281
f 178//282 179//282 170//282
f 139//283 180//284 138//285
f 138//285 180//284 181//286
f 138//285 181//286 182//287
f 182//288 181//289 183//290
f 183//290 181//289 184//291
f 183//292 184//293 185//294
f 185//294 184//293 186//295
f 187//296 188//297 189//298
f 187//296 189//298 1792//299
f 1792//299 189//298 190//300
f 1792//301 190//301 191//301
f 193//302 192//302 194//302
f 192//303 193//304 195//305
f 195//305 193//304 196//306
f 195//305 196//306 197//307
f 197//308 196//309 198//310
f 197//308 198//310 199//311
f 201//312 202//313 203//314
f 204//315 205//315 206//316
f 206//316 205//315 207//317
f 204//315 208//315 205//315
f 205//315 208//315 209//318
f 205//315 209//318 201//312
f 201//312 209//318 202//313
f 201//312 203//314 210//319
f 201//312 210//319 211//320
f 211//320 210//319 212//321
f 211//320 212//321 213//322
f 213//322 212//321 214//323
f 213//322 214//323 215//324
f 213//322 215//324 216//325
f 216//325 215//324 217//326
f 216//325 217//326 218//327
f 216//325 218//327 219//328
f 192//329 220//330 194//331
f 194//331 220//330 209//318
f 209//318 220//330 221//332
f 209//318 221//332 202//313
f 222//333 223//334 224//335
f 225//336 226//337 224//338
f 224//339 226//339 227//339
f 224//335 223//334 228//340
f 218//327 229//341 219//328
f 219//328 229//341 230//342
f 219//328 230//342 231//343
f 231//343 230//342 232//344
f 231//343 232//344 233//345
f 233//345 232//344 234//346
f 233//345 234//346 235//347
f 235//347 234//346 228//340
f 238//348 239//349 240//350
f 240//351 239//351 241//351
f 240//352 241//352 242//352
f 243//353 244//354 245//355
f 245//355 244//354 246//356
f 245//355 246//356 247//357
f 245//355 247//357 227//358
f 227//358 247//357 248//359
f 227//358 248//359 222//333
f 227//358 222//333 224//335
f 237//360 199//361 236//362
f 236//363 199//363 243//363
f 243//364 199//311 198//310
f 243//365 198//365 244//365
f 237//360 236//362 249//366
f 249//366 236//362 250//367
f 249//366 250//367 241//368
f 241//368 250//367 242//369
f 240//350 251//370 238//348
f 238//371 251//372 252//373
f 238//371 252//373 253//374
f 253//374 252//373 254//375
f 254//375 252//373 225//336
f 254//375 225//336 224//338
f 207//317 255//376 206//316
f 206//316 255//376 256//377
f 223//334 206//316 228//340
f 228//340 206//316 256//377
f 228//340 256//377 235//347
f 257//378 258//379 259//380
f 257//378 259//380 260//381
f 261//382 262//383 263//384
f 264//385 265//385 266//385
f 266//386 267//386 264//386
f 264//387 267//387 268//387
f 268//388 267//389 269//390
f 268//388 269//390 270//391
f 270//392 269//393 261//394
f 270//392 261//394 271//395
f 271//396 261//382 263//384
f 272//397 273//397 101//397
f 101//398 273//398 249//398
f 101//399 249//400 241//401
f 241//401 102//402 101//399
f 101//403 274//404 1985//405
f 101//403 1985//405 272//406
f 272//406 1985//405 1986//407
f 101//408 1012//408 274//408
f 275//409 276//409 277//409
f 277//410 276//410 278//410
f 279//411 280//411 281//411
f 281//412 280//412 282//412
f 283//413 284//413 285//413
f 285//414 284//414 278//414
f 285//415 278//415 286//415
f 286//416 278//416 276//416
f 284//417 283//417 287//417
f 284//418 287//418 288//418
f 288//419 287//419 289//419
f 288//420 289//420 290//420
f 291//421 292//421 293//421
f 293//422 292//422 290//422
f 293//423 290//423 294//423
f 294//424 290//424 289//424
f 292//425 291//425 295//425
f 292//426 295//426 296//426
f 296//427 295//427 297//427
f 296//428 297//428 282//428
f 282//429 297//429 298//429
f 282//430 298//430 281//430
f 93//127 92//126 299//431
f 299//432 92//432 300//432
f 301//433 275//434 277//433
f 277//433 302//435 301//433
f 301//436 302//437 300//438
f 300//438 302//437 299//439
f 280//440 279//440 303//440
f 280//441 303//441 304//441
f 303//442 305//442 304//442
f 304//443 305//443 306//443
f 304//444 306//444 307//444
f 307//445 306//445 308//445
f 307//446 308//446 309//446
f 309//447 308//448 310//449
f 309//447 310//449 311//450
f 312//451 313//451 314//451
f 312//452 314//452 315//452
f 316//453 315//453 317//453
f 317//454 315//454 314//454
f 318//455 319//456 320//457
f 321//458 318//455 322//459
f 322//459 318//455 320//457
f 322//460 320//461 310//462
f 310//462 320//461 323//463
f 310//449 323//464 311//450
f 311//450 323//464 324//465
f 311//466 324//466 312//466
f 312//467 324//467 313//467
f 321//468 325//468 318//468
f 318//469 325//469 1975//469
f 318//470 1975//470 319//470
f 185//471 186//472 326//473
f 326//473 186//472 327//474
f 326//475 327//476 328//477
f 328//477 327//476 325//478
f 328//479 325//479 329//479
f 329//480 325//480 321//480
f 330//315 331//315 332//315
f 332//315 331//315 333//315
f 332//315 333//315 334//315
f 334//315 333//315 335//315
f 334//315 335//315 336//315
f 336//315 335//315 337//315
f 336//315 337//315 338//315
f 338//315 337//315 339//315
f 338//315 339//315 340//315
f 340//315 339//315 341//315
f 340//315 341//315 342//315
f 341//315 343//315 342//315
f 342//315 343//315 344//315
f 342//315 344//315 345//315
f 345//315 344//315 346//315
f 345//315 346//315 347//315
f 347//315 346//315 348//315
f 347//315 348//315 349//315
f 349//315 348//315 350//315
f 349//315 350//315 351//315
f 351//315 350//315 352//315
f 351//315 352//315 353//315
f 353//315 352//315 354//315
f 353//315 354//315 330//315
f 330//315 354//315 355//315
f 330//315 355//315 331//315
f 356//481 357//481 358//481
f 358//482 357//482 359//482
f 95//483 93//484 360//485
f 361//486 362//486 360//485
f 360//485 362//486 363//487
f 360//485 363//487 95//483
f 364//488 361//488 360//488
f 365//488 361//488 366//488
f 366//488 361//488 367//488
f 367//488 361//488 364//488
f 367//488 364//488 368//488
f 369//488 370//488 371//488
f 369//488 371//488 372//488
f 372//488 371//488 373//488
f 372//488 373//488 374//488
f 374//488 373//488 375//488
f 374//488 375//488 376//488
f 376//488 375//488 377//488
f 376//488 377//488 378//488
f 378//488 377//488 379//488
f 378//488 379//488 380//488
f 380//488 379//488 381//488
f 380//488 381//488 382//488
f 382//488 381//488 383//488
f 368//488 364//488 383//488
f 383//488 364//488 384//488
f 383//488 384//488 382//488
f 385//489 386//490 387//491
f 387//491 386//490 359//488
f 387//491 359//488 388//488
f 369//488 388//488 370//488
f 370//488 388//488 359//488
f 370//488 359//488 389//488
f 389//488 359//488 366//488
f 366//488 359//488 357//488
f 366//488 357//488 365//488
f 362//492 361//493 365//494
f 362//492 365//494 356//495
f 356//496 365//496 357//496
f 390//497 385//497 309//497
f 390//498 309//498 311//498
f 385//499 390//500 391//501
f 385//499 391//501 386//502
f 386//503 391//503 358//503
f 386//503 358//503 359//504
f 392//315 393//315 394//315
f 394//315 393//315 395//315
f 394//315 395//315 396//315
f 395//315 397//315 396//315
f 396//315 397//315 398//315
f 396//315 398//315 399//315
f 399//315 398//315 400//315
f 399//315 400//315 401//315
f 401//315 400//315 402//315
f 401//315 402//315 403//315
f 403//315 402//315 404//315
f 405//315 406//315 407//315
f 407//315 406//315 408//315
f 407//315 408//315 409//315
f 409//315 408//315 410//315
f 409//315 410//315 411//315
f 411//315 410//315 392//315
f 392//315 410//315 393//315
f 402//315 412//315 404//315
f 404//315 412//315 413//315
f 413//315 412//315 414//315
f 413//315 414//315 405//315
f 405//315 414//315 415//315
f 405//315 415//315 406//315
f 416//505 418//506 417//507
f 417//507 418//506 419//508
f 419//508 418//506 420//509
f 421//510 422//511 423//512
f 423//512 422//511 424//513
f 423//512 424//513 425//514
f 426//515 427//515 428//515
f 428//516 427//516 429//516
f 428//517 429//517 1855//517
f 430//518 431//518 432//518
f 430//519 432//520 433//521
f 433//521 432//520 434//522
f 430//523 435//523 431//523
f 431//524 435//524 436//524
f 436//525 435//525 437//525
f 436//526 437//527 426//528
f 426//528 437//527 427//529
f 438//530 439//530 440//530
f 440//531 441//531 438//531
f 442//532 443//532 444//532
f 444//533 443//533 439//533
f 439//534 443//534 440//534
f 445//535 2028//536 446//537
f 446//537 447//538 445//535
f 445//535 447//538 448//539
f 451//540 449//541 450//542
f 1988//543 451//540 452//544
f 452//544 451//540 450//542
f 453//545 454//546 455//547
f 455//547 454//546 456//548
f 457//549 458//550 459//551
f 457//549 459//551 460//552
f 461//315 462//315 463//315
f 464//315 465//315 466//315
f 466//315 465//315 467//315
f 468//315 469//315 470//315
f 471//553 52//554 472//555
f 472//555 52//554 473//556
f 472//555 473//556 474//557
f 474//557 473//556 475//558
f 475//558 473//556 476//559
f 475//558 476//559 477//560
f 467//315 465//315 478//315
f 478//315 465//315 479//315
f 478//315 479//315 468//315
f 468//315 479//315 480//315
f 468//315 480//315 469//315
f 471//553 481//561 52//554
f 52//554 481//561 482//562
f 52//563 482//563 59//563
f 476//564 483//564 484//564
f 463//315 462//315 485//315
f 485//565 462//565 59//565
f 485//566 59//566 464//566
f 464//567 59//567 482//567
f 464//315 482//315 465//315
f 459//568 486//569 484//570
f 486//569 487//571 484//570
f 484//570 487//571 468//572
f 484//573 468//573 476//573
f 476//559 468//574 470//575
f 476//559 470//575 477//560
f 461//315 463//315 458//576
f 458//576 463//315 488//577
f 458//576 488//577 459//578
f 459//578 488//577 489//579
f 459//568 489//580 490//581
f 459//568 490//581 486//569
f 460//552 459//551 491//582
f 491//582 459//551 492//583
f 491//582 492//583 493//584
f 462//585 494//586 59//587
f 59//587 494//586 495//588
f 59//587 495//588 496//589
f 496//590 495//590 497//590
f 496//591 497//592 498//593
f 496//591 498//593 499//594
f 499//594 498//593 500//595
f 499//594 500//595 501//596
f 501//596 500//595 493//584
f 501//596 493//584 502//597
f 502//597 493//584 492//583
f 492//583 503//598 502//597
f 502//597 503//598 504//599
f 504//599 503//598 505//600
f 504//599 505//600 506//601
f 506//601 505//600 507//602
f 507//602 505//600 508//603
f 507//602 508//603 509//315
f 509//315 508//603 510//604
f 509//315 510//604 511//605
f 511//605 510//604 512//606
f 511//605 512//606 513//607
f 513//607 512//606 514//608
f 513//607 514//608 515//609
f 515//609 514//608 516//610
f 516//610 514//608 517//611
f 516//610 517//611 518//612
f 518//612 517//611 476//613
f 476//613 517//611 483//614
f 519//615 1825//616 53//617
f 53//617 1825//616 50//618
f 73//619 69//620 520//621
f 520//621 69//620 521//622
f 520//623 521//624 522//625
f 522//625 521//624 523//626
f 522//627 523//628 524//629
f 524//629 523//628 525//630
f 524//631 525//632 526//633
f 526//633 525//632 527//634
f 526//635 527//636 528//637
f 528//637 527//636 529//638
f 528//639 529//640 530//641
f 530//641 529//640 531//642
f 530//643 531//644 532//645
f 532//645 531//644 533//646
f 532//647 533//648 534//649
f 534//649 533//648 535//650
f 534//651 535//652 536//653
f 536//653 535//652 537//654
f 536//655 537//656 538//657
f 538//657 537//656 539//658
f 538//659 539//660 540//661
f 540//661 539//660 541//662
f 540//663 541//664 542//665
f 542//665 541//664 543//666
f 542//667 543//668 544//669
f 544//669 543//668 545//670
f 544//671 545//672 546//673
f 546//673 545//672 547//674
f 546//675 547//676 548//677
f 548//677 547//676 549//678
f 548//679 549//680 550//681
f 550//681 549//680 551//682
f 550//683 551//683 519//683
f 519//684 551//684 1825//684
f 552//685 553//686 554//687
f 554//687 553//686 555//688
f 556//689 557//690 558//691
f 558//691 557//690 559//692
f 560//693 561//694 562//695
f 562//695 561//694 563//696
f 2026//697 2025//697 564//697
f 566//698 565//699 567//700
f 566//698 567//700 568//701
f 568//701 567//700 569//702
f 568//701 569//702 570//703
f 565//699 566//698 571//704
f 571//704 566//698 572//705
f 571//704 572//705 2024//706
f 2024//706 572//705 573//707
f 2024//708 573//708 564//708
f 564//709 573//709 2026//709
f 574//710 2021//710 2020//710
f 570//703 569//702 2022//711
f 570//712 2022//712 574//712
f 570//713 574//714 2019//715
f 2019//715 574//714 2020//716
f 575//717 576//718 578//719
f 578//719 576//718 577//720
f 578//719 579//721 580//722
f 581//723 583//724 584//725
f 584//725 583//724 580//722
f 584//725 580//722 579//721
f 575//717 578//719 580//722
f 585//726 577//726 586//726
f 586//727 577//727 576//727
f 582//728 587//728 581//728
f 581//723 587//729 583//724
f 583//724 587//729 588//730
f 589//731 590//731 591//731
f 588//730 590//732 583//724
f 583//733 590//733 589//733
f 592//734 393//734 593//734
f 593//735 393//735 410//735
f 395//736 594//736 397//736
f 397//736 594//736 595//736
f 397//737 595//738 398//738
f 398//738 595//738 596//738
f 398//739 596//739 400//739
f 400//739 596//739 597//739
f 598//740 412//740 599//740
f 599//741 412//741 402//741
f 414//742 600//742 415//742
f 415//742 600//742 601//742
f 415//743 601//743 406//743
f 406//743 601//743 602//744
f 406//745 602//745 408//745
f 408//745 602//745 603//745
f 377//746 604//747 379//746
f 379//746 604//747 605//747
f 379//748 605//748 381//748
f 381//748 605//748 606//748
f 381//749 606//749 383//749
f 383//749 606//749 607//749
f 383//750 607//750 368//751
f 368//751 607//750 608//751
f 368//752 608//752 367//752
f 367//752 608//752 609//752
f 367//753 609//753 366//753
f 366//753 609//753 610//753
f 366//754 610//755 389//756
f 389//756 610//755 611//757
f 389//758 611//759 370//759
f 370//759 611//759 612//758
f 370//760 612//760 371//760
f 371//760 612//760 613//760
f 371//761 613//761 373//761
f 373//761 613//761 614//761
f 373//762 614//762 375//762
f 375//762 614//762 615//762
f 375//763 615//763 377//763
f 377//763 615//763 604//763
f 247//764 350//764 248//764
f 248//764 350//764 348//764
f 248//765 348//765 222//765
f 222//765 348//765 346//765
f 222//766 346//766 223//766
f 223//766 346//766 344//766
f 223//743 344//743 206//743
f 206//743 344//743 343//743
f 206//767 343//767 204//767
f 204//767 343//767 341//767
f 204//768 341//768 208//768
f 208//768 341//768 339//768
f 208//769 339//769 209//769
f 209//769 339//769 337//769
f 209//770 337//770 194//770
f 194//770 337//770 335//770
f 194//771 335//771 193//771
f 193//771 335//771 333//771
f 193//772 333//772 196//772
f 196//772 333//772 331//772
f 196//738 331//738 198//738
f 198//738 331//738 355//738
f 198//773 355//773 244//773
f 244//773 355//773 354//773
f 244//774 354//774 246//774
f 246//774 354//774 352//774
f 246//775 352//775 247//775
f 247//775 352//775 350//775
f 616//746 617//746 618//746
f 618//746 617//746 619//746
f 618//776 619//776 620//776
f 620//776 619//776 621//776
f 620//749 621//749 622//749
f 622//749 621//749 623//749
f 622//750 623//750 624//750
f 624//750 623//750 625//750
f 624//777 625//777 626//777
f 626//777 625//777 627//777
f 626//778 627//778 628//778
f 628//778 627//778 629//778
f 628//755 629//755 630//755
f 630//755 629//755 631//755
f 630//779 631//779 632//779
f 632//779 631//779 633//779
f 632//780 633//780 634//780
f 634//780 633//780 635//780
f 634//781 635//781 636//781
f 636//781 635//781 637//781
f 636//782 637//782 638//782
f 638//782 637//782 639//782
f 638//763 639//763 616//763
f 616//763 639//763 617//763
f 619//783 338//783 621//784
f 621//784 338//783 340//784
f 621//785 340//786 623//787
f 623//787 340//786 342//788
f 623//789 342//790 625//791
f 625//791 342//790 345//791
f 625//792 345//792 627//793
f 627//793 345//792 347//793
f 627//794 347//795 629//796
f 629//796 347//795 349//797
f 629//798 349//799 631//800
f 631//800 349//799 351//801
f 631//802 351//802 633//803
f 633//803 351//802 353//803
f 633//804 353//805 635//806
f 635//806 353//805 330//807
f 635//808 330//809 637//810
f 637//810 330//809 332//810
f 637//811 332//811 639//812
f 639//812 332//811 334//812
f 639//813 334//814 617//815
f 617//815 334//814 336//816
f 617//817 336//818 619//819
f 619//819 336//818 338//820
f 640//821 641//822 642//823
f 642//823 641//822 643//824
f 642//825 643//826 644//827
f 644//827 643//826 645//828
f 644//829 645//830 646//831
f 646//831 645//830 647//832
f 646//833 647//834 648//835
f 648//835 647//834 649//836
f 648//837 649//838 650//839
f 650//839 649//838 651//840
f 650//841 651//842 652//843
f 652//843 651//842 653//844
f 2000//845 654//846 640//847
f 640//847 654//846 641//848
f 655//849 656//850 657//851
f 657//851 656//850 658//852
f 657//853 658//854 659//855
f 659//855 658//854 660//856
f 659//857 660//857 2000//857
f 2000//858 660//858 654//858
f 1999//859 1992//860 655//861
f 655//861 1992//860 656//862
f 661//863 662//864 663//865
f 663//865 662//864 664//866
f 663//867 664//868 665//869
f 665//869 664//868 666//870
f 665//871 666//872 667//873
f 667//873 666//872 668//874
f 667//875 668//875 1999//875
f 1999//876 668//876 1992//876
f 652//877 653//878 661//879
f 661//879 653//878 662//880
f 671//881 672//881 673//881
f 677//882 676//883 669//884
f 677//882 669//884 670//885
f 677//882 670//885 672//886
f 672//886 670//885 674//887
f 672//886 674//887 673//888
f 673//889 674//889 675//889
f 679//890 678//890 680//890
f 679//891 680//891 681//891
f 681//892 680//893 682//894
f 681//892 682//894 683//895
f 685//896 684//896 686//896
f 685//897 686//897 687//897
f 687//898 686//898 688//898
f 687//899 688//899 679//899
f 679//900 688//900 678//900
f 691//901 1893//901 692//901
f 691//902 692//903 693//904
f 690//905 694//905 689//905
f 689//906 694//907 695//908
f 689//906 695//908 696//909
f 696//909 695//908 697//910
f 696//909 697//910 698//911
f 697//910 699//912 698//911
f 698//913 699//913 700//913
f 700//914 699//914 693//914
f 693//904 699//915 691//902
f 689//916 696//916 701//916
f 705//917 702//918 703//919
f 704//920 2004//920 705//920
f 702//918 705//917 706//921
f 702//918 706//921 707//922
f 707//922 706//921 708//923
f 709//924 707//924 710//924
f 710//925 707//922 711//926
f 711//926 707//922 708//923
f 2005//927 704//927 703//927
f 703//919 704//928 705//917
f 712//929 713//930 714//931
f 714//931 713//930 1886//932
f 716//933 717//933 715//933
f 715//934 717//935 712//935
f 712//935 717//935 718//936
f 712//937 718//937 713//937
f 1889//938 719//939 720//940
f 1889//938 720//940 721//941
f 722//942 723//943 724//944
f 724//944 723//943 725//945
f 726//946 735//947 727//948
f 726//946 727//948 730//949
f 730//950 727//950 731//950
f 732//951 733//951 734//951
f 734//952 733//952 728//952
f 734//953 728//954 729//955
f 734//953 729//955 735//947
f 735//947 729//955 727//948
f 731//956 736//956 730//956
f 730//957 736//957 737//957
f 738//958 739//959 740//960
f 740//960 739//959 741//961
f 742//962 743//963 744//964
f 744//964 745//965 742//962
f 746//966 747//967 748//968
f 746//966 748//968 749//969
f 749//969 748//968 2010//969
f 749//969 2010//969 750//969
f 751//970 834//971 752//972
f 752//972 834//971 753//973
f 757//974 2014//974 2017//974
f 759//975 760//976 758//977
f 758//977 760//976 756//978
f 758//977 756//978 761//979
f 761//979 756//978 757//980
f 761//981 757//981 2017//981
f 761//982 2017//982 2016//982
f 762//983 763//984 759//983
f 759//985 763//985 754//985
f 759//975 754//986 755//987
f 759//975 755//987 760//976
f 1867//988 764//989 765//990
f 765//990 764//989 766//991
f 765//992 766//993 1868//994
f 1868//994 766//993 2013//995
f 1868//996 2013//997 767//998
f 767//998 2013//997 2012//999
f 768//1000 769//1001 770//1002
f 768//1000 770//1002 1869//1003
f 772//1004 771//1005 773//1006
f 773//1006 771//1005 774//1007
f 809//1008 775//1009 776//1010
f 809//1008 776//1010 777//1011
f 32//1012 778//1012 29//1012
f 438//1013 441//1013 417//1013
f 417//1014 441//1014 416//1014
f 442//1015 444//1016 779//1017
f 422//1018 421//1018 780//1018
f 422//1019 780//1019 779//1019
f 779//1017 780//1020 442//1015
f 425//1021 424//1021 781//1021
f 782//1022 783//1022 781//1022
f 781//1023 783//1023 784//1023
f 781//1024 784//1024 425//1024
f 785//1025 786//1025 782//1025
f 782//1026 786//1026 783//1026
f 787//1027 788//1027 785//1027
f 785//1028 788//1028 789//1028
f 785//1029 789//1029 786//1029
f 428//1030 1855//1030 787//1030
f 787//1031 1855//1031 1854//1031
f 787//1032 1854//1032 788//1032
f 433//1033 434//1033 790//1033
f 433//1034 790//1034 791//1034
f 791//1035 790//1035 792//1035
f 791//1036 792//1036 793//1036
f 793//1037 792//1037 794//1037
f 794//1038 792//1038 795//1038
f 794//1039 795//1039 796//1039
f 796//1040 795//1040 797//1040
f 796//1041 797//1041 798//1041
f 798//1042 797//1042 420//1042
f 420//1043 797//1043 419//1043
f 767//1044 2012//1044 799//1044
f 799//1045 2012//1045 2015//1045
f 801//1046 800//1046 802//1046
f 801//1047 802//1047 803//1047
f 803//1048 802//1048 804//1048
f 803//1049 804//1049 2015//1049
f 2015//1050 804//1050 1863//1050
f 2015//1051 1863//1051 799//1051
f 800//1052 801//1052 805//1052
f 805//1053 801//1053 806//1053
f 805//1054 806//1054 768//1054
f 768//1055 806//1055 769//1055
f 1869//1056 770//1056 807//1056
f 1869//1057 807//1057 808//1057
f 808//1058 807//1058 771//1058
f 808//1059 771//1059 772//1059
f 773//1060 774//1060 809//1060
f 809//1061 774//1061 775//1061
f 776//1062 810//1062 777//1062
f 777//1063 810//1063 811//1063
f 811//1064 810//1064 812//1064
f 812//1065 810//1065 813//1065
f 812//1066 813//1066 814//1066
f 814//1067 813//1067 815//1067
f 814//1068 815//1068 816//1068
f 816//1069 815//1069 817//1069
f 816//1070 817//1070 818//1070
f 818//1071 817//1071 819//1071
f 819//1072 817//1072 820//1072
f 819//1073 820//1073 821//1073
f 821//1074 820//1074 764//1074
f 821//1075 764//1075 1867//1075
f 822//1076 823//1076 743//1076
f 743//1077 823//1077 744//1077
f 824//1078 825//1078 826//1078
f 826//1079 825//1079 822//1079
f 822//1080 825//1080 827//1080
f 822//1081 827//1081 823//1081
f 826//1082 828//1082 824//1082
f 824//1083 828//1083 829//1083
f 824//1084 829//1084 830//1084
f 830//1085 829//1085 831//1085
f 831//1086 829//1086 832//1086
f 831//1087 832//1087 833//1087
f 833//1088 832//1088 747//1088
f 833//1089 747//1089 746//1089
f 742//1090 745//1090 739//1090
f 739//1091 745//1091 741//1091
f 751//1092 738//1093 740//1094
f 740//1094 834//1095 751//1092
f 750//1096 2010//1096 835//1096
f 750//1097 835//1097 836//1097
f 836//1098 835//1098 837//1098
f 836//1099 837//1099 838//1099
f 838//1100 837//1100 839//1100
f 838//1101 839//1101 840//1101
f 840//1102 839//1102 841//1102
f 841//1103 839//1103 842//1103
f 841//1104 842//1104 843//1104
f 843//1105 842//1105 844//1105
f 843//1106 844//1106 845//1106
f 845//1107 844//1107 752//1107
f 845//1108 752//1108 753//1108
f 721//1109 720//1109 846//1109
f 721//1110 846//1110 847//1110
f 847//1111 846//1112 722//1113
f 722//1113 846//1112 723//1114
f 2003//1115 848//1115 715//1115
f 715//1116 848//1116 716//1116
f 849//1117 850//1117 851//1117
f 851//1118 850//1118 2003//1118
f 2003//1119 850//1119 848//1119
f 851//1120 852//1120 849//1120
f 849//1121 852//1121 853//1121
f 849//1122 853//1122 1892//1122
f 1892//1123 853//1123 854//1123
f 854//1124 853//1124 2001//1124
f 854//1125 2001//1125 855//1125
f 855//1126 2001//1126 719//1126
f 855//1127 719//1127 1889//1127
f 724//1128 725//1128 856//1128
f 856//1129 725//1129 857//1129
f 856//1130 857//1130 858//1130
f 858//1131 857//1131 859//1131
f 858//1132 859//1132 860//1132
f 860//1133 859//1134 861//1135
f 860//1133 861//1135 862//1136
f 862//1137 861//1137 863//1137
f 863//1138 861//1138 864//1138
f 863//1139 864//1139 865//1139
f 865//1140 864//1140 866//1140
f 865//1141 866//1141 867//1141
f 867//1142 866//1142 714//1142
f 867//1143 714//1143 1886//1143
f 868//1144 445//1144 448//1144
f 868//1145 448//1145 869//1145
f 868//1146 869//1146 259//1146
f 259//1147 869//1147 260//1147
f 446//1148 2028//1148 870//1148
f 2028//1149 871//1149 870//1149
f 870//1150 871//1151 872//1152
f 870//1150 872//1152 873//1153
f 873//1154 872//1154 874//1154
f 874//1155 872//1155 875//1155
f 874//1156 875//1156 876//1156
f 876//1157 875//1157 877//1157
f 876//1158 877//1158 878//1158
f 878//1159 877//1159 263//1159
f 878//1160 263//1160 262//1160
f 454//1161 453//1161 879//1161
f 454//1162 879//1162 880//1162
f 880//1163 879//1163 881//1163
f 880//1164 881//1164 1831//1164
f 1831//1165 881//1165 882//1165
f 1831//1166 882//1166 883//1166
f 883//1167 882//1167 884//1167
f 885//1168 886//1168 887//1168
f 887//1169 886//1169 884//1169
f 884//1170 886//1170 888//1170
f 884//1171 888//1171 883//1171
f 258//1172 257//1172 889//1172
f 889//1173 257//1173 885//1173
f 885//1174 257//1174 890//1174
f 885//1175 890//1175 886//1175
f 891//1176 455//1176 456//1176
f 892//1177 893//1177 894//1177
f 894//1178 893//1178 265//1178
f 894//1179 265//1179 264//1179
f 895//1180 896//1180 897//1180
f 897//1181 896//1181 892//1181
f 892//1182 896//1182 893//1182
f 898//1183 899//1183 895//1183
f 895//1184 899//1184 896//1184
f 900//1185 1835//1185 898//1185
f 898//1186 1835//1186 899//1186
f 456//1187 901//1187 891//1187
f 891//1188 901//1188 900//1188
f 900//1189 901//1189 1835//1189
f 188//1190 187//1190 905//1190
f 907//1191 906//1191 908//1191
f 908//1192 906//1192 78//1192
f 909//1193 175//1193 910//1193
f 909//1194 910//1195 911//1196
f 909//1197 911//1197 912//1197
f 911//1198 913//1198 912//1198
f 912//1199 913//1199 914//1199
f 912//1200 914//1200 915//1200
f 915//1201 914//1201 916//1201
f 915//1202 916//1202 905//1202
f 917//1203 918//1203 916//1203
f 916//1204 918//1204 188//1204
f 916//1205 188//1205 905//1205
f 917//1206 916//1206 914//1206
f 917//1207 914//1207 919//1207
f 902//1208 904//1208 920//1208
f 919//1209 921//1209 920//1209
f 925//1210 924//1210 926//1210
f 925//1211 926//1211 76//1211
f 908//1212 78//1212 77//1212
f 908//1213 77//1213 926//1213
f 926//1214 77//1214 76//1214
f 928//1215 177//1215 178//1215
f 178//1216 903//1216 928//1216
f 928//1217 903//1218 902//1219
f 928//1217 902//1219 927//1220
f 927//1221 902//1221 921//1221
f 921//1222 902//1222 920//1222
f 929//1223 930//1223 166//1223
f 166//1224 930//1224 931//1224
f 166//1225 931//1226 168//1227
f 168//1227 931//1226 932//1228
f 168//1229 932//1229 174//1229
f 174//1230 932//1230 933//1230
f 174//1231 933//1231 934//1231
f 934//1232 933//1232 935//1232
f 934//1233 935//1233 936//1233
f 936//1234 935//1234 937//1234
f 936//1235 937//1235 903//1235
f 903//1236 937//1236 902//1236
f 919//1237 914//1238 913//1239
f 919//1237 913//1239 921//1240
f 921//1241 913//1242 911//1243
f 921//1241 911//1243 927//1244
f 927//1245 911//1196 910//1195
f 927//1245 910//1195 928//1246
f 928//1247 910//1247 175//1247
f 928//1248 175//1248 177//1248
f 929//1249 166//1249 164//1249
f 903//1250 178//1250 171//1250
f 903//1251 171//1251 936//1251
f 936//1252 171//1252 173//1252
f 936//1253 173//1253 934//1253
f 934//1254 173//1254 174//1254
f 930//1255 907//1255 931//1255
f 931//1256 907//1256 908//1256
f 931//1257 908//1258 932//1259
f 932//1259 908//1258 926//1260
f 932//1261 926//1261 933//1261
f 933//1262 926//1262 924//1262
f 933//1263 924//1263 935//1263
f 935//1264 924//1264 923//1264
f 935//1265 923//1265 937//1265
f 937//1266 923//1266 922//1266
f 937//1267 922//1267 904//1267
f 937//1268 904//1268 902//1268
f 907//1269 930//1269 941//1269
f 134//1270 929//1270 164//1270
f 134//1271 938//1271 929//1271
f 929//1272 938//1272 930//1272
f 930//1273 938//1273 939//1273
f 930//1274 939//1274 941//1274
f 778//1275 941//1275 939//1275
f 161//1276 938//1276 134//1276
f 940//1277 778//1277 939//1277
f 940//1278 939//1278 938//1278
f 940//1279 938//1280 942//1281
f 942//1282 938//1282 161//1282
f 940//1283 943//1283 778//1283
f 778//1284 943//1284 29//1284
f 948//1285 37//1285 49//1285
f 948//1286 949//1287 1876//1288
f 948//1289 1876//1289 37//1289
f 950//1290 1893//1290 691//1290
f 950//1291 691//1291 951//1291
f 950//1292 951//1292 949//1292
f 34//1293 30//1293 947//1293
f 49//1294 952//1294 948//1294
f 948//1295 952//1295 946//1295
f 953//1296 950//1296 954//1296
f 954//1297 950//1297 945//1297
f 147//1298 944//1298 955//1298
f 147//1299 955//1299 149//1299
f 149//1300 955//1301 151//1302
f 151//1302 955//1301 956//1303
f 151//1304 956//1304 153//1304
f 153//1305 957//1305 154//1305
f 154//1306 957//1306 156//1306
f 945//1307 950//1307 949//1308
f 945//1307 949//1308 958//1309
f 958//1310 949//1310 948//1310
f 958//1311 948//1311 959//1311
f 959//1312 948//1313 946//1314
f 959//1312 946//1314 960//1315
f 960//1316 946//1316 947//1316
f 960//1317 947//1317 961//1317
f 944//1318 945//1318 955//1318
f 955//1319 945//1319 958//1319
f 955//1320 958//1320 956//1320
f 956//1321 958//1321 959//1321
f 956//1322 959//1322 153//1322
f 153//1323 959//1323 960//1323
f 153//1324 960//1324 957//1324
f 957//1325 960//1325 961//1325
f 957//1326 961//1326 158//1326
f 957//1327 158//1327 156//1327
f 962//1328 160//1328 158//1328
f 962//1329 158//1329 963//1329
f 963//1330 158//1330 961//1330
f 963//1331 961//1331 30//1331
f 30//1332 961//1332 947//1332
f 161//1333 160//1334 942//1335
f 942//1335 160//1334 962//1336
f 942//1281 962//1337 940//1279
f 940//1338 962//1338 963//1338
f 940//1339 963//1339 943//1339
f 943//1340 963//1340 30//1340
f 943//1341 30//1341 29//1341
f 944//1342 966//1342 945//1342
f 945//1343 966//1343 954//1343
f 966//1344 683//1344 954//1344
f 968//1345 145//1345 969//1345
f 964//1346 681//1346 967//1346
f 967//1347 681//1347 683//1347
f 967//1348 683//1348 966//1348
f 944//1349 965//1349 966//1349
f 966//1350 965//1350 968//1350
f 966//1351 968//1352 967//1353
f 967//1353 968//1352 969//1354
f 145//1355 968//1355 144//1355
f 144//1356 968//1356 965//1356
f 144//1357 965//1357 944//1357
f 144//1358 944//1358 147//1358
f 975//1359 1792//1359 191//1359
f 976//1360 977//1360 978//1360
f 978//1361 977//1361 979//1361
f 978//1362 979//1362 975//1362
f 980//1363 130//1363 981//1363
f 982//1364 132//1364 130//1364
f 983//1365 87//1365 984//1365
f 983//1366 984//1366 985//1366
f 985//1367 984//1367 973//1367
f 983//1368 83//1368 87//1368
f 971//1369 970//1369 986//1369
f 88//1370 83//1370 970//1370
f 970//1371 83//1371 986//1371
f 971//1372 986//1372 987//1372
f 975//1373 191//1373 978//1373
f 978//1374 191//1374 990//1374
f 978//1375 990//1375 989//1375
f 978//1376 989//1376 976//1376
f 976//1377 989//1377 988//1377
f 130//1378 980//1378 982//1378
f 982//1379 980//1379 992//1379
f 982//1380 992//1380 993//1380
f 993//1381 992//1381 994//1381
f 993//1382 995//1382 982//1382
f 982//1383 89//1383 132//1383
f 991//1384 125//1384 127//1384
f 991//1385 127//1385 996//1385
f 996//1386 127//1386 89//1386
f 997//1387 120//1387 121//1387
f 999//1388 997//1389 1000//1390
f 1000//1391 997//1391 121//1391
f 1000//1392 121//1392 998//1392
f 1000//1393 998//1393 1001//1393
f 1001//1394 998//1394 991//1394
f 1001//1395 991//1395 1002//1395
f 1002//1396 991//1396 986//1396
f 986//1397 991//1397 996//1397
f 986//1398 996//1398 995//1398
f 995//1399 996//1399 982//1399
f 982//1400 996//1400 89//1400
f 121//1401 123//1401 998//1401
f 998//1402 123//1402 991//1402
f 991//1403 123//1403 125//1403
f 974//1404 999//1404 972//1404
f 972//1405 999//1405 1000//1405
f 972//1406 1000//1406 973//1406
f 973//1407 1000//1407 985//1407
f 985//1408 1000//1408 1001//1408
f 985//1409 1001//1409 983//1409
f 983//1410 1001//1411 83//1412
f 83//1412 1001//1411 1002//1413
f 83//1414 1002//1414 986//1414
f 987//1415 986//1415 995//1415
f 987//1416 995//1416 988//1416
f 988//1417 995//1417 993//1417
f 988//1418 993//1418 976//1418
f 976//1419 993//1419 994//1419
f 976//1420 994//1420 977//1420
f 977//1421 994//1421 992//1421
f 977//1422 992//1422 1003//1422
f 1003//1423 992//1423 980//1423
f 1003//1424 980//1424 981//1424
f 974//1425 1004//1425 999//1425
f 684//1426 689//1426 701//1426
f 689//1427 1005//1427 690//1427
f 25//1428 1008//1428 1009//1428
f 1009//1429 1008//1429 1007//1429
f 43//1430 1006//1430 39//1430
f 39//1431 1006//1431 1007//1431
f 39//1432 1007//1432 45//1432
f 1010//1433 1011//1433 1009//1433
f 1013//1434 689//1434 685//1434
f 685//1435 689//1435 684//1435
f 1012//1436 101//1437 100//1438
f 1012//1436 100//1438 1014//1439
f 1014//1440 100//1441 119//1442
f 1014//1440 119//1442 1015//1443
f 1015//1444 119//1444 1016//1444
f 25//1445 1009//1445 23//1445
f 23//1446 1009//1446 1011//1446
f 119//1447 117//1447 1016//1447
f 1016//1448 117//1448 115//1448
f 1004//1449 1010//1449 999//1449
f 999//1450 1010//1451 1017//1452
f 1017//1452 1010//1451 1009//1453
f 1017//1454 1009//1454 1018//1454
f 1018//1455 1009//1456 1007//1457
f 1018//1455 1007//1457 1019//1458
f 1019//1459 1007//1459 1006//1459
f 1019//1460 1006//1460 1005//1460
f 1019//1461 1005//1461 1020//1461
f 1020//1462 1005//1462 689//1462
f 1020//1463 689//1463 1013//1463
f 120//1464 997//1464 115//1464
f 1013//1465 1012//1466 1014//1467
f 1013//1465 1014//1467 1020//1468
f 1020//1469 1014//1470 1015//1471
f 1020//1469 1015//1471 1019//1472
f 1019//1473 1015//1474 1016//1475
f 1019//1473 1016//1475 1018//1476
f 1018//1477 1016//1477 115//1477
f 1018//1478 115//1478 1017//1478
f 1017//1479 115//1479 997//1479
f 1017//1480 997//1389 999//1388
f 1021//1481 1022//1482 1023//1483
f 1023//1483 1022//1482 1024//1484
f 1023//1485 1024//1486 1025//1487
f 1025//1487 1024//1486 1026//1488
f 1025//1489 1026//1490 1027//1491
f 1027//1491 1026//1490 1028//1492
f 1027//1493 1028//1494 1029//1495
f 1029//1495 1028//1494 1030//1496
f 1029//1497 1030//1497 1031//1497
f 1031//1498 1030//1498 1032//1498
f 1031//1499 1032//1499 1033//1499
f 1033//1500 1032//1500 1034//1500
f 1033//1501 1034//1502 560//1503
f 560//1503 1034//1502 561//1504
f 562//1505 563//1505 1035//1505
f 1035//1506 563//1506 1036//1506
f 1035//1507 1036//1507 1037//1507
f 1037//1508 1036//1508 1822//1508
f 1037//1509 1822//1509 1038//1509
f 1038//1510 1822//1510 1039//1510
f 1038//1511 1039//1511 559//1511
f 559//1512 1039//1512 558//1512
f 557//1513 556//1514 1040//1515
f 1040//1515 556//1514 1041//1516
f 1040//1517 1041//1517 1042//1517
f 1042//1518 1041//1518 1043//1518
f 1042//1519 1043//1520 552//1521
f 552//1521 1043//1520 553//1522
f 554//1523 555//1523 1044//1523
f 1044//1524 555//1524 1820//1524
f 1044//1525 1820//1526 1045//1527
f 1045//1527 1820//1526 1046//1528
f 1045//1529 1046//1529 1021//1529
f 1021//1530 1046//1530 1022//1530
f 1047//1531 485//1532 1048//1531
f 1048//1531 485//1532 464//1532
f 1048//748 464//748 1049//748
f 1049//748 464//748 466//748
f 1049//1533 466//1533 1050//1533
f 1050//1533 466//1533 467//1533
f 1050//1534 467//1534 1051//1534
f 1051//1534 467//1534 478//1534
f 1051//752 478//752 1052//752
f 1052//752 478//752 468//752
f 1052//753 468//753 1053//753
f 1053//753 468//753 487//753
f 1053//1535 487//1535 1054//1535
f 1054//1535 487//1535 486//1535
f 1054//759 486//759 1055//759
f 1055//759 486//759 490//759
f 1055//760 490//760 1056//760
f 1056//760 490//760 489//760
f 1056//1536 489//1536 1057//1536
f 1057//1536 489//1536 488//1536
f 1057//1537 488//762 1058//762
f 1058//762 488//762 463//782
f 1058//763 463//763 1047//763
f 1047//763 463//763 485//763
f 1059//746 494//1538 1060//1539
f 1060//1539 494//1538 462//746
f 1060//748 462//748 1061//748
f 1061//748 462//748 461//748
f 1061//749 461//749 1062//749
f 1062//749 461//749 458//749
f 1062//751 458//750 1063//751
f 1063//751 458//750 457//751
f 1063//752 457//1540 1064//1540
f 1064//1540 457//1540 460//752
f 1064//778 460//778 1065//778
f 1065//778 460//778 491//778
f 1065//1541 491//755 1066//755
f 1066//755 491//755 493//1541
f 1066//779 493//1542 1067//759
f 1067//759 493//1542 500//759
f 1067//780 500//780 1068//780
f 1068//780 500//780 498//780
f 1068//1543 498//1543 1069//1543
f 1069//1543 498//1543 497//1543
f 1069//762 497//762 1070//762
f 1070//762 497//762 495//762
f 1070//763 495//763 1059//763
f 1059//763 495//763 494//763
f 1071//747 465//746 1072//746
f 1072//746 465//746 482//747
f 1072//1544 482//748 1073//776
f 1073//776 482//748 481//748
f 1073//749 481//749 1074//749
f 1074//749 481//749 471//749
f 1074//1545 471//1545 1075//1545
f 1075//1545 471//1545 472//1545
f 1075//752 472//752 1076//752
f 1076//752 472//752 474//752
f 1076//778 474//778 1077//778
f 1077//778 474//778 475//778
f 1077//1541 475//1541 1078//1541
f 1078//1541 475//1541 477//1541
f 1078//759 477//759 1079//759
f 1079//759 477//759 470//759
f 1079//780 470//780 1080//780
f 1080//780 470//780 469//780
f 1080//781 469//781 1081//781
f 1081//781 469//781 480//781
f 1081//762 480//762 1082//762
f 1082//762 480//762 479//762
f 1082//763 479//763 1071//763
f 1071//763 479//763 465//763
f 1083//1546 1084//1546 1085//1546
f 1085//1547 1084//1547 1744//1547
f 1085//1548 1753//1548 1086//1548
f 1086//1549 1087//1549 1085//1549
f 1085//1550 1087//1551 1088//1552
f 1085//1550 1088//1552 1089//1553
f 1089//1554 1090//1554 1085//1554
f 1085//1555 1090//1556 1083//1557
f 1083//1557 1090//1556 1091//1558
f 1091//1559 1090//1559 1092//1559
f 1093//1560 1094//1561 1095//1562
f 1095//1563 1094//1564 1096//1565
f 1096//1565 1097//1566 1095//1563
f 1095//1567 1097//1567 1098//1567
f 1095//1568 1098//1568 1092//1568
f 1092//1569 1098//1569 1091//1569
f 1093//1560 1095//1562 1099//1570
f 1100//1571 1101//1571 1102//1571
f 1102//1572 1101//1572 1796//1572
f 1796//1573 1101//1573 1103//1573
f 1101//1574 1104//1574 1103//1574
f 1103//1575 1104//1575 1659//1575
f 1105//1576 1106//1576 1659//1576
f 1659//1577 1106//1577 1103//1577
f 1107//1578 1108//1579 1109//1580
f 1110//1581 1111//1582 1112//1583
f 1110//1581 1112//1583 1113//1584
f 1113//1584 1112//1583 1114//1585
f 1115//1586 1116//1587 1117//1588
f 1117//1588 1116//1587 1118//1589
f 1110//1581 1119//1590 1111//1582
f 1111//1582 1119//1590 1120//1591
f 1111//1582 1120//1591 1121//1592
f 1122//1593 1123//1594 1124//1595
f 1115//1596 1125//1597 1126//1598
f 1127//1599 1128//1600 1129//1601
f 1129//1601 1128//1600 1130//1602
f 1129//1601 1130//1602 1118//1589
f 1118//1589 1130//1602 1117//1588
f 1131//1603 1121//1592 1127//1604
f 1127//1599 1121//1605 1128//1600
f 1126//1598 1125//1597 1132//1606
f 1126//1598 1132//1606 1133//1607
f 1133//1607 1132//1606 1134//1608
f 1107//1609 1109//1609 1135//1609
f 1135//1610 1109//1610 1116//1610
f 1135//1611 1116//1612 1126//1598
f 1126//1598 1116//1612 1115//1596
f 1136//1613 1111//1582 1131//1603
f 1131//1603 1111//1582 1121//1592
f 1124//1595 1123//1594 1137//1614
f 1137//1614 1123//1594 1138//1615
f 1137//1614 1138//1615 1134//1616
f 1134//1608 1138//1617 1139//1618
f 1134//1608 1139//1618 1133//1607
f 1140//1619 1141//1620 1142//1621
f 1142//1621 1141//1620 1143//1622
f 1142//1621 1143//1622 1136//1613
f 1136//1613 1143//1622 1111//1582
f 1144//1623 1145//1624 1146//1625
f 1146//1625 1145//1624 1147//1626
f 1146//1625 1147//1626 1148//1627
f 1148//1627 1147//1626 1149//1628
f 1148//1627 1149//1628 1150//1629
f 1148//1627 1150//1629 1151//1630
f 1151//1630 1150//1629 1152//1631
f 1151//1630 1152//1631 1153//1632
f 1151//1630 1153//1632 1154//1633
f 1154//1633 1153//1632 1155//1634
f 1154//1633 1155//1634 1114//1585
f 1114//1585 1155//1634 1156//1635
f 1114//1585 1156//1635 1113//1584
f 1157//1636 1158//1637 1159//1638
f 1159//1638 1158//1637 1160//1639
f 1160//1639 1158//1637 1161//1640
f 1162//1641 1163//1642 1122//1593
f 1140//1619 1160//1639 1141//1620
f 1141//1620 1160//1639 1161//1640
f 1141//1620 1161//1640 1164//1643
f 1141//1620 1164//1643 1165//1644
f 1165//1644 1164//1643 1166//1645
f 1166//1645 1164//1643 1167//1646
f 1166//1645 1167//1646 1144//1623
f 1144//1623 1167//1646 1145//1624
f 1122//1593 1124//1595 1168//1647
f 1122//1593 1168//1647 1162//1641
f 1108//1579 1107//1578 1169//1648
f 1108//1579 1169//1648 1170//1649
f 1170//1649 1169//1648 1157//1650
f 1157//1651 1169//1651 1163//1651
f 1157//1636 1163//1642 1158//1637
f 1158//1637 1163//1642 1162//1641
f 1171//1652 1172//1652 1173//1652
f 1171//1653 1173//1653 1174//1653
f 1177//1654 1178//1655 1179//1656
f 1179//1656 1178//1655 1180//1657
f 1179//1658 1180//1659 1181//1660
f 1181//1660 1180//1659 1182//1661
f 1181//1662 1182//1663 1183//1664
f 1183//1664 1182//1663 1184//1665
f 1183//1666 1184//1667 1176//1668
f 1176//1668 1184//1667 1175//1669
f 1132//1670 1977//1670 1134//1670
f 1134//1671 1977//1671 1185//1671
f 112//1672 1186//1672 1134//1672
f 1185//1673 1187//1674 1188//1675
f 1185//1673 1188//1675 1134//1676
f 1134//1676 1188//1675 1189//1677
f 1134//1676 1189//1677 1782//1678
f 1134//1679 1782//1679 112//1679
f 315//1680 316//1680 1190//1680
f 1974//1681 1191//1681 1192//1681
f 1192//1682 1191//1682 1193//1682
f 1194//1683 1195//1683 1196//1683
f 1196//1684 1195//1684 1190//1684
f 1196//429 1190//429 1197//429
f 1197//1685 1190//1685 316//1685
f 1194//1686 1198//1686 1195//1686
f 1195//1687 1198//1687 1199//1687
f 1195//1688 1199//1688 1200//1688
f 1200//1689 1199//1689 1201//1689
f 1200//1690 1201//1690 1202//1690
f 1203//1691 1204//1691 1205//1691
f 1205//1692 1204//1692 1202//1692
f 1205//1693 1202//1693 1206//1693
f 1206//1694 1202//1694 1201//1694
f 1204//1695 1203//1695 1207//1695
f 1204//1696 1207//1696 1208//1696
f 1208//1697 1207//1697 1209//1697
f 1208//1698 1209//1698 1193//1698
f 1193//415 1209//415 1210//415
f 1193//1699 1210//1699 1192//1699
f 1191//1700 1974//1701 1213//1701
f 1213//1701 1974//1701 1211//1702
f 96//1703 95//1703 1212//1703
f 1212//1704 95//1704 1213//1704
f 1212//1705 1213//1705 1211//1705
f 1214//488 1215//488 1216//488
f 1216//488 1215//488 1217//488
f 1216//488 1217//488 1218//488
f 1218//488 1217//488 1219//488
f 1218//488 1219//488 1220//488
f 1220//488 1219//488 1221//488
f 1220//488 1221//488 1222//488
f 1222//488 1221//488 1223//488
f 1222//488 1223//488 1224//488
f 1224//488 1223//488 1225//488
f 1224//488 1225//488 1226//488
f 1225//488 1227//488 1226//488
f 1226//488 1227//488 1228//488
f 1226//488 1228//488 1229//488
f 1229//488 1228//488 1230//488
f 1229//488 1230//488 1231//488
f 1231//488 1230//488 1232//488
f 1231//488 1232//488 1233//488
f 1233//488 1232//488 1234//488
f 1233//488 1234//488 1235//488
f 1235//488 1234//488 1236//488
f 1235//488 1236//488 1237//488
f 1237//488 1236//488 1238//488
f 1237//488 1238//488 1214//488
f 1214//488 1238//488 1239//488
f 1214//488 1239//488 1215//488
f 362//315 1240//315 1241//315
f 1242//315 1243//315 1244//315
f 1245//315 1246//315 1247//315
f 1247//315 1246//315 1248//315
f 1248//315 1246//315 1249//315
f 1248//315 1249//315 1250//315
f 1250//315 1249//315 1251//315
f 1250//315 1251//315 1252//315
f 1252//315 1251//315 1253//315
f 1252//315 1253//315 1254//315
f 1254//315 1253//315 1255//315
f 1254//315 1255//315 1244//315
f 1244//315 1255//315 1256//315
f 1244//315 1256//315 1242//315
f 362//315 356//315 1240//315
f 1240//315 356//315 1257//315
f 1258//315 358//315 1259//1706
f 1259//1706 358//315 391//1707
f 1259//1706 391//1707 390//1708
f 1242//315 1260//315 1243//315
f 1243//315 1260//315 1261//315
f 1243//315 1261//315 1262//315
f 1262//315 1261//315 1241//315
f 1241//315 1261//315 362//315
f 362//315 1261//315 363//315
f 356//315 358//315 1257//315
f 1257//315 358//315 1245//315
f 1245//315 358//315 1258//315
f 1245//315 1258//315 1246//315
f 1263//488 1264//488 1265//488
f 1265//488 1264//488 1266//488
f 1265//488 1266//488 1267//488
f 1268//488 1269//488 1270//488
f 1270//488 1269//488 1271//488
f 1270//488 1271//488 1272//488
f 1271//488 1273//488 1272//488
f 1272//488 1273//488 1274//488
f 1272//488 1274//488 1275//488
f 1275//488 1274//488 1276//488
f 1275//488 1276//488 1277//488
f 1277//488 1276//488 1278//488
f 1277//488 1278//488 1279//488
f 1279//488 1278//488 1263//488
f 1263//488 1278//488 1264//488
f 1266//488 1280//488 1267//488
f 1267//488 1280//488 1281//488
f 1267//488 1281//488 1282//488
f 1282//488 1281//488 1283//488
f 1282//488 1283//488 1284//488
f 1284//488 1283//488 1285//488
f 1284//488 1285//488 1286//488
f 1286//488 1285//488 1268//488
f 1268//488 1285//488 1269//488
f 1291//1709 1287//1710 1288//1711
f 1289//1712 1290//1713 1288//1711
f 1288//1711 1290//1713 1291//1709
f 2038//1714 1292//1715 1293//1716
f 1293//1716 1292//1715 1294//1717
f 1293//1716 1294//1717 1295//1718
f 1297//1719 1296//1719 1298//1719
f 1299//1720 1300//1721 1301//1722
f 1301//1722 1300//1721 1302//1723
f 1301//1724 1302//1724 1298//1724
f 1301//1725 1298//1725 1296//1725
f 1296//1726 1297//1726 1303//1726
f 1303//1727 1297//1728 1304//1729
f 1304//1729 1297//1728 1305//1730
f 1304//1731 1305//1731 1937//1731
f 1937//1732 1305//1732 1306//1732
f 1937//1733 1306//1733 1936//1733
f 1307//1734 1308//1735 1309//1736
f 1307//1734 1309//1736 1310//1737
f 1312//1738 1311//1739 1308//1740
f 1308//1740 1311//1739 1932//1741
f 1308//1742 1932//1742 1309//1742
f 1313//1743 1314//1744 1315//1745
f 1315//1745 1314//1744 1316//1746
f 1315//1745 1316//1746 1317//1747
f 1317//1747 1316//1746 1318//1748
f 1319//1749 1320//1750 1321//1751
f 1321//1751 1320//1750 1979//1752
f 1321//1753 1979//1753 1981//1753
f 1322//1754 1104//1755 1323//1756
f 1323//1756 1104//1755 1655//1757
f 1324//1758 1325//1759 1064//1760
f 1326//1761 1066//1762 1327//1763
f 1327//1763 1066//1762 1067//1764
f 1327//1763 1067//1764 1328//1765
f 1328//1765 1067//1764 1068//1766
f 1328//1765 1068//1766 1069//1767
f 1328//1765 1069//1767 63//1768
f 1052//1769 1329//1770 1330//1771
f 1052//1769 1053//1772 1329//1770
f 1329//1770 1053//1772 1054//1773
f 1329//1770 1054//1773 1325//1759
f 1052//1774 1081//488 1051//488
f 1051//488 1081//488 1082//488
f 1051//488 1082//488 1050//488
f 1050//488 1082//488 1071//488
f 1050//488 1071//488 1049//488
f 1049//488 1071//488 1048//488
f 1069//1767 1070//1775 63//1768
f 63//1768 1070//1775 1059//1776
f 63//1768 1059//1776 1060//1777
f 1072//1778 55//1778 63//1778
f 1077//1779 1330//1780 1076//1781
f 1076//1782 1330//1783 1331//1784
f 1076//1782 1331//1784 1075//1785
f 1075//1786 1331//1786 1074//1786
f 1074//1787 1331//1788 55//1789
f 1074//1787 55//1789 1073//1790
f 1073//1791 55//1791 1072//1791
f 1077//1779 1078//1792 1330//1780
f 1330//1780 1078//1792 1079//1793
f 1330//1780 1079//1793 1052//1774
f 1052//1774 1079//1793 1080//488
f 1052//1774 1080//488 1081//488
f 1332//1794 1333//1795 1334//1796
f 1332//1794 1334//1796 1335//1797
f 1332//1794 1335//1797 1336//1798
f 1336//1798 1335//1797 1337//488
f 1336//1798 1337//488 1338//488
f 1338//488 1337//488 1339//488
f 1338//488 1339//488 1340//1799
f 1340//1799 1339//488 1341//1800
f 1340//1799 1341//1800 1342//1801
f 1342//1801 1341//1800 1343//1802
f 1342//1801 1343//1802 1344//1803
f 1342//1801 1344//1803 1345//1804
f 1345//1804 1344//1803 1346//488
f 1345//1804 1346//488 1347//1805
f 1345//1804 1347//1805 1348//1806
f 1348//1806 1347//1805 1330//1807
f 1348//1808 1330//1808 1329//1808
f 1063//488 1056//488 1062//488
f 1062//488 1056//488 1057//488
f 1062//488 1057//488 1058//488
f 1063//488 1064//488 1056//488
f 1056//1809 1064//1760 1325//1759
f 1056//1809 1325//1759 1055//1810
f 1055//1810 1325//1759 1054//1773
f 1071//488 1072//488 1048//488
f 1048//1811 1072//1811 63//1811
f 1048//1812 63//1812 1047//1812
f 1047//1813 63//1813 1060//1813
f 1047//488 1060//488 1058//488
f 1058//488 1060//488 1061//488
f 1058//488 1061//488 1062//488
f 1324//1814 1064//1815 1349//1816
f 1349//1816 1064//1815 1065//1817
f 1326//1761 1333//1795 1066//1762
f 1066//1762 1333//1795 1332//1794
f 1066//1762 1332//1794 1065//1818
f 1065//1819 1332//1819 1349//1819
f 2034//1820 2033//1820 1350//1820
f 1351//1821 1352//1822 1353//1821
f 1351//1821 1354//1823 1352//1822
f 1352//1822 1354//1823 1355//1824
f 1355//1824 1354//1823 1350//1825
f 2035//1826 2034//1826 2036//1826
f 2036//1827 2034//1828 1350//1825
f 2036//1827 1350//1825 2037//1829
f 2037//1829 1350//1825 1354//1823
f 2042//1830 2041//1831 2043//1831
f 2043//1831 2041//1831 1356//1832
f 2043//1833 1356//1834 1357//1835
f 1357//1835 1356//1834 1358//1836
f 1357//1835 1358//1836 1353//1821
f 1353//1821 1358//1836 1351//1821
f 1361//1837 1362//1838 1364//1839
f 1363//1840 1364//1839 1365//1841
f 1373//1842 1360//1843 1361//1837
f 1361//1837 1360//1843 1367//1844
f 1368//1845 1363//1845 1369//1845
f 1369//1846 1363//1840 1365//1841
f 1364//1839 1363//1840 1370//1847
f 1364//1839 1370//1847 1361//1837
f 1361//1837 1367//1844 1362//1838
f 1359//1848 1360//1848 1371//1848
f 1373//1842 1366//1849 1360//1843
f 1360//1843 1366//1849 1371//1850
f 1372//1851 1373//1851 1374//1851
f 1366//1849 1373//1842 1372//1852
f 1375//1853 1264//1853 1376//1853
f 1376//1854 1264//1854 1278//1854
f 1271//739 1377//739 1273//739
f 1273//739 1377//739 1378//739
f 1273//738 1378//738 1274//738
f 1274//738 1378//738 1379//737
f 1274//736 1379//736 1276//736
f 1276//736 1379//736 1380//736
f 1381//1855 1269//1855 1382//1855
f 1382//1856 1269//1856 1285//1856
f 1266//745 1383//745 1280//745
f 1280//745 1383//745 1384//745
f 1280//744 1384//743 1281//743
f 1281//743 1384//743 1385//743
f 1281//742 1385//742 1283//742
f 1283//742 1385//742 1386//742
f 1252//763 1387//763 1250//763
f 1250//763 1387//763 1388//763
f 1250//762 1388//762 1248//762
f 1248//762 1388//762 1389//762
f 1248//761 1389//761 1247//761
f 1247//761 1389//761 1390//761
f 1247//760 1390//760 1245//760
f 1245//760 1390//760 1391//760
f 1245//758 1391//759 1257//759
f 1257//759 1391//759 1392//758
f 1257//756 1392//756 1240//755
f 1240//755 1392//756 1393//755
f 1240//753 1393//753 1241//753
f 1241//753 1393//753 1394//753
f 1241//752 1394//752 1262//752
f 1262//752 1394//752 1395//752
f 1262//751 1395//751 1243//750
f 1243//750 1395//751 1396//750
f 1243//749 1396//749 1244//749
f 1244//749 1396//749 1397//749
f 1244//748 1397//748 1254//748
f 1254//748 1397//748 1398//748
f 1254//746 1398//747 1252//746
f 1252//746 1398//747 1387//747
f 1108//775 1234//775 1109//775
f 1109//775 1234//775 1232//775
f 1109//774 1232//774 1116//774
f 1116//774 1232//774 1230//774
f 1116//773 1230//773 1118//773
f 1118//773 1230//773 1228//773
f 1118//738 1228//738 1129//738
f 1129//738 1228//738 1227//738
f 1129//772 1227//772 1127//772
f 1127//772 1227//772 1225//772
f 1127//771 1225//771 1131//771
f 1131//771 1225//771 1223//771
f 1131//770 1223//770 1136//770
f 1136//770 1223//770 1221//770
f 1136//769 1221//769 1142//769
f 1142//769 1221//769 1219//769
f 1142//768 1219//768 1140//768
f 1140//768 1219//768 1217//768
f 1140//767 1217//767 1160//767
f 1160//767 1217//767 1215//767
f 1160//743 1215//743 1159//743
f 1159//743 1215//743 1239//743
f 1159//766 1239//766 1157//766
f 1157//766 1239//766 1238//766
f 1157//765 1238//765 1170//765
f 1170//765 1238//765 1236//765
f 1170//764 1236//764 1108//764
f 1108//764 1236//764 1234//764
f 638//1857 1222//1858 636//1858
f 636//1858 1222//1858 1224//1859
f 636//1860 1224//1861 634//1862
f 634//1862 1224//1861 1226//1863
f 634//1864 1226//1865 632//1865
f 632//1865 1226//1865 1229//1866
f 632//1867 1229//1868 630//1869
f 630//1869 1229//1868 1231//1867
f 630//1870 1231//1871 628//1872
f 628//1872 1231//1871 1233//1873
f 628//1874 1233//1875 626//1876
f 626//1876 1233//1875 1235//1877
f 626//1878 1235//1879 624//1879
f 624//1879 1235//1879 1237//1880
f 624//1881 1237//1882 622//1883
f 622//1883 1237//1882 1214//1884
f 622//1885 1214//1886 620//1886
f 620//1886 1214//1886 1216//1887
f 620//1888 1216//1889 618//1890
f 618//1890 1216//1889 1218//1888
f 618//1891 1218//1892 616//1893
f 616//1893 1218//1892 1220//1894
f 616//1895 1220//1896 638//1897
f 638//1897 1220//1896 1222//1898
f 1399//1899 1400//1900 1401//1901
f 1401//1901 1400//1900 1402//1902
f 1401//1903 1402//1904 1403//1905
f 1403//1905 1402//1904 1404//1906
f 1403//1907 1404//1908 1405//1909
f 1405//1909 1404//1908 1406//1910
f 1405//1911 1406//1912 1407//1913
f 1407//1913 1406//1912 1408//1914
f 1407//1915 1408//1916 1409//1917
f 1409//1917 1408//1916 1410//1918
f 1409//1919 1410//1920 1411//1921
f 1411//1921 1410//1920 1412//1922
f 1411//1923 1412//1924 1413//1925
f 1413//1925 1412//1924 1414//1924
f 1413//1926 1414//1927 1415//1928
f 1415//1928 1414//1927 1416//1929
f 1415//1930 1416//1931 1417//1932
f 1417//1932 1416//1931 1418//1933
f 1417//1934 1418//1934 1996//1934
f 1996//1935 1418//1935 1419//1935
f 1996//1936 1419//1937 1420//1938
f 1420//1938 1419//1937 1421//1939
f 1420//1940 1421//1941 1422//1942
f 1422//1942 1421//1941 1423//1943
f 1422//1944 1423//1945 1424//1946
f 1424//1946 1423//1945 1425//1947
f 1424//1948 1425//1949 1426//1950
f 1426//1950 1425//1949 1427//1951
f 1426//1952 1427//1952 1997//1952
f 1997//1953 1427//1953 1994//1953
f 1997//1954 1994//1955 1399//1956
f 1399//1956 1994//1955 1400//1957
f 1428//1958 1430//1959 1429//1960
f 1432//1961 1429//1962 1433//1963
f 1433//1963 1429//1962 1430//1964
f 1433//1965 1430//1965 1431//1965
f 1434//1966 1428//1966 1435//1966
f 1435//1967 1428//1958 1429//1960
f 1438//1968 1437//1969 1439//1970
f 1439//1971 1437//1971 1440//1971
f 1980//1972 1437//1969 1438//1968
f 1980//1973 1438//1973 1441//1973
f 1441//1974 1438//1974 1442//1974
f 1442//1975 1443//1975 1441//1975
f 1441//1976 1443//1976 1444//1976
f 1444//1977 1443//1977 1445//1977
f 1444//1978 1445//1978 1978//1978
f 1978//1979 1445//1979 1436//1979
f 1447//1980 1924//1981 1448//1982
f 1448//1983 1924//1983 1449//1983
f 1451//1984 1450//1984 1922//1984
f 1451//1985 1922//1986 1452//1987
f 1452//1987 1922//1986 1923//1988
f 1452//1989 1923//1990 1447//1991
f 1452//1989 1447//1991 1453//1992
f 1453//1993 1447//1980 1448//1982
f 1451//1994 1454//1995 1450//1996
f 1450//1996 1454//1995 1455//1997
f 1455//1997 1454//1995 1456//1998
f 1455//1997 1456//1998 1446//1999
f 1457//2000 1458//2001 1459//2002
f 1459//2002 1458//2001 1460//2003
f 1460//2003 1458//2001 1461//2004
f 1461//2004 1458//2001 1462//2005
f 2059//2006 2058//2006 1457//2006
f 1463//2007 1461//2007 1464//2007
f 1464//2008 1461//2008 1465//2008
f 1465//2009 1461//2009 1462//2009
f 1457//2010 1459//2010 2060//2010
f 1457//2011 2060//2011 2059//2011
f 1466//2012 1467//2012 1468//2012
f 1469//2013 1470//2014 1471//2015
f 1469//2013 1471//2015 1472//2016
f 1472//2017 1471//2017 1473//2017
f 1472//2018 1473//2019 1467//2020
f 1467//2020 1473//2019 1468//2021
f 1474//2022 1475//2023 1476//2024
f 1476//2024 1475//2023 1896//2025
f 1477//2026 1895//2027 1478//2027
f 1478//2027 1895//2027 1479//2028
f 1480//2029 1489//2030 1481//2031
f 1480//2029 1481//2031 1484//2032
f 1485//2033 1486//2033 1487//2033
f 1482//2034 1488//2035 1489//2030
f 1489//2030 1488//2035 1481//2031
f 1490//2036 1488//2035 1482//2034
f 1490//2036 1482//2034 1491//2037
f 1491//2037 1482//2034 1483//2038
f 1484//2039 1481//2040 1485//2041
f 1484//2039 1485//2041 1487//2042
f 1492//2043 1493//2044 1494//2045
f 1492//2043 1494//2045 1495//2046
f 1496//2047 1497//2048 1498//2049
f 1496//2047 1498//2049 1499//2050
f 1501//2051 1500//2052 1502//2053
f 1501//2051 1502//2053 1503//2054
f 1500//2052 1501//2051 1504//2055
f 1504//2055 1501//2051 1505//2056
f 1594//2057 1506//2058 2052//2059
f 1594//2057 2052//2059 1507//2060
f 1510//2061 1509//2062 1511//2063
f 1511//2063 1509//2062 1512//2064
f 1511//2063 1512//2064 1513//2065
f 2051//2066 2050//2066 1514//2066
f 1514//2067 2050//2067 1515//2067
f 1514//2068 1515//2069 1512//2064
f 1512//2064 1515//2069 1513//2065
f 1516//2070 1508//2070 1517//2070
f 1517//2071 1508//2071 1509//2071
f 1517//2072 1509//2062 1510//2061
f 1518//2073 1519//2074 1520//2075
f 1520//2075 1519//2074 1521//2076
f 1520//2077 1521//2078 1522//2079
f 1522//2079 1521//2078 1523//2080
f 1522//2081 1523//2082 1524//2083
f 1524//2083 1523//2082 1525//2084
f 1526//2085 1527//2086 1528//2087
f 1528//2087 1527//2086 1529//2088
f 1530//2089 1531//2090 1532//2090
f 1532//2090 1531//2090 1533//2091
f 1534//2092 1535//2093 1536//2094
f 1534//2092 1536//2094 1537//2095
f 1452//2096 1453//2096 1538//2096
f 1311//2097 1312//2097 1287//2097
f 1287//2098 1312//2098 1288//2098
f 1292//2099 2038//2099 1539//2099
f 1539//2100 2038//2100 1540//2100
f 1539//2101 1540//2101 1307//2101
f 1539//2102 1307//2102 1310//2102
f 1936//2103 1306//2103 1541//2103
f 1541//2104 1306//2104 1542//2104
f 1541//2105 1542//2105 1543//2105
f 1543//2106 1542//2106 1544//2106
f 1543//2107 1544//2107 1545//2107
f 1545//2108 1544//2108 1546//2108
f 1546//2109 1544//2109 1547//2109
f 1546//2110 1547//2110 1548//2110
f 1548//2111 1547//2111 1549//2111
f 1548//2112 1549//2112 1550//2112
f 1550//2113 1549//2113 1295//2113
f 1295//2114 1549//2114 1293//2114
f 1290//2115 1289//2115 2040//2115
f 1290//2116 2040//2116 1551//2116
f 1551//2117 2040//2117 1552//2117
f 1552//2118 2040//2118 1553//2118
f 1552//2119 1553//2119 1554//2119
f 1554//2120 1553//2120 1555//2120
f 1554//2121 1555//2121 1556//2121
f 1556//2122 1555//2122 1557//2122
f 1557//2123 1555//2123 1558//2123
f 1300//2124 1299//2124 1558//2124
f 1558//2125 1299//2125 1557//2125
f 1559//2126 1560//2126 2049//2126
f 1560//2127 1561//2127 2049//2127
f 2049//2128 1561//2128 1526//2128
f 1526//2129 1561//2129 1527//2129
f 1562//2130 1563//2130 1564//2130
f 1564//2131 1563//2131 1565//2131
f 1564//2132 1565//2132 1559//2132
f 1559//2133 1565//2133 1566//2133
f 1559//2134 1566//2134 1560//2134
f 1524//2135 1525//2135 1567//2135
f 1524//2136 1567//2136 1562//2136
f 1562//2137 1567//2137 1563//2137
f 1532//2138 1533//2138 1568//2138
f 1528//2139 1529//2139 1568//2139
f 1568//2140 1529//2140 1569//2140
f 1568//2141 1569//2141 1532//2141
f 1536//2142 1531//2142 1530//2142
f 1536//2143 1530//2143 1537//2143
f 1519//2144 1518//2145 1570//2146
f 1570//2146 1518//2145 1571//2147
f 1570//2148 1571//2148 1572//2148
f 1572//2149 1571//2149 1573//2149
f 1572//2150 1573//2150 1574//2150
f 1574//2151 1573//2151 1575//2151
f 1574//2152 1575//2152 1576//2152
f 1576//2153 1575//2153 1577//2153
f 1577//2154 1575//2154 1578//2154
f 1577//2155 1578//2155 1579//2155
f 1579//2156 1578//2156 1580//2156
f 1579//2157 1580//2157 1581//2157
f 1581//2158 1580//2158 1535//2158
f 1581//2159 1535//2159 1534//2159
f 1504//2160 1505//2160 1582//2160
f 1582//2161 1505//2161 1583//2161
f 1584//2162 1585//2162 1583//2162
f 1583//2163 1585//2163 1582//2163
f 1583//2164 1586//2164 1584//2164
f 1584//2165 1586//2165 1587//2165
f 1584//2166 1587//2166 1588//2166
f 1588//2167 1587//2167 1589//2167
f 1589//2168 1587//2168 1590//2168
f 1589//2169 1590//2169 1591//2169
f 1591//2170 1590//2170 1592//2170
f 1591//2171 1592//2171 1593//2171
f 1593//2172 1592//2172 1497//2172
f 1593//2173 1497//2173 1496//2173
f 1499//2174 1498//2174 1492//2174
f 1492//2175 1498//2175 1493//2175
f 1495//2176 1494//2176 1594//2176
f 1594//2177 1494//2177 1506//2177
f 1507//2178 2052//2178 1595//2178
f 1595//2179 2052//2179 1596//2179
f 1595//2180 1596//2180 1597//2180
f 1597//2181 1596//2181 1598//2181
f 1597//2182 1598//2182 1599//2182
f 1599//2183 1598//2183 1600//2183
f 1599//2184 1600//2184 1601//2184
f 1601//2185 1600//2185 1602//2185
f 1602//2186 1600//2186 1603//2186
f 1602//2187 1603//2187 1604//2187
f 1604//2188 1603//2188 1605//2188
f 1503//2189 1502//2189 1605//2189
f 1605//2190 1502//2190 1604//2190
f 1895//2191 1477//2191 1606//2191
f 1895//2192 1606//2192 1607//2192
f 1607//2193 1606//2193 1896//2193
f 1896//2194 1606//2194 1476//2194
f 1608//2195 1609//2195 1610//2195
f 1610//2196 1609//2196 1611//2196
f 1610//2197 1611//2197 1474//2197
f 1474//2198 1611//2198 1475//2198
f 1610//2199 1612//2199 1608//2199
f 1608//2200 1612//2201 1613//2202
f 1608//2200 1613//2202 1614//2203
f 1614//2204 1613//2204 1615//2204
f 1615//2205 1613//2205 1616//2205
f 1615//2206 1616//2206 1617//2206
f 1617//2207 1616//2207 1618//2207
f 1617//2208 1618//2208 1619//2208
f 1619//2209 1618//2209 1466//2209
f 1466//2210 1618//2210 1467//2210
f 1470//2211 1469//2212 1620//2213
f 1620//2213 1469//2212 1621//2214
f 1620//2215 1621//2215 1622//2215
f 1622//2216 1621//2216 1623//2216
f 1622//2217 1623//2217 1624//2217
f 1624//2218 1623//2218 1625//2218
f 1624//2219 1625//2219 1626//2219
f 1626//2220 1625//2221 1627//2222
f 1626//2220 1627//2222 1628//2223
f 1628//2224 1627//2224 1629//2224
f 1629//2225 1627//2225 1630//2225
f 1629//2226 1630//2226 1631//2226
f 1631//2227 1630//2227 1478//2227
f 1631//2228 1478//2228 1479//2228
f 1318//2229 1316//2229 1632//2229
f 1318//2230 1632//2230 1633//2230
f 1633//2231 1632//2231 1172//2231
f 1633//2232 1172//2232 1171//2232
f 1634//2233 1178//2233 1177//2233
f 1177//2234 1635//2234 1634//2234
f 1634//2235 1635//2235 1636//2235
f 1634//2236 1636//2236 1954//2236
f 1637//2237 1638//2237 1639//2237
f 1639//2238 1638//2238 1640//2238
f 1639//2239 1640//2239 1636//2239
f 1636//2240 1640//2240 1954//2240
f 1639//2241 1641//2241 1637//2241
f 1637//2242 1641//2242 1314//2242
f 1637//2243 1314//2243 1313//2243
f 1642//2244 1174//2244 1643//2244
f 1643//2245 1174//2245 1173//2245
f 1644//2246 1645//2246 1646//2246
f 1646//2247 1645//2247 1647//2247
f 1646//2248 1647//2248 1648//2248
f 1648//2249 1647//2249 1642//2249
f 1642//2250 1647//2250 1649//2250
f 1642//2251 1649//2251 1174//2251
f 1644//2252 1646//2252 1650//2252
f 1644//2253 1650//2253 1651//2253
f 1651//2254 1650//2254 1652//2254
f 1651//2255 1652//2255 1653//2255
f 1653//2256 1652//2256 1654//2256
f 1653//2257 1654//2257 1655//2257
f 1655//2258 1654//2258 1323//2258
f 1104//2259 1322//2259 1656//2259
f 1656//2260 1322//2260 1657//2260
f 1656//2261 1657//2261 1658//2261
f 1656//2262 1658//2262 1659//2262
f 1659//2263 1658//2263 1946//2263
f 1946//2264 1658//2264 1660//2264
f 1661//2265 1662//2265 1660//2265
f 1660//2266 1662//2266 1946//2266
f 1176//2267 1175//2268 1663//2267
f 1663//2267 1175//2268 1664//2268
f 1663//2269 1664//2269 1665//2269
f 1665//2270 1664//2270 1666//2270
f 1665//2271 1666//2271 1667//2271
f 1667//2272 1666//2272 1668//2272
f 1667//2273 1668//2273 1661//2273
f 1661//2274 1668//2274 1662//2274
f 1669//2275 1670//2275 1671//2275
f 1673//2276 1099//2276 1674//2276
f 1675//2277 1677//2277 1673//2277
f 1673//2278 1677//2278 1093//2278
f 1673//2279 1093//2279 1099//2279
f 1676//2280 1677//2280 1675//2280
f 1678//2281 1679//2281 1680//2281
f 1680//2282 1679//2282 1681//2282
f 1680//2283 1681//2283 1682//2283
f 1683//2284 1105//2284 1684//2284
f 1105//2285 1683//2285 1106//2285
f 1106//2286 1683//2286 1685//2286
f 1106//2287 1685//2287 1103//2287
f 1684//2288 1670//2288 1669//2288
f 1684//2289 1669//2289 1683//2289
f 1683//2290 1669//2290 1686//2290
f 1683//2291 1686//2291 1685//2291
f 1687//2292 1688//2292 1686//2292
f 1689//2293 176//2293 1690//2293
f 1690//2294 176//2294 1691//2294
f 1690//2295 1691//2295 1812//2295
f 1693//2296 1688//2296 1687//2296
f 1693//2297 1687//2298 1694//2299
f 1812//2300 1688//2301 1690//2302
f 1690//2302 1688//2301 1693//2303
f 1690//2304 1693//2305 1689//2306
f 1689//2306 1693//2305 1694//2307
f 1689//2308 1694//2308 1695//2308
f 1695//2309 170//2310 1689//2311
f 1689//2312 170//2312 179//2312
f 1689//2313 179//2313 176//2313
f 1696//2314 1697//2314 1698//2314
f 1698//2315 1697//2315 165//2315
f 1698//2316 165//2317 1699//2318
f 1699//2318 165//2317 167//2319
f 1699//2320 167//2320 1700//2320
f 1700//2321 167//2321 169//2321
f 1700//2322 169//2322 1701//2322
f 1701//2323 169//2323 1692//2323
f 1701//2324 1692//2325 1702//2326
f 1702//2326 1692//2325 1703//2327
f 1702//2328 1703//2329 1672//2330
f 1672//2330 1703//2329 1695//2331
f 163//2332 165//2332 1697//2332
f 169//2333 172//2333 1692//2333
f 1692//2334 172//2334 1703//2334
f 1703//2335 172//2335 170//2335
f 1703//2336 170//2310 1695//2309
f 1672//2337 1695//2337 1694//2337
f 1672//2338 1694//2338 1671//2338
f 1671//2339 1694//2299 1687//2298
f 1671//2340 1687//2340 1669//2340
f 1669//2341 1687//2341 1686//2341
f 1674//2342 1696//2342 1673//2342
f 1673//2343 1696//2343 1698//2343
f 1673//2344 1698//2345 1675//2346
f 1675//2346 1698//2345 1699//2347
f 1675//2348 1699//2348 1676//2348
f 1676//2349 1699//2349 1700//2349
f 1676//2350 1700//2350 1682//2350
f 1682//2351 1700//2351 1701//2351
f 1682//2352 1701//2352 1680//2352
f 1680//2353 1701//2353 1702//2353
f 1680//2354 1702//2354 1672//2354
f 1680//2355 1672//2355 1678//2355
f 1678//2356 1672//2356 1704//2356
f 1704//2357 1672//2357 1671//2357
f 1704//2358 1671//2358 1670//2358
f 1705//2359 1708//2359 1706//2359
f 133//2360 163//2360 1707//2360
f 1707//2361 163//2361 1697//2361
f 1707//2362 1697//2362 1706//2362
f 1706//2363 1697//2363 1696//2363
f 1706//2364 1696//2364 1674//2364
f 1706//2365 1674//2365 1705//2365
f 1538//2366 1453//2366 1709//2366
f 1707//2367 1706//2367 1709//2367
f 1709//2368 1706//2368 1708//2368
f 1709//2369 1708//2369 1538//2369
f 1709//2370 1710//2370 1707//2370
f 1707//2371 1710//2372 1711//2373
f 133//2374 1707//2374 162//2374
f 162//2375 1707//2375 1711//2375
f 1709//2376 1453//2376 1712//2376
f 1709//2377 1712//2377 1710//2377
f 4//2378 3//2378 1713//2378
f 1714//2379 4//2380 1713//2381
f 1714//2379 1713//2381 1715//2382
f 1714//2383 1716//2383 17//2383
f 17//2384 1716//2385 15//2386
f 18//2387 15//2386 1716//2385
f 18//2388 1716//2388 1717//2388
f 1449//2389 1718//2389 1448//2389
f 1448//2390 1718//2390 1719//2390
f 1719//2391 1718//2391 1717//2391
f 1721//2392 146//2392 1722//2392
f 146//2393 148//2394 1722//2393
f 1722//2395 148//2396 150//2397
f 1722//2395 150//2397 1724//2398
f 152//2399 1725//2399 150//2399
f 150//2400 1725//2400 1724//2400
f 1725//2401 152//2402 155//2403
f 1725//2401 155//2403 1726//2404
f 1726//2405 155//2405 157//2405
f 1721//2406 1722//2406 1723//2406
f 1723//2407 1722//2407 1724//2407
f 1723//2408 1724//2408 1727//2408
f 1727//2409 1724//2410 1725//2411
f 1727//2409 1725//2411 1728//2412
f 1728//2413 1725//2413 1726//2413
f 1728//2414 1726//2414 1729//2414
f 1729//2415 1726//2415 157//2415
f 1729//2416 157//2416 1730//2416
f 1730//2417 157//2417 159//2417
f 1730//2418 159//2418 1731//2418
f 1720//2419 1723//2419 1715//2419
f 1715//2420 1723//2421 1727//2422
f 1715//2420 1727//2422 1714//2423
f 1714//2423 1727//2422 1728//2424
f 1714//2425 1728//2426 1716//2427
f 1716//2427 1728//2426 1729//2428
f 1716//2427 1729//2428 1717//2429
f 1717//2430 1729//2430 1730//2430
f 1717//2431 1730//2431 1719//2431
f 1719//2432 1730//2432 1731//2432
f 1719//2433 1731//2433 1448//2433
f 1453//2434 1448//2434 1712//2434
f 1712//2435 1448//2435 1710//2435
f 1710//2436 1448//2436 1731//2436
f 1710//2372 1731//2437 1711//2373
f 1711//2438 1731//2438 159//2438
f 1711//2439 159//2439 162//2439
f 1440//2440 1732//2440 1720//2440
f 1733//2441 1721//2441 1723//2441
f 140//2442 146//2442 1721//2442
f 1735//2443 1736//2443 1437//2443
f 1437//2444 1736//2444 1732//2444
f 1437//2445 1732//2445 1440//2445
f 136//2446 135//2446 1734//2446
f 1734//2447 135//2447 140//2447
f 1734//2448 140//2448 1733//2448
f 1733//2449 140//2449 1721//2449
f 1723//2450 1720//2450 1732//2450
f 1723//2451 1732//2452 1733//2453
f 1733//2453 1732//2452 1736//2452
f 1733//2454 1736//2454 1734//2454
f 1742//2455 1743//2455 1744//2455
f 1745//2456 1746//2456 1747//2456
f 1748//2457 1102//2457 1749//2457
f 1749//2458 1102//2458 1796//2458
f 1100//2459 1102//2459 1748//2459
f 1100//2460 1748//2460 1750//2460
f 1749//2461 1752//2461 1748//2461
f 1748//2462 1752//2462 1746//2462
f 1748//2463 1746//2463 1750//2463
f 1750//2464 1746//2464 1745//2464
f 1750//2465 1745//2466 1751//2467
f 1754//2468 1753//2468 1085//2468
f 1753//2469 1754//2469 1755//2469
f 1755//2470 1754//2470 1756//2470
f 1755//2471 1756//2471 1757//2471
f 1760//2472 1751//2467 1745//2466
f 1760//2473 1745//2474 1761//2475
f 1761//2475 1745//2474 1747//2476
f 1741//2477 1743//2477 1740//2477
f 1740//2478 1743//2478 1762//2478
f 1762//2479 1743//2479 1742//2479
f 1762//2480 1742//2480 1760//2480
f 126//2481 1764//2481 128//2481
f 1747//2482 1739//2482 1765//2482
f 1747//2483 1765//2483 1761//2483
f 1761//2484 1765//2484 1763//2484
f 1761//2485 1763//2485 1760//2485
f 1760//2486 1763//2486 1762//2486
f 1739//2487 129//2487 131//2487
f 1739//2488 131//2488 1737//2488
f 1737//2489 131//2489 1738//2489
f 1738//2490 131//2490 90//2490
f 1738//2491 90//2491 128//2491
f 1766//2492 124//2492 122//2492
f 1766//2493 122//2493 1767//2493
f 1767//2494 122//2494 91//2494
f 1765//2495 1739//2495 1737//2495
f 1765//2496 1737//2496 1763//2496
f 1763//2497 1737//2497 1738//2497
f 1763//2498 1738//2498 1762//2498
f 1762//2499 1738//2499 1740//2499
f 1740//2500 1738//2500 1741//2500
f 1741//2501 1738//2502 128//2503
f 1741//2501 128//2503 1768//2504
f 1768//2505 128//2506 1764//2507
f 1768//2505 1764//2507 1769//2508
f 1769//2509 1764//2509 1766//2509
f 1769//2510 1766//2510 1770//2510
f 1770//2511 1766//2511 1767//2511
f 1764//2512 126//2512 124//2512
f 1764//2513 124//2513 1766//2513
f 1770//2514 1759//2514 1769//2514
f 1769//2515 1759//2516 1758//2517
f 1769//2515 1758//2517 1757//2518
f 1769//2519 1757//2519 1768//2519
f 1768//2520 1757//2520 1756//2520
f 1768//2521 1756//2521 1754//2521
f 1768//2522 1754//2522 1741//2522
f 1741//2523 1754//2523 1085//2523
f 1741//2524 1085//2524 1743//2524
f 1743//2525 1085//2525 1744//2525
f 1771//2526 1759//2526 1770//2526
f 1781//2527 1978//2527 1772//2527
f 1455//2528 1446//2528 1775//2528
f 1775//2529 1446//2529 1773//2529
f 1776//2530 22//2531 1777//2532
f 1777//2533 1778//2533 1775//2533
f 1455//2534 1775//2534 1778//2534
f 1779//2535 14//2535 1776//2535
f 22//2531 1776//2530 13//2536
f 13//2536 1776//2530 14//2537
f 12//2538 2//2538 1772//2538
f 1772//2539 2//2539 1780//2539
f 1772//2540 1780//2540 1781//2540
f 1780//2541 2//2541 1//2541
f 1772//2542 1978//2542 1436//2542
f 1772//2543 1436//2543 12//2543
f 112//2544 1782//2544 113//2544
f 113//2545 1782//2545 1781//2545
f 1781//2546 1780//2546 1783//2546
f 1783//2547 1780//2547 1779//2547
f 1783//2548 1779//2548 1784//2548
f 1784//2549 1779//2549 1776//2549
f 113//2550 1781//2550 1783//2550
f 113//2551 1783//2551 1785//2551
f 1785//2552 1783//2553 1784//2554
f 1785//2552 1784//2554 1786//2555
f 1786//2556 118//2557 99//2558
f 1786//2556 99//2558 1785//2559
f 1785//2560 99//2560 113//2560
f 116//2561 118//2561 1786//2561
f 1776//2562 1777//2562 1775//2562
f 1776//2563 1775//2563 1784//2563
f 1784//2564 1775//2564 1787//2564
f 1784//2565 1787//2565 1786//2565
f 1786//2566 1787//2566 1788//2566
f 1786//2567 1788//2567 116//2567
f 1775//2568 1773//2568 1774//2568
f 1775//2569 1774//2569 1787//2569
f 1787//2570 1774//2571 1789//2572
f 1787//2573 1789//2573 1788//2573
f 1788//2574 1789//2574 114//2574
f 1788//2575 114//2575 116//2575
f 1767//2576 91//2576 114//2576
f 1767//2577 114//2577 1770//2577
f 1770//2578 114//2578 1789//2578
f 1770//2579 1789//2572 1771//2580
f 1771//2580 1789//2572 1774//2571
f 130//2581 129//2581 1790//2581
f 1790//2582 129//2582 1791//2582
f 1790//2583 1791//2583 51//2583
f 1792//2584 1793//2584 60//2584
f 1792//2585 975//2585 1793//2585
f 1793//2586 975//2586 979//2586
f 1793//2587 979//2587 1794//2587
f 1794//2588 979//2588 977//2588
f 1794//2589 977//2589 58//2589
f 58//2590 977//2590 1003//2590
f 58//2591 1003//2591 1795//2591
f 1795//2592 1003//2592 981//2592
f 981//2593 130//2593 1790//2593
f 60//2594 1793//2594 1794//2594
f 60//2595 1794//2595 57//2595
f 57//2596 1794//2596 58//2596
f 58//2597 1795//2597 51//2597
f 51//2598 1795//2598 981//2598
f 51//2599 981//2599 1790//2599
f 1796//2600 1798//2600 1797//2600
f 1791//2601 1802//2601 54//2601
f 54//2602 1802//2602 1801//2602
f 1801//2603 1800//2603 56//2603
f 56//2604 1800//2604 1799//2604
f 56//2605 1799//2605 1797//2605
f 56//2606 1797//2606 66//2606
f 66//2607 1797//2607 1798//2607
f 1802//2608 1791//2608 129//2608
f 1796//2609 1797//2609 1749//2609
f 1749//2610 1797//2610 1799//2610
f 1749//2611 1799//2611 1752//2611
f 1752//2612 1799//2612 1800//2612
f 1752//2613 1800//2613 1746//2613
f 1746//2614 1800//2614 1801//2614
f 1746//2615 1801//2615 1747//2615
f 1747//2616 1801//2616 1802//2616
f 1747//2617 1802//2617 1739//2617
f 1739//2618 1802//2618 129//2618
f 1792//2619 1803//2619 187//2619
f 1792//2620 60//2620 1803//2620
f 1803//2621 60//2621 62//2621
f 66//2622 1798//2622 67//2622
f 67//2623 1798//2623 1804//2623
f 1798//2624 1796//2624 1804//2624
f 1804//2625 1796//2625 1103//2625
f 175//2626 909//2626 1805//2626
f 1805//2627 909//2627 1806//2627
f 1805//2628 1806//2628 68//2628
f 70//2629 68//2630 1807//2631
f 1807//2631 68//2630 1806//2632
f 1807//2633 1806//2633 912//2633
f 912//2634 1806//2634 909//2634
f 71//2635 70//2636 1808//2637
f 1808//2637 70//2636 1807//2638
f 1808//2639 1807//2639 915//2639
f 915//2640 1807//2640 912//2640
f 61//2641 71//2642 1809//2643
f 1809//2643 71//2642 1808//2644
f 1809//2645 1808//2645 905//2645
f 905//2646 1808//2646 915//2646
f 62//2647 61//2647 1803//2647
f 1803//2648 61//2648 1809//2648
f 1803//2649 1809//2650 187//2650
f 187//2650 1809//2650 905//2651
f 72//2652 74//2653 1810//2654
f 176//2655 1810//2656 1811//2657
f 1810//2654 74//2653 1811//2658
f 1811//2659 74//2659 1812//2659
f 1812//2660 74//2661 75//2662
f 1812//2660 75//2662 1813//2663
f 1813//2664 75//2664 64//2664
f 1813//2665 64//2665 1814//2665
f 1814//2666 64//2666 65//2666
f 1814//2667 65//2667 1815//2667
f 1815//2668 65//2668 67//2668
f 1815//2669 67//2669 1804//2669
f 176//2655 1811//2657 1691//2670
f 1691//2671 1811//2671 1812//2671
f 1812//2672 1813//2672 1688//2672
f 1688//2673 1813//2673 1814//2673
f 1688//2674 1814//2674 1686//2674
f 1686//2675 1814//2675 1815//2675
f 1686//2676 1815//2676 1685//2676
f 1685//2677 1815//2677 1804//2677
f 1685//2678 1804//2678 1103//2678
f 68//2679 72//2679 1805//2679
f 1805//2680 72//2680 1810//2680
f 176//2681 175//2681 1805//2681
f 176//2682 1805//2682 1810//2682
f 1021//2683 1342//2683 1045//2683
f 1342//2684 1345//2684 1045//2684
f 1045//2685 1345//2685 1044//2685
f 1044//2686 1345//2686 554//2686
f 552//2687 554//2687 1345//2687
f 552//2688 1345//2688 1348//2688
f 1029//2689 1816//2689 1336//2689
f 1816//2690 1332//2690 1336//2690
f 1029//2691 1336//2691 1027//2691
f 1027//2692 1336//2692 1338//2692
f 1027//2693 1338//2693 1025//2693
f 1025//2694 1338//2694 1340//2694
f 1025//2695 1340//2695 1023//2695
f 1023//2696 1340//2696 1342//2696
f 1023//2697 1342//2697 1021//2697
f 1348//2698 1329//2698 1817//2698
f 1348//2699 1817//2699 1042//2699
f 1042//2700 1817//2700 1040//2700
f 1042//2701 552//2701 1348//2701
f 1040//2702 1817//2702 557//2702
f 560//2703 1818//2703 1033//2703
f 1818//2704 1332//2704 1816//2704
f 1818//2705 1816//2705 1033//2705
f 1033//2706 1816//2706 1031//2706
f 1031//2707 1816//2707 1029//2707
f 559//2708 557//2708 1817//2708
f 559//2709 1817//2709 1325//2709
f 1325//2710 1817//2710 1329//2710
f 1349//2711 1332//2712 1818//2713
f 1349//2711 1818//2713 560//2714
f 1349//2715 560//2715 562//2715
f 1038//2716 1325//2716 1324//2716
f 1038//2717 1324//2717 1037//2717
f 1037//2718 1324//2718 1349//2718
f 1037//2719 1349//2719 1035//2719
f 1035//2720 1349//2720 562//2720
f 559//2721 1325//2721 1038//2721
f 1030//2722 505//2722 1032//2722
f 505//2723 503//2724 1032//2725
f 1032//2725 503//2724 1034//2726
f 1034//2727 503//2727 561//2727
f 514//2728 512//2728 1022//2728
f 1022//2729 512//2729 1024//2729
f 1024//2730 512//2730 510//2730
f 1024//2731 510//2731 1026//2731
f 1026//2732 510//2732 508//2732
f 1026//2733 508//2733 1028//2733
f 1028//2734 508//2734 505//2734
f 1028//2735 505//2735 1030//2735
f 563//2736 561//2737 503//2738
f 563//2736 503//2738 1819//2739
f 1819//2740 503//2740 492//2740
f 1820//2741 555//2741 517//2741
f 517//2742 514//2742 1821//2742
f 517//2743 1821//2743 1820//2743
f 1820//2744 1821//2744 1046//2744
f 1022//2745 1046//2745 1821//2745
f 1022//2746 1821//2746 514//2746
f 1036//2747 1819//2747 1822//2747
f 1819//2748 492//2748 1822//2748
f 1822//2749 492//2749 459//2749
f 1822//2750 459//2750 1039//2750
f 1039//2751 459//2751 558//2751
f 1036//2752 563//2752 1819//2752
f 483//2753 517//2753 1823//2753
f 1823//2754 517//2754 553//2754
f 555//2755 553//2755 517//2755
f 459//2756 484//2756 556//2756
f 459//2757 556//2757 558//2757
f 484//2758 483//2758 1823//2758
f 484//2759 1823//2759 1041//2759
f 1041//2760 1823//2760 1043//2760
f 1041//2761 556//2761 484//2761
f 1043//2762 1823//2762 553//2762
f 519//2763 53//2763 55//2763
f 519//2764 55//2764 1331//2764
f 1824//2765 520//2765 522//2765
f 1824//2766 522//2766 1328//2766
f 1328//2767 522//2767 524//2767
f 1328//2768 524//2768 1327//2768
f 1327//2769 524//2769 526//2769
f 1327//2770 526//2770 1326//2770
f 1326//2771 526//2771 528//2771
f 1326//2772 528//2772 1333//2772
f 1333//2773 528//2773 530//2773
f 1333//2774 530//2774 1334//2774
f 1334//2775 530//2775 532//2775
f 1334//2776 532//2776 1335//2776
f 1335//2777 532//2777 534//2777
f 1335//2778 534//2778 1337//2778
f 1337//2779 534//2779 536//2779
f 1337//2780 536//2780 1339//2780
f 1339//2781 536//2781 538//2781
f 1339//2782 538//2782 1341//2782
f 1341//2783 538//2783 540//2783
f 1341//2784 540//2784 1343//2784
f 1343//2785 540//2785 542//2785
f 1343//2786 542//2786 1344//2786
f 1344//2787 542//2787 544//2787
f 1344//2788 544//2788 1346//2788
f 1346//2789 544//2789 546//2789
f 1346//2790 546//2790 1347//2790
f 1347//2791 546//2791 548//2791
f 1347//2792 548//2792 1330//2792
f 1330//2793 548//2793 550//2793
f 1330//2794 550//2794 1331//2794
f 1331//2795 550//2795 519//2795
f 1824//2796 63//2796 73//2796
f 1824//2797 73//2797 520//2797
f 63//2798 1824//2798 1328//2798
f 473//2799 52//2799 1825//2799
f 1825//2800 52//2800 50//2800
f 1825//2801 551//2801 473//2801
f 473//2802 551//2802 549//2802
f 473//2803 549//2803 476//2803
f 476//2804 549//2804 547//2804
f 476//2805 547//2805 518//2805
f 518//2806 547//2806 545//2806
f 518//2807 545//2807 516//2807
f 516//2808 545//2808 543//2808
f 516//2809 543//2809 515//2809
f 515//2810 543//2810 541//2810
f 515//2811 541//2811 513//2811
f 513//2812 541//2812 539//2812
f 513//2813 539//2813 511//2813
f 511//2814 539//2814 537//2814
f 511//2815 537//2815 509//2815
f 509//2816 537//2816 535//2816
f 509//2817 535//2817 507//2817
f 507//2818 535//2818 533//2818
f 507//2819 533//2819 506//2819
f 506//2820 533//2820 531//2820
f 506//2821 531//2821 504//2821
f 504//2822 531//2822 529//2822
f 504//2823 529//2823 502//2823
f 502//2824 529//2824 527//2824
f 502//2825 527//2825 501//2825
f 501//2826 527//2826 525//2826
f 501//2827 525//2827 499//2827
f 499//2828 525//2828 523//2828
f 499//2829 523//2829 496//2829
f 523//2830 521//2830 496//2830
f 59//2831 496//2831 69//2831
f 496//2832 521//2832 69//2832
f 191//2833 190//2833 880//2833
f 880//2834 190//2834 454//2834
f 1830//2835 990//2835 1831//2835
f 257//2836 1826//2837 1828//2838
f 257//2836 1828//2838 890//2839
f 890//2840 1828//2840 1829//2840
f 890//2841 1829//2841 886//2841
f 886//2842 1829//2842 888//2842
f 888//2843 1829//2843 1830//2843
f 888//2844 1830//2844 883//2844
f 883//2845 1830//2845 1831//2845
f 971//2846 987//2846 1827//2846
f 1827//2847 987//2847 988//2847
f 1827//2848 988//2848 1832//2848
f 1832//2849 988//2849 989//2849
f 880//2850 1831//2850 191//2850
f 191//2851 1831//2851 990//2851
f 990//2852 1830//2852 989//2852
f 989//2853 1830//2853 1829//2853
f 989//2854 1829//2854 1832//2854
f 1832//2855 1829//2855 1828//2855
f 1832//2856 1828//2856 1827//2856
f 1827//2857 1828//2857 1826//2857
f 1827//2858 1826//2858 971//2858
f 456//2859 454//2859 190//2859
f 456//2860 190//2860 189//2860
f 1826//2861 1833//2861 970//2861
f 1826//2862 970//2862 971//2862
f 1833//2863 1826//2863 260//2863
f 257//2864 260//2864 1826//2864
f 189//2865 188//2865 901//2865
f 456//2866 189//2866 901//2866
f 1834//2867 970//2867 1833//2867
f 1834//2868 1833//2868 869//2868
f 869//2869 1833//2869 260//2869
f 1835//2870 918//2870 917//2870
f 1835//2871 917//2871 1836//2871
f 1836//2872 917//2873 919//2874
f 1836//2872 919//2874 1837//2875
f 188//2876 918//2876 1835//2876
f 188//2877 1835//2877 901//2877
f 1835//2878 1836//2878 899//2878
f 899//2879 1836//2879 1837//2879
f 899//2880 1837//2880 896//2880
f 893//2881 896//2881 1838//2881
f 1838//2882 896//2882 1837//2882
f 1838//2883 1837//2883 920//2883
f 920//2884 1837//2884 919//2884
f 265//2885 893//2885 1838//2885
f 265//2886 1838//2886 1839//2886
f 1839//2887 1838//2887 904//2887
f 904//2888 1838//2888 920//2888
f 88//2889 970//2889 1834//2889
f 448//2890 1834//2890 869//2890
f 1839//2891 904//2891 922//2891
f 1839//2892 922//2892 1840//2892
f 1840//2893 922//2893 923//2893
f 1840//2894 923//2894 1841//2894
f 1841//2895 923//2895 924//2895
f 1841//2896 924//2896 925//2896
f 1841//2897 925//2897 262//2897
f 265//2898 1839//2898 266//2898
f 266//2899 1839//2899 1840//2899
f 266//2900 1840//2900 267//2900
f 267//2901 1840//2901 1841//2901
f 267//2902 1841//2902 269//2902
f 269//2903 1841//2903 261//2903
f 261//2904 1841//2904 262//2904
f 85//2905 88//2905 1842//2905
f 1842//2906 88//2906 1834//2906
f 1842//2907 1834//2907 448//2907
f 448//2908 447//2908 1842//2908
f 1842//2909 447//2909 85//2909
f 85//2910 447//2910 86//2910
f 447//2911 446//2911 1843//2911
f 447//2912 1843//2912 86//2912
f 878//2913 262//2913 1844//2913
f 1844//2914 262//2914 925//2914
f 1844//2915 925//2915 76//2915
f 1845//2916 1844//2916 76//2916
f 1845//2917 76//2917 82//2917
f 1843//2918 446//2918 870//2918
f 1843//2919 870//2919 80//2919
f 80//2920 870//2920 873//2920
f 873//2921 874//2921 82//2921
f 82//2922 874//2922 876//2922
f 82//2923 876//2923 1845//2923
f 1845//2924 876//2924 878//2924
f 1845//2925 878//2925 1844//2925
f 80//2926 873//2926 81//2926
f 81//2927 873//2927 82//2927
f 907//2928 1846//2928 906//2928
f 440//2929 443//2929 1846//2929
f 441//2930 440//2930 1847//2930
f 1847//2931 440//2931 1846//2931
f 1847//2932 1846//2932 941//2932
f 941//2933 1846//2933 907//2933
f 443//2934 442//2934 1846//2934
f 1846//2935 442//2935 906//2935
f 442//2936 780//2936 1848//2936
f 442//2937 1848//2937 906//2937
f 906//2938 1848//2938 78//2938
f 941//2939 778//2939 1849//2939
f 941//2940 1849//2940 1847//2940
f 441//2941 1847//2941 416//2941
f 78//2942 1848//2942 421//2942
f 421//2943 1848//2943 780//2943
f 79//2944 78//2944 423//2944
f 423//2945 78//2945 421//2945
f 84//2946 79//2946 425//2946
f 425//2947 79//2947 423//2947
f 1847//2948 1849//2948 416//2948
f 84//2949 425//2949 784//2949
f 784//2950 783//2950 1850//2950
f 1850//2951 783//2951 786//2951
f 1850//2952 786//2952 1851//2952
f 1851//2953 786//2954 789//2955
f 1851//2953 789//2955 1852//2956
f 1852//2957 789//2957 788//2957
f 1852//2958 788//2958 1853//2958
f 1853//2959 788//2959 1854//2959
f 84//2960 784//2960 1850//2960
f 1853//2961 1854//2961 87//2961
f 778//2962 32//2962 1849//2962
f 1849//2963 32//2964 416//2965
f 416//2965 32//2964 418//2966
f 1855//2967 87//2967 1854//2967
f 420//2968 418//2968 27//2968
f 27//2969 418//2969 32//2969
f 87//2970 1855//2970 429//2970
f 429//2971 427//2971 1856//2971
f 1856//2972 427//2973 437//2974
f 1856//2972 437//2974 1857//2975
f 1857//2976 437//2976 435//2976
f 1857//2977 435//2977 1858//2977
f 87//2978 429//2978 984//2978
f 984//2979 429//2979 1856//2979
f 1857//2980 1858//2980 974//2980
f 984//2981 1856//2981 973//2981
f 973//2982 1856//2982 1857//2982
f 973//2983 1857//2983 972//2983
f 972//2984 1857//2984 974//2984
f 420//2985 27//2985 1859//2985
f 420//2986 1859//2986 798//2986
f 798//2987 1859//2987 796//2987
f 796//2988 1859//2988 24//2988
f 796//2989 24//2989 794//2989
f 794//2990 24//2990 793//2990
f 793//2991 24//2991 23//2991
f 793//2992 23//2992 791//2992
f 1859//2993 27//2993 26//2993
f 1859//2994 26//2994 24//2994
f 974//2995 1858//2995 1004//2995
f 433//2996 791//2996 1860//2996
f 791//2997 23//2997 1860//2997
f 1860//2998 23//2998 1011//2998
f 1010//2999 1004//2999 1861//2999
f 1861//3000 1004//3000 1858//3000
f 1861//3001 1858//3001 430//3001
f 430//3002 1858//3002 435//3002
f 1011//3003 1010//3003 1861//3003
f 1011//3004 1861//3004 1860//3004
f 1860//3005 1861//3005 433//3005
f 433//3006 1861//3006 430//3006
f 34//3007 947//3007 1863//3007
f 1863//3008 947//3008 1862//3008
f 1863//3009 1862//3009 799//3009
f 799//3010 1862//3010 767//3010
f 805//3011 768//3011 1865//3011
f 1865//3012 768//3012 1864//3012
f 1865//3013 1864//3013 28//3013
f 1865//3014 33//3014 805//3014
f 805//3015 33//3015 800//3015
f 31//3016 35//3016 802//3016
f 802//3017 35//3017 804//3017
f 35//3018 34//3018 1863//3018
f 35//3019 1863//3019 804//3019
f 33//3020 31//3020 800//3020
f 800//3021 31//3021 802//3021
f 946//3022 952//3023 1866//3024
f 1866//3025 952//3025 1867//3025
f 1866//3026 1867//3026 765//3026
f 1868//3027 1866//3027 765//3027
f 947//3028 946//3022 1866//3024
f 947//3029 1866//3029 1862//3029
f 1862//3030 1866//3030 1868//3030
f 1862//3031 1868//3031 767//3031
f 25//3032 28//3032 1869//3032
f 1869//3033 28//3033 1864//3033
f 1869//3034 1864//3034 768//3034
f 1870//3035 952//3035 49//3035
f 821//3036 1870//3036 819//3036
f 952//3037 1870//3037 1867//3037
f 1867//3038 1870//3038 821//3038
f 819//3039 1870//3039 49//3039
f 819//3040 49//3040 48//3040
f 819//3041 48//3041 818//3041
f 818//3042 48//3042 46//3042
f 818//3043 46//3043 816//3043
f 816//3044 46//3044 814//3044
f 47//3045 44//3045 812//3045
f 812//3046 44//3046 811//3046
f 777//3047 811//3047 44//3047
f 46//3048 47//3048 814//3048
f 814//3049 47//3049 812//3049
f 1008//3050 25//3050 1871//3050
f 1871//3051 25//3051 1869//3051
f 1871//3052 1869//3052 808//3052
f 772//3053 1871//3053 808//3053
f 44//3054 45//3054 1872//3054
f 777//3055 44//3055 1872//3055
f 777//3056 1872//3056 809//3056
f 772//3057 773//3057 1873//3057
f 1008//3058 1873//3058 1874//3058
f 1008//3059 1874//3059 1007//3059
f 1871//3060 772//3060 1873//3060
f 1871//3061 1873//3061 1008//3061
f 773//3062 809//3062 1873//3062
f 809//3063 1872//3063 1873//3063
f 1873//3064 1872//3065 1874//3065
f 1007//3066 1874//3066 45//3066
f 45//3067 1874//3065 1872//3065
f 740//3068 741//3068 1875//3068
f 740//3069 1875//3069 951//3069
f 951//3070 1875//3070 1876//3070
f 951//3071 1876//1288 949//1287
f 691//3072 1877//3072 834//3072
f 951//3073 691//3073 740//3073
f 740//3074 691//3074 834//3074
f 745//3075 1875//3075 741//3075
f 691//3076 699//3076 1877//3076
f 1877//3077 699//3078 834//3079
f 834//3079 699//3078 753//3080
f 36//3081 1876//3081 1878//3081
f 1878//3082 1876//3082 1875//3082
f 1878//3083 1875//3083 745//3083
f 744//3084 1878//3084 745//3084
f 753//3085 699//3085 845//3085
f 845//3086 699//3086 697//3086
f 845//3087 697//3087 843//3087
f 843//3088 697//3088 695//3088
f 843//3089 695//3089 841//3089
f 841//3090 695//3090 840//3090
f 840//3091 695//3091 694//3091
f 840//3092 694//3092 838//3092
f 694//3093 690//3094 838//3095
f 838//3095 690//3094 836//3096
f 43//3097 42//3097 830//3097
f 830//3098 42//3098 41//3098
f 831//3099 43//3099 830//3099
f 830//3100 41//3100 824//3100
f 824//3101 41//3101 40//3101
f 824//3102 40//3102 825//3102
f 825//3103 40//3104 38//3105
f 825//3103 38//3105 827//3106
f 823//3107 827//3107 1879//3107
f 1879//3108 827//3108 38//3108
f 1879//3109 38//3109 36//3109
f 744//3110 823//3110 1878//3110
f 1878//3111 823//3111 1879//3111
f 1878//3112 1879//3112 36//3112
f 750//3113 836//3113 1881//3113
f 836//3114 690//3114 1881//3114
f 1881//3115 690//3115 1880//3115
f 690//3116 1005//3116 1880//3116
f 1006//3117 43//3117 1882//3117
f 1882//3118 43//3118 833//3118
f 833//3119 43//3119 831//3119
f 1883//3120 1006//3120 1882//3120
f 1883//3121 1882//3121 746//3121
f 746//3122 1882//3122 833//3122
f 1005//3123 1006//3123 1880//3123
f 1880//3124 1006//3124 1883//3124
f 1880//3125 1883//3125 1881//3125
f 1881//3126 1883//3126 749//3126
f 749//3127 1883//3127 746//3127
f 750//3128 1881//3128 749//3128
f 686//3129 684//3129 724//3129
f 724//3130 684//3130 722//3130
f 688//3131 686//3131 724//3131
f 682//3132 1884//3132 683//3132
f 865//3133 867//3133 682//3133
f 682//3134 867//3134 1884//3134
f 863//3135 680//3135 862//3135
f 862//3136 680//3136 678//3136
f 862//3137 678//3137 860//3137
f 860//3138 678//3138 858//3138
f 682//3139 680//3139 865//3139
f 865//3140 680//3140 863//3140
f 856//3141 858//3141 688//3141
f 688//3142 858//3142 678//3142
f 724//3143 856//3143 688//3143
f 722//3144 684//3144 1885//3144
f 722//3145 1885//3145 847//3145
f 721//3146 847//3146 1885//3146
f 721//3147 1885//3147 701//3147
f 701//3148 1885//3148 684//3148
f 683//3149 1884//3149 1886//3149
f 1886//3150 1884//3150 867//3150
f 953//3151 954//3151 1887//3151
f 953//3152 1887//3152 1888//3152
f 713//3153 718//3153 1887//3153
f 1887//3154 718//3154 1888//3154
f 1886//3155 713//3155 1887//3155
f 1886//3156 1887//3156 683//3156
f 683//3157 1887//3157 954//3157
f 701//3158 696//3159 721//3160
f 721//3160 696//3159 1889//3161
f 718//3162 717//3162 1888//3162
f 717//3163 716//3163 1888//3163
f 1888//3164 716//3164 1890//3164
f 1888//3165 1890//3165 953//3165
f 953//3166 1890//3166 950//3166
f 696//3167 1891//3167 1889//3167
f 1889//3168 1891//3168 855//3168
f 698//3169 700//3169 1892//3169
f 698//3170 1892//3170 854//3170
f 700//3171 693//3171 1892//3171
f 1892//3172 693//3172 849//3172
f 693//3173 692//3174 849//3175
f 849//3175 692//3174 850//3176
f 696//3177 698//3177 1891//3177
f 1891//3178 698//3179 855//3180
f 855//3180 698//3179 854//3181
f 692//3182 1893//3182 850//3182
f 850//3183 1893//3183 848//3183
f 1893//3184 950//3184 1890//3184
f 1893//3185 1890//3185 848//3185
f 848//3186 1890//3186 716//3186
f 1894//3187 1895//3187 1607//3187
f 12//3188 1436//3188 1894//3188
f 12//3189 1894//3189 1896//3189
f 1896//3190 1894//3190 1607//3190
f 1479//3191 1895//3191 1445//3191
f 1445//3192 1895//3192 1894//3192
f 1445//3193 1894//3193 1436//3193
f 1443//3194 1479//3194 1445//3194
f 12//3195 1475//3195 6//3195
f 1896//3196 1475//3196 12//3196
f 1439//3197 1440//3197 1620//3197
f 1620//3198 1622//3198 1439//3198
f 1439//3199 1622//3199 1624//3199
f 1439//3200 1624//3200 1438//3200
f 1438//3201 1624//3201 1626//3201
f 1438//3202 1626//3202 1628//3202
f 1438//3203 1628//3203 1442//3203
f 1442//3204 1628//3204 1629//3204
f 1442//3205 1629//3205 1631//3205
f 1442//3206 1631//3206 1443//3206
f 1443//3207 1631//3207 1479//3207
f 6//3208 1475//3208 1611//3208
f 1609//3209 1608//3209 1897//3209
f 1897//3210 1608//3210 1614//3210
f 1614//3211 1615//3211 1898//3211
f 1898//3212 1615//3212 1617//3212
f 1898//3213 1617//3213 1619//3213
f 6//3214 1611//3214 1609//3214
f 6//3215 1609//3215 8//3215
f 8//3216 1609//3216 1897//3216
f 1897//3217 1614//3217 9//3217
f 9//3218 1614//3218 1898//3218
f 1898//3219 1619//3219 3//3219
f 1470//3220 1620//3220 1440//3220
f 1619//3221 1466//3221 1899//3221
f 1619//3222 1899//3222 3//3222
f 3//3223 1899//3223 1713//3223
f 1473//3224 1471//3224 1900//3224
f 1473//3225 1900//3225 1901//3225
f 1901//3226 1900//3226 1720//3226
f 1440//3227 1720//3227 1900//3227
f 1440//3228 1900//3228 1470//3228
f 1470//3229 1900//3229 1471//3229
f 1901//3230 1720//3230 1715//3230
f 1901//3231 1715//3231 1902//3231
f 1901//3232 1902//3232 1473//3232
f 1468//3233 1473//3233 1902//3233
f 1715//3234 1713//3234 1902//3234
f 1902//3235 1713//3235 1899//3235
f 1902//3236 1899//3236 1468//3236
f 1468//3237 1899//3237 1466//3237
f 1903//3238 1780//3238 1//3238
f 1903//3239 1//3239 1905//3239
f 1903//3240 1905//3240 1904//3240
f 1604//3241 1502//3242 1904//3243
f 1604//3241 1904//3243 1905//3244
f 1604//3245 1905//3245 11//3245
f 1604//3246 11//3246 1602//3246
f 1602//3247 11//3247 10//3247
f 1602//3248 10//3248 1601//3248
f 1601//3249 10//3249 1599//3249
f 1599//3250 10//3250 5//3250
f 1599//3251 5//3251 1597//3251
f 1597//3252 5//3252 7//3252
f 1597//3253 7//3253 1595//3253
f 1595//3254 7//3254 1507//3254
f 11//3255 1905//3255 1//3255
f 1500//3256 1504//3256 1904//3256
f 1904//3257 1504//3257 1906//3257
f 1904//3258 1906//3258 1903//3258
f 1903//3259 1906//3259 1907//3259
f 1903//3260 1907//3261 1780//3261
f 1780//3261 1907//3261 1779//3262
f 1502//3263 1500//3263 1904//3263
f 1594//3264 1507//3265 1908//3266
f 1908//3266 1507//3265 7//3267
f 1908//3268 7//3269 4//3270
f 1582//3271 1585//3271 1906//3271
f 1906//3272 1585//3272 1909//3272
f 1906//3273 1909//3273 1907//3273
f 1907//3274 1909//3274 14//3274
f 1504//3275 1582//3275 1906//3275
f 1779//3276 1907//3276 14//3276
f 1909//3277 1585//3277 1584//3277
f 1909//3278 1584//3278 1910//3278
f 1910//3279 1584//3279 1588//3279
f 1910//3280 1588//3280 1911//3280
f 1911//3281 1588//3281 1589//3281
f 1911//3282 1589//3282 1912//3282
f 1912//3283 1589//3283 1591//3283
f 1912//3284 1591//3284 1913//3284
f 1913//3285 1591//3285 1593//3285
f 1913//3286 1593//3286 1914//3286
f 1914//3287 1593//3287 1496//3287
f 1914//3288 1496//3288 16//3288
f 14//3289 1909//3289 1910//3289
f 1913//3290 1914//3290 16//3290
f 1495//3291 1594//3292 1915//3293
f 1915//3293 1594//3292 1908//3294
f 1915//3295 1908//3268 4//3270
f 1496//3296 1499//3296 1916//3296
f 1496//3297 1916//3297 16//3297
f 16//3298 1916//3298 17//3298
f 1915//3299 17//3299 1916//3299
f 1915//3300 1916//3300 1495//3300
f 1495//3301 1916//3301 1492//3301
f 4//3302 1714//3302 17//3302
f 4//3303 17//3303 1915//3303
f 1499//3304 1492//3304 1916//3304
f 1778//3305 1777//3306 1918//3307
f 1918//3307 1777//3306 1917//3308
f 1918//3309 1917//3310 1532//3311
f 1532//3311 1917//3310 1530//3312
f 1569//3313 1529//3313 1919//3313
f 1569//3314 1919//3314 1455//3314
f 1532//3315 1569//3315 1918//3315
f 1918//3316 1569//3316 1778//3316
f 1778//3317 1569//3317 1455//3317
f 1777//3318 1920//3318 1917//3318
f 1917//3319 1920//3319 1530//3319
f 1530//3320 1920//3320 1537//3320
f 22//3321 1920//3322 1777//3323
f 1529//3324 1527//3324 1919//3324
f 1919//3325 1527//3325 1921//3325
f 1919//3326 1921//3326 1450//3326
f 1455//3327 1919//3327 1450//3327
f 1534//3328 1537//3329 21//3330
f 21//3330 1537//3329 1920//3331
f 21//3332 1920//3322 22//3321
f 1921//3333 1527//3333 1561//3333
f 1921//3334 1561//3334 1922//3334
f 1922//3335 1561//3335 1560//3335
f 1922//3336 1560//3336 1923//3336
f 1923//3337 1560//3337 1566//3337
f 1566//3338 1565//3338 1924//3338
f 1924//3339 1565//3339 1563//3339
f 1924//3340 1563//3340 1567//3340
f 1450//3341 1921//3341 1922//3341
f 1923//3342 1566//3342 1447//3342
f 1447//3343 1566//3343 1924//3343
f 1924//3344 1567//3344 1449//3344
f 1925//3345 1570//3345 1572//3345
f 1926//3346 18//3346 1925//3346
f 1925//3347 1572//3347 1926//3347
f 1926//3348 1572//3348 1574//3348
f 1926//3349 1574//3349 1576//3349
f 1926//3350 1576//3350 19//3350
f 19//3351 1576//3351 1577//3351
f 19//3352 1577//3352 20//3352
f 20//3353 1577//3353 1579//3353
f 20//3354 1579//3354 1581//3354
f 20//3355 1581//3355 21//3355
f 21//3356 1581//3356 1534//3356
f 18//3357 1926//3357 19//3357
f 1567//3358 1525//3358 1449//3358
f 1449//3359 1525//3359 1718//3359
f 1519//3360 1570//3360 1925//3360
f 1521//3361 1519//3361 1927//3361
f 1927//3362 1519//3362 1925//3362
f 1927//3363 1925//3363 18//3363
f 1927//3364 18//3364 1717//3364
f 1523//3365 1521//3365 1927//3365
f 1525//3366 1523//3366 1718//3366
f 1718//3367 1523//3367 1927//3367
f 1718//3368 1927//3368 1717//3368
f 1287//3369 1928//3369 1929//3369
f 1287//3370 1291//3370 1928//3370
f 1928//3371 1291//3371 1452//3371
f 1928//3372 1452//3372 1538//3372
f 1291//3373 1290//3373 1452//3373
f 1452//3374 1290//3374 1451//3374
f 1708//3375 1929//3375 1928//3375
f 1708//3376 1928//3376 1538//3376
f 1311//3377 1287//3377 1929//3377
f 1557//3378 1446//3378 1456//3378
f 1557//3379 1456//3379 1556//3379
f 1556//3380 1456//3380 1554//3380
f 1554//3381 1456//3381 1454//3381
f 1554//3382 1454//3382 1552//3382
f 1552//3383 1454//3383 1551//3383
f 1551//3384 1454//3384 1451//3384
f 1551//3385 1451//3385 1290//3385
f 1773//3386 1446//3386 1930//3386
f 1557//3387 1299//3387 1930//3387
f 1557//3388 1930//3388 1446//3388
f 1705//3389 1674//3389 1931//3389
f 1705//3390 1931//3391 1932//3392
f 1708//3393 1705//3393 1929//3393
f 1929//3394 1705//3390 1932//3392
f 1929//3395 1932//3395 1311//3395
f 1301//3396 1296//3396 1933//3396
f 1933//3397 1296//3397 1934//3397
f 1933//3398 1934//3399 1774//3400
f 1774//3400 1934//3399 1771//3401
f 1299//3402 1301//3402 1930//3402
f 1930//3403 1301//3403 1933//3403
f 1930//3404 1933//3404 1773//3404
f 1773//3405 1933//3405 1774//3405
f 1932//3406 1931//3407 1309//3408
f 1309//3408 1931//3407 1310//3409
f 1759//3410 1771//3410 1935//3410
f 1935//3411 1771//3411 1934//3411
f 1935//3412 1934//3412 1296//3412
f 1674//3413 1099//3413 1931//3413
f 1931//3414 1099//3414 1310//3414
f 1310//3415 1099//3415 1539//3415
f 1292//3416 1539//3416 1095//3416
f 1095//3417 1539//3417 1099//3417
f 1936//3418 1753//3418 1755//3418
f 1755//3419 1757//3419 1938//3419
f 1938//3420 1757//3420 1758//3420
f 1938//3421 1758//3421 1939//3421
f 1936//3422 1755//3422 1937//3422
f 1937//3423 1755//3423 1938//3423
f 1937//3424 1938//3424 1304//3424
f 1304//3425 1938//3426 1939//3427
f 1304//3425 1939//3427 1303//3428
f 1296//3429 1303//3429 1935//3429
f 1935//3430 1303//3430 1939//3430
f 1935//3431 1939//3431 1759//3431
f 1759//3432 1939//3432 1758//3432
f 1292//3433 1095//3433 1092//3433
f 1092//3434 1090//3434 1294//3434
f 1092//3435 1294//3435 1292//3435
f 1295//3436 1294//3436 1090//3436
f 1936//3437 1541//3437 1753//3437
f 1295//3438 1090//3438 1550//3438
f 1550//3439 1090//3439 1089//3439
f 1086//3440 1753//3440 1541//3440
f 1550//3441 1089//3441 1548//3441
f 1548//3442 1089//3443 1088//3444
f 1548//3442 1088//3444 1546//3445
f 1546//3446 1088//3446 1087//3446
f 1546//3447 1087//3447 1545//3447
f 1545//3448 1087//3448 1086//3448
f 1545//3449 1086//3449 1543//3449
f 1543//3450 1086//3450 1541//3450
f 1653//3451 1655//3451 1100//3451
f 1100//3452 1655//3452 1101//3452
f 1742//3453 1940//3453 1760//3453
f 1760//3454 1940//3454 1941//3454
f 1760//3455 1941//3455 1942//3455
f 1760//3456 1942//3456 1751//3456
f 1751//3457 1942//3457 1943//3457
f 1751//3458 1943//3458 1750//3458
f 1750//3459 1943//3459 1651//3459
f 1750//3460 1651//3460 1100//3460
f 1940//3461 1174//3462 1649//3463
f 1940//3461 1649//3463 1941//3464
f 1941//3465 1649//3465 1647//3465
f 1941//3466 1647//3466 1942//3466
f 1942//3467 1647//3467 1645//3467
f 1942//3468 1645//3468 1644//3468
f 1942//3469 1644//3469 1943//3469
f 1943//3470 1644//3470 1651//3470
f 1651//3471 1653//3471 1100//3471
f 1104//3472 1101//3472 1655//3472
f 1174//3473 1940//3473 1171//3473
f 1171//3474 1940//3474 1944//3474
f 1944//3475 1940//3475 1744//3475
f 1742//3476 1744//3476 1940//3476
f 1104//3477 1656//3477 1659//3477
f 1633//3478 1171//3478 1944//3478
f 1945//3479 1633//3479 1944//3479
f 1945//3480 1944//3480 1084//3480
f 1084//3481 1944//3481 1744//3481
f 1668//3482 1666//3482 1664//3482
f 1946//3483 1662//3483 1947//3483
f 1947//3484 1662//3484 1668//3484
f 1668//3485 1664//3485 1948//3485
f 1948//3486 1664//3486 1175//3486
f 1948//3487 1175//3488 1949//3489
f 1105//3490 1946//3490 1947//3490
f 1947//3491 1668//3491 1670//3491
f 1670//3492 1668//3492 1948//3492
f 1105//3493 1947//3493 1684//3493
f 1684//3494 1947//3494 1670//3494
f 1670//3495 1948//3495 1704//3495
f 1704//3496 1948//3496 1949//3496
f 1704//3497 1949//3497 1678//3497
f 1946//3498 1105//3498 1659//3498
f 1318//3499 1633//3499 1945//3499
f 1178//3500 1952//3500 1180//3500
f 1180//3501 1952//3501 1951//3501
f 1180//3502 1951//3502 1182//3502
f 1182//3503 1951//3503 1950//3503
f 1182//3504 1950//3504 1184//3504
f 1184//3505 1950//3505 1949//3505
f 1184//3506 1949//3489 1175//3488
f 1678//3507 1949//3507 1679//3507
f 1679//3508 1949//3508 1950//3508
f 1679//3509 1950//3509 1681//3509
f 1681//3510 1950//3510 1951//3510
f 1681//3511 1951//3511 1682//3511
f 1682//3512 1951//3512 1952//3512
f 1682//3513 1952//3513 1676//3513
f 1676//3514 1952//3514 1677//3514
f 1317//3515 1318//3515 1945//3515
f 1317//3516 1945//3516 1083//3516
f 1083//3517 1945//3517 1084//3517
f 1315//3518 1317//3518 1091//3518
f 1091//3519 1317//3519 1083//3519
f 1313//3520 1315//3520 1098//3520
f 1098//3521 1315//3521 1091//3521
f 1952//3522 1953//3522 1677//3522
f 1953//3523 1952//3523 1634//3523
f 1178//3524 1634//3524 1952//3524
f 1313//3525 1098//3525 1097//3525
f 1094//3526 1093//3526 1954//3526
f 1313//3527 1097//3527 1637//3527
f 1637//3528 1097//3528 1096//3528
f 1637//3529 1096//3529 1638//3529
f 1638//3530 1096//3530 1094//3530
f 1638//3531 1094//3531 1640//3531
f 1640//3532 1094//3532 1954//3532
f 1093//3533 1677//3533 1954//3533
f 1954//3534 1677//3534 1953//3534
f 1954//3535 1953//3535 1634//3535
f 1955//3536 1956//3536 1957//3536
f 1957//3537 1956//3537 1958//3537
f 1957//3538 1958//3538 449//3538
f 449//3539 1958//3539 450//3539
f 200//3540 199//3540 1959//3540
f 1959//3541 199//3541 1956//3541
f 1959//3542 1956//3542 1955//3542
f 1960//3543 1115//3543 1961//3543
f 1960//3544 1961//3544 1962//3544
f 1960//3545 1962//3545 1963//3545
f 1960//3546 1963//3546 1964//3546
f 1964//3547 1963//3547 1965//3547
f 1964//3548 1965//3548 1319//3548
f 1319//3549 1965//3549 1320//3549
f 412//3550 598//3550 1966//3550
f 412//3551 1966//3551 414//3551
f 414//3552 1966//3552 600//3552
f 408//3553 603//3553 410//3553
f 410//3554 603//3554 1967//3554
f 410//3555 1967//3555 593//3555
f 393//3556 592//3556 1968//3556
f 393//3557 1968//3557 395//3557
f 395//3558 1968//3558 594//3558
f 400//3559 597//3559 402//3559
f 402//3560 597//3560 1969//3560
f 402//3561 1969//3561 599//3561
f 1283//3562 1386//3562 1285//3562
f 1285//3563 1386//3563 1970//3563
f 1285//3564 1970//3564 1382//3564
f 1264//3565 1375//3565 1971//3565
f 1264//3566 1971//3566 1266//3566
f 1266//3567 1971//3567 1383//3567
f 1269//3568 1381//3568 1972//3568
f 1269//3569 1972//3569 1271//3569
f 1271//3570 1972//3570 1377//3570
f 1276//3571 1380//3571 1278//3571
f 1278//3572 1380//3572 1973//3572
f 1278//3573 1973//3573 1376//3573
f 605//3574 404//3574 606//3575
f 606//3575 404//3574 413//3575
f 606//785 413//786 607//3576
f 607//3576 413//786 405//3577
f 607//3578 405//3579 608//3580
f 608//3580 405//3579 407//3581
f 608//3582 407//3583 609//3584
f 609//3584 407//3583 409//3585
f 609//794 409//794 610//3586
f 610//3586 409//794 411//3587
f 610//3588 411//3589 611//3590
f 611//3590 411//3589 392//3591
f 611//3592 392//3593 612//3594
f 612//3594 392//3593 394//3595
f 612//3596 394//3597 613//3598
f 613//3598 394//3597 396//3599
f 613//808 396//3600 614//810
f 614//810 396//3600 399//809
f 614//3601 399//3602 615//3603
f 615//3603 399//3602 401//3604
f 615//3605 401//3606 604//815
f 604//815 401//3606 403//3607
f 604//3608 403//3609 605//3610
f 605//3610 403//3609 404//818
f 1394//1879 1263//3611 1395//1879
f 1395//1879 1263//3611 1265//3612
f 1395//3613 1265//1882 1396//3614
f 1396//3614 1265//1882 1267//1884
f 1396//3615 1267//1887 1397//1887
f 1397//1887 1267//1887 1282//1887
f 1397//1888 1282//3616 1398//1888
f 1398//1888 1282//3616 1284//3617
f 1398//3618 1284//3618 1387//3619
f 1387//3619 1284//3618 1286//1894
f 1387//1895 1286//3620 1388//3621
f 1388//3621 1286//3620 1268//3622
f 1388//3623 1268//3624 1389//3625
f 1389//3625 1268//3624 1270//3626
f 1389//1862 1270//3627 1390//1861
f 1390//1861 1270//3627 1272//3628
f 1390//3629 1272//3630 1391//3631
f 1391//3631 1272//3630 1275//3632
f 1391//3633 1275//1867 1392//3634
f 1392//3634 1275//1867 1277//3635
f 1392//3636 1277//3637 1393//3638
f 1393//3638 1277//3637 1279//3639
f 1393//3640 1279//3641 1394//3642
f 1394//3642 1279//3641 1263//1875
f 1383//3643 1165//3644 1384//3645
f 1384//3645 1165//3644 1166//3646
f 1384//3647 1166//3648 1385//3649
f 1385//3649 1166//3648 1144//3650
f 1385//3651 1144//3651 1386//3652
f 1386//3652 1144//3651 1146//3653
f 1375//3654 1141//3654 1971//3654
f 1971//3655 1141//3655 1383//3655
f 1383//3656 1141//3656 1165//3656
f 1386//3657 1146//3657 1970//3657
f 1970//3658 1146//3658 1148//3658
f 1970//3659 1148//3659 1382//3659
f 1376//3660 1143//3660 1375//3660
f 1375//3661 1143//3661 1141//3661
f 1151//3662 1381//3662 1148//3662
f 1148//3663 1381//3663 1382//3663
f 1380//3664 1111//3664 1973//3664
f 1973//3665 1111//3665 1143//3665
f 1973//3666 1143//3666 1376//3666
f 1381//3667 1151//3667 1972//3667
f 1972//3668 1151//3668 1377//3668
f 1377//3669 1151//3669 1154//3669
f 1377//3670 1154//3671 1378//3672
f 1378//3672 1154//3671 1114//3673
f 1378//3674 1114//3675 1379//3676
f 1379//3676 1114//3675 1112//3677
f 1379//3678 1112//3679 1380//3678
f 1380//3678 1112//3679 1111//3678
f 594//3680 207//3681 595//3682
f 595//3682 207//3681 205//3683
f 595//3684 205//3685 596//3686
f 596//3686 205//3685 201//3687
f 596//3688 201//3689 597//3690
f 597//3690 201//3689 211//3691
f 597//3692 211//3692 1969//3692
f 1969//3693 211//3693 213//3693
f 1969//3694 213//3694 599//3694
f 592//3695 255//3695 1968//3695
f 1968//3696 255//3696 594//3696
f 594//3697 255//3697 207//3697
f 216//3698 598//3698 213//3698
f 213//3699 598//3699 599//3699
f 593//3700 256//3700 592//3700
f 592//3701 256//3701 255//3701
f 598//3702 216//3702 1966//3702
f 1966//3703 216//3703 600//3703
f 600//3704 216//3704 219//3704
f 603//3705 235//3705 1967//3705
f 1967//3706 235//3706 256//3706
f 1967//3707 256//3707 593//3707
f 600//3708 219//3709 601//3710
f 601//3710 219//3709 231//3710
f 601//3711 231//3712 602//3712
f 602//3712 231//3712 233//3713
f 602//3714 233//3715 603//3716
f 603//3716 233//3715 235//3716
f 1197//3717 316//3717 1196//3717
f 1198//3718 1194//3718 1196//3718
f 1206//3719 1201//3719 1205//3719
f 1210//3720 1209//3720 1192//3720
f 1192//3721 1209//3721 1145//3721
f 1145//3722 1209//3722 1207//3722
f 1145//3723 1207//3723 1147//3723
f 1147//3724 1207//3724 1203//3724
f 1147//3725 1203//3725 1149//3725
f 1149//3726 1203//3726 1205//3726
f 1149//3727 1205//3727 1150//3727
f 1150//3728 1205//3728 1201//3728
f 1150//3729 1201//3729 1152//3729
f 1152//3730 1201//3730 1199//3730
f 1152//3731 1199//3731 1153//3731
f 1153//3732 1199//3732 1198//3732
f 1198//3733 1196//3733 1156//3733
f 1156//3734 1196//3734 316//3734
f 1156//3735 316//3735 1113//3735
f 1113//3736 316//3736 1110//3736
f 1156//3737 1155//3737 1198//3737
f 1198//3738 1155//3738 1153//3738
f 1145//3739 1167//3739 1192//3739
f 1192//3740 1167//3740 1974//3740
f 320//3741 319//3741 1128//3741
f 320//3742 1128//3742 323//3742
f 323//3743 1128//3743 1121//3743
f 323//3744 1121//3744 324//3744
f 324//3745 1121//3745 1120//3745
f 324//3746 1120//3746 313//3746
f 313//3747 1120//3748 1119//3749
f 313//3747 1119//3749 314//3750
f 314//3751 1119//3751 1110//3751
f 314//3752 1110//3752 317//3752
f 316//3753 317//3753 1110//3753
f 1974//3754 1167//3754 1164//3754
f 1974//3755 1164//3755 1211//3755
f 1211//3756 1164//3756 1212//3756
f 1212//3757 1164//3757 1161//3757
f 1212//3758 1161//3758 96//3758
f 186//3759 1117//3759 327//3759
f 1130//3760 1128//3760 1975//3760
f 1975//3761 1128//3761 319//3761
f 1975//3762 325//3762 327//3762
f 1975//3763 327//3763 1130//3763
f 1130//3764 327//3764 1117//3764
f 1134//3765 1186//3765 103//3765
f 1134//3766 103//3766 1137//3766
f 1137//3767 103//3768 105//3769
f 1137//3767 105//3769 1124//3770
f 1124//3771 105//3771 107//3771
f 1124//3772 107//3772 1168//3772
f 1168//3773 107//3773 109//3773
f 1168//3774 109//3774 1162//3774
f 1162//3775 109//3775 98//3775
f 1162//3776 98//3776 97//3776
f 1162//3777 97//3777 1158//3777
f 1158//3778 97//3778 96//3778
f 1158//3779 96//3779 1161//3779
f 1976//3780 1115//3780 1117//3780
f 1117//3781 186//3781 1976//3781
f 1976//3782 186//3782 184//3782
f 181//3783 1976//3783 184//3783
f 1115//3784 1976//3784 1961//3784
f 1976//3785 181//3785 1961//3785
f 1961//3786 181//3786 180//3786
f 1961//3787 180//3787 1962//3787
f 1962//3788 180//3788 139//3788
f 1962//3789 139//3789 1963//3789
f 139//3790 137//3790 1963//3790
f 1963//3791 137//3791 1965//3791
f 1320//3792 1965//3792 137//3792
f 1115//3793 1960//3793 1125//3793
f 1125//3794 1960//3794 1132//3794
f 1964//3795 1319//3795 1977//3795
f 1977//3796 1319//3796 1185//3796
f 1960//3797 1964//3797 1977//3797
f 1960//3798 1977//3798 1132//3798
f 1978//3799 1781//3799 1189//3799
f 1189//3800 1781//3800 1782//3800
f 137//3801 136//3801 1979//3801
f 137//3802 1979//3802 1320//3802
f 1187//3803 1185//3803 1319//3803
f 1187//3804 1319//3804 1321//3804
f 1444//3805 1978//3805 1188//3805
f 1188//3806 1978//3806 1189//3806
f 1188//3807 1187//3807 1982//3807
f 1188//3808 1982//3808 1444//3808
f 1444//3809 1982//3809 1441//3809
f 1979//3810 136//3810 1734//3810
f 1734//3811 1736//3811 1981//3811
f 1981//3812 1736//3812 1735//3812
f 1979//3813 1734//3813 1981//3813
f 1981//3814 1735//3814 1321//3814
f 1187//3815 1321//3815 1982//3815
f 1982//3816 1321//3816 1441//3816
f 1441//3817 1321//3817 1980//3817
f 1437//3818 1980//3818 1735//3818
f 1735//3819 1980//3819 1321//3819
f 286//3820 276//3820 285//3820
f 294//3821 289//3821 293//3821
f 298//3822 297//3822 281//3822
f 281//3823 297//3823 210//3823
f 210//3824 297//3824 295//3824
f 210//3825 295//3825 212//3825
f 212//3826 295//3826 291//3826
f 212//3827 291//3827 214//3827
f 214//3828 291//3828 293//3828
f 214//3829 293//3829 215//3829
f 215//3830 293//3830 289//3830
f 215//3831 289//3831 217//3831
f 217//3832 289//3832 287//3832
f 217//3833 287//3833 218//3833
f 218//3834 287//3835 283//3836
f 218//3834 283//3836 229//3837
f 229//3838 283//3839 285//3840
f 229//3838 285//3840 230//3841
f 230//3842 285//3842 276//3842
f 230//3843 276//3843 232//3843
f 232//3844 276//3844 275//3844
f 232//3845 275//3845 234//3845
f 210//3846 203//3846 281//3846
f 281//3847 203//3847 202//3847
f 281//3848 202//3848 279//3848
f 192//3849 321//3849 322//3849
f 192//3850 322//3850 310//3850
f 192//3851 310//3851 308//3851
f 192//3852 308//3852 220//3852
f 220//3853 308//3853 306//3853
f 220//3854 306//3854 221//3854
f 221//3855 306//3855 305//3855
f 305//3856 303//3856 202//3856
f 202//3857 303//3857 279//3857
f 221//3858 305//3858 202//3858
f 275//3859 301//3859 234//3859
f 234//3860 301//3860 300//3860
f 234//3861 300//3862 228//3863
f 228//3863 300//3862 92//3864
f 228//3865 92//3865 224//3865
f 185//3866 326//3866 1983//3866
f 1983//3867 326//3867 197//3867
f 329//3868 321//3868 195//3868
f 195//3869 321//3869 192//3869
f 326//3870 328//3871 329//3872
f 326//3870 329//3872 195//3873
f 326//3874 195//3874 197//3874
f 102//3875 241//3875 239//3875
f 102//3876 239//3876 104//3876
f 104//3877 239//3877 238//3877
f 104//3878 238//3878 106//3878
f 106//3879 238//3880 253//3881
f 106//3879 253//3881 108//3882
f 108//3883 253//3883 254//3883
f 108//3884 254//3884 110//3884
f 110//3885 254//3885 111//3885
f 254//3886 224//3886 111//3886
f 111//3887 224//3887 94//3887
f 92//3888 94//3888 224//3888
f 182//3889 183//3889 200//3889
f 183//3890 185//3890 200//3890
f 197//3891 199//3891 1983//3891
f 1983//3892 199//3892 200//3892
f 1983//3893 200//3893 185//3893
f 449//3894 143//3895 142//3896
f 449//3894 142//3896 1957//3897
f 1957//3898 142//3899 141//3900
f 1957//3898 141//3900 1955//3901
f 141//3902 138//3902 1955//3902
f 1955//3903 138//3903 1959//3903
f 200//3904 1959//3904 182//3904
f 182//3905 1959//3905 138//3905
f 1013//3906 685//3906 274//3906
f 1013//3907 274//3907 1012//3907
f 199//3908 237//3908 1956//3908
f 1984//3909 237//3909 249//3909
f 273//3910 1958//3910 1956//3910
f 1984//3911 249//3911 273//3911
f 1984//3912 273//3912 1956//3912
f 1984//3913 1956//3913 237//3913
f 450//3914 1958//3914 273//3914
f 450//3915 273//3915 272//3915
f 145//3916 143//3916 449//3916
f 145//3917 449//3917 451//3917
f 685//3918 687//3918 1985//3918
f 685//3919 1985//3919 274//3919
f 687//3920 679//3920 1985//3920
f 1985//3921 679//3921 1990//3921
f 1985//3922 1990//3922 1986//3922
f 452//3923 272//3923 1986//3923
f 452//3924 450//3924 272//3924
f 969//3925 145//3925 451//3925
f 967//3926 969//3926 1987//3926
f 1987//3927 969//3927 451//3927
f 964//3928 967//3928 1988//3928
f 1988//3929 967//3929 1987//3929
f 1988//3930 1987//3930 451//3930
f 681//3931 964//3932 1989//3933
f 1989//3933 964//3932 1988//3934
f 679//3935 1989//3935 1990//3935
f 1986//3936 1990//3936 452//3936
f 452//3937 1990//3937 1989//3937
f 1988//3938 452//3938 1989//3938
f 681//3939 1989//3939 679//3939
f 245//3940 227//3940 1991//3940
f 245//3941 1991//3941 1992//3941
f 1992//3942 1991//3942 656//3942
f 1993//3943 236//3943 243//3943
f 662//3944 1993//3944 664//3944
f 664//3945 1993//3945 243//3945
f 664//3946 243//3946 666//3946
f 666//3947 243//3947 245//3947
f 666//3948 245//3948 668//3948
f 668//3949 245//3949 1992//3949
f 656//3950 1991//3950 658//3950
f 227//3951 226//3951 1991//3951
f 1991//3952 226//3952 658//3952
f 658//3953 226//3953 660//3953
f 226//3954 225//3954 660//3954
f 660//3955 225//3955 654//3955
f 250//3956 236//3956 1993//3956
f 250//3957 1993//3957 662//3957
f 250//3958 662//3958 653//3958
f 225//3959 252//3959 641//3959
f 225//3960 641//3960 654//3960
f 641//3961 252//3961 643//3961
f 643//3962 252//3962 251//3962
f 643//3963 251//3963 645//3963
f 645//3964 251//3964 240//3964
f 645//3965 240//3965 647//3965
f 647//3966 240//3966 242//3966
f 647//3967 242//3967 649//3967
f 649//3968 242//3968 250//3968
f 649//3969 250//3969 651//3969
f 651//3970 250//3970 653//3970
f 1421//3971 1419//3971 1107//3971
f 1107//3972 1419//3972 1169//3972
f 1421//3973 1107//3973 1423//3973
f 1423//3974 1107//3974 1135//3974
f 1423//3975 1135//3975 1425//3975
f 1425//3976 1135//3976 1126//3976
f 1425//3977 1126//3977 1427//3977
f 1427//3978 1126//3978 1994//3978
f 1414//3979 1995//3979 1416//3979
f 1163//3980 1169//3980 1995//3980
f 1995//3981 1169//3981 1416//3981
f 1416//3982 1169//3982 1418//3982
f 1169//3983 1419//3983 1418//3983
f 1400//3984 1994//3985 1133//3986
f 1133//3986 1994//3985 1126//3987
f 1414//3988 1412//3988 1122//3988
f 1414//3989 1122//3989 1995//3989
f 1995//3990 1122//3990 1163//3990
f 1400//3991 1133//3991 1402//3991
f 1402//3992 1133//3992 1139//3992
f 1402//3993 1139//3993 1404//3993
f 1404//3994 1139//3994 1138//3994
f 1404//3995 1138//3995 1406//3995
f 1406//3996 1138//3996 1123//3996
f 1406//3997 1123//3997 1408//3997
f 1408//3998 1123//3998 1122//3998
f 1408//3999 1122//3999 1410//3999
f 1410//4000 1122//4000 1412//4000
f 1432//4001 1413//4001 1415//4001
f 1432//4002 1415//4002 1429//4002
f 1429//4003 1415//4003 1417//4003
f 1429//4004 1417//4004 1996//4004
f 1435//4005 1429//4005 1996//4005
f 1435//4006 1996//4006 1420//4006
f 1432//4007 1433//4007 1413//4007
f 1413//4008 1433//4008 1411//4008
f 1435//4009 1420//4009 1422//4009
f 1435//4010 1422//4010 1434//4010
f 1434//4011 1422//4011 1424//4011
f 1434//4012 1424//4012 1428//4012
f 1428//4013 1424//4013 1426//4013
f 1428//4014 1426//4014 1997//4014
f 1998//4015 1399//4015 1401//4015
f 1998//4016 1401//4016 1430//4016
f 1430//4017 1401//4017 1403//4017
f 1430//4018 1403//4019 1431//4020
f 1431//4020 1403//4019 1405//4021
f 1431//4022 1405//4022 1407//4022
f 1431//4023 1407//4023 1433//4023
f 1433//4024 1407//4024 1409//4024
f 1433//4025 1409//4025 1411//4025
f 1430//4026 1428//4026 1998//4026
f 1998//4027 1428//4027 1997//4027
f 1998//4028 1997//4028 1399//4028
f 674//4029 661//4029 663//4029
f 674//4030 663//4030 675//4030
f 675//4031 663//4031 665//4031
f 675//4032 665//4033 673//4034
f 673//4034 665//4033 667//4035
f 673//4036 667//4036 1999//4036
f 652//4037 661//4037 670//4037
f 670//4038 661//4038 674//4038
f 1999//4039 655//4039 671//4039
f 1999//4040 671//4040 673//4040
f 677//4041 640//4041 642//4041
f 677//4042 642//4042 676//4042
f 676//4043 642//4043 644//4043
f 676//4044 644//4044 669//4044
f 669//4045 644//4045 646//4045
f 669//4046 646//4046 648//4046
f 669//4047 648//4047 670//4047
f 670//4048 648//4048 650//4048
f 670//4049 650//4049 652//4049
f 671//4050 655//4050 657//4050
f 671//4051 657//4051 672//4051
f 672//4052 657//4052 659//4052
f 672//4053 659//4053 2000//4053
f 2000//4054 640//4054 677//4054
f 2000//4055 677//4055 672//4055
f 720//4056 719//4056 702//4056
f 702//4057 719//4057 703//4057
f 703//4058 719//4058 2001//4058
f 715//4059 2002//4059 2003//4059
f 851//4060 2003//4060 2004//4060
f 851//4061 2004//4061 852//4061
f 853//4062 852//4062 2005//4062
f 853//4063 2005//4063 2001//4063
f 2003//4064 2002//4064 705//4064
f 2003//4065 705//4065 2004//4065
f 852//4066 2004//4066 704//4066
f 852//4067 704//4067 2005//4067
f 2001//4068 2005//4068 703//4068
f 723//4069 846//4069 2006//4069
f 2006//4070 846//4070 702//4070
f 846//4071 720//4071 702//4071
f 715//4072 712//4072 706//4072
f 706//4073 705//4073 2002//4073
f 706//4074 2002//4074 715//4074
f 708//4075 706//4075 714//4075
f 714//4076 706//4076 712//4076
f 702//4077 707//4077 2006//4077
f 2006//4078 707//4078 2007//4078
f 2006//4079 2007//4079 725//4079
f 2006//4080 725//4080 723//4080
f 725//4081 2007//4081 707//4081
f 857//4082 725//4082 707//4082
f 857//4083 707//4084 859//4085
f 859//4085 707//4084 709//4086
f 859//4087 709//4087 861//4087
f 861//4088 709//4088 710//4088
f 861//4089 710//4089 864//4089
f 864//4090 710//4090 711//4090
f 864//4091 711//4091 866//4091
f 866//4092 711//4092 708//4092
f 866//4093 708//4093 714//4093
f 742//4094 739//4094 726//4094
f 735//4095 726//4095 2008//4095
f 2008//4096 726//4096 738//4096
f 738//4097 726//4097 739//4097
f 743//4098 742//4098 726//4098
f 743//4099 726//4099 730//4099
f 738//4100 751//4100 735//4100
f 738//4101 735//4101 2008//4101
f 822//4102 743//4102 730//4102
f 822//4103 730//4103 826//4103
f 826//4104 730//4104 737//4104
f 826//4105 737//4105 828//4105
f 828//4106 737//4106 736//4106
f 828//4107 736//4107 829//4107
f 829//4108 736//4108 731//4108
f 829//4109 731//4109 832//4109
f 832//4110 731//4110 727//4110
f 832//4111 727//4111 747//4111
f 747//4112 727//4112 2009//4112
f 751//4113 752//4113 735//4113
f 735//4114 752//4114 734//4114
f 727//4115 729//4115 2009//4115
f 2009//4116 729//4116 2010//4116
f 2009//4117 2010//4117 748//4117
f 747//4118 2009//4118 748//4118
f 835//4119 2010//4119 729//4119
f 835//4120 729//4121 837//4122
f 837//4122 729//4121 728//4123
f 837//4124 728//4124 839//4124
f 839//4125 728//4125 733//4125
f 839//4126 733//4127 842//4128
f 842//4128 733//4127 732//4129
f 842//4130 732//4130 844//4130
f 844//4131 732//4131 734//4131
f 844//4132 734//4132 752//4132
f 810//4133 776//4133 755//4133
f 810//4134 755//4134 813//4134
f 813//4135 755//4135 754//4135
f 813//4136 754//4136 815//4136
f 815//4137 754//4137 763//4137
f 815//4138 763//4139 817//4140
f 817//4140 763//4139 762//4141
f 817//4142 762//4142 820//4142
f 820//4143 762//4143 759//4143
f 820//4144 759//4144 764//4144
f 776//4145 775//4145 2011//4145
f 776//4146 2011//4146 755//4146
f 755//4147 2011//4147 760//4147
f 761//4148 2012//4148 2013//4148
f 2013//4149 766//4149 758//4149
f 2013//4150 758//4150 761//4150
f 759//4151 758//4151 764//4151
f 764//4152 758//4152 766//4152
f 775//4153 774//4153 2011//4153
f 2011//4154 774//4154 760//4154
f 757//4155 769//4155 2014//4155
f 803//4156 2015//4156 2016//4156
f 803//4157 2016//4157 801//4157
f 801//4158 2016//4158 2017//4158
f 801//4159 2017//4159 806//4159
f 806//4160 2017//4160 2014//4160
f 806//4161 2014//4161 769//4161
f 2015//4162 2012//4162 761//4162
f 2015//4163 761//4163 2016//4163
f 756//4164 760//4165 774//4166
f 756//4164 774//4166 771//4167
f 770//4168 769//4168 2018//4168
f 2018//4169 769//4169 757//4169
f 2018//4170 757//4170 756//4170
f 771//4171 807//4171 756//4171
f 2018//4172 756//4172 807//4172
f 2018//4173 807//4173 770//4173
f 434//4174 570//4174 2019//4174
f 790//4175 434//4175 2019//4175
f 790//4176 2019//4176 792//4176
f 792//4177 2019//4177 2020//4177
f 792//4178 2020//4178 795//4178
f 795//4179 2020//4179 2021//4179
f 795//4180 2021//4180 797//4180
f 419//4181 797//4181 2022//4181
f 797//4182 2021//4182 574//4182
f 797//4183 574//4183 2022//4183
f 570//4184 434//4184 432//4184
f 428//4185 2023//4185 426//4185
f 426//4186 2023//4186 572//4186
f 426//4187 572//4187 436//4187
f 436//4188 572//4188 566//4188
f 436//4189 566//4190 431//4191
f 431//4191 566//4190 568//4192
f 431//4193 568//4193 432//4193
f 432//4194 568//4194 570//4194
f 572//4195 2023//4195 573//4195
f 417//4196 419//4196 2022//4196
f 417//4197 2022//4197 569//4197
f 424//4198 2024//4198 781//4198
f 782//4199 781//4199 2025//4199
f 782//4200 2025//4200 785//4200
f 785//4201 2025//4201 2026//4201
f 785//4202 2026//4202 787//4202
f 428//4203 787//4203 2023//4203
f 781//4204 2024//4204 564//4204
f 781//4205 564//4205 2025//4205
f 787//4206 2026//4206 573//4206
f 787//4207 573//4207 2023//4207
f 438//4208 417//4208 569//4208
f 424//4209 422//4209 2024//4209
f 2024//4210 422//4210 571//4210
f 567//4211 565//4211 439//4211
f 439//4212 565//4212 444//4212
f 569//4213 567//4213 438//4213
f 438//4214 567//4214 439//4214
f 422//4215 779//4215 565//4215
f 422//4216 565//4216 571//4216
f 779//4217 444//4217 565//4217
f 588//4218 455//4218 891//4218
f 588//4219 891//4219 590//4219
f 590//4220 891//4220 900//4220
f 590//4221 900//4221 898//4221
f 590//4222 898//4222 591//4222
f 591//4223 898//4223 895//4223
f 591//4224 895//4224 589//4224
f 589//4225 895//4225 897//4225
f 589//4226 897//4226 892//4226
f 589//4227 892//4227 583//4227
f 583//4228 892//4228 894//4228
f 583//4229 894//4229 264//4229
f 270//4230 271//4230 2027//4230
f 2027//4231 271//4231 263//4231
f 575//4232 580//4232 268//4232
f 576//4233 575//4233 2027//4233
f 2027//4234 575//4234 270//4234
f 270//4235 575//4235 268//4235
f 264//4236 268//4237 583//4238
f 583//4238 268//4237 580//4239
f 453//4240 455//4240 587//4240
f 587//4241 455//4241 588//4241
f 2027//4242 263//4242 576//4242
f 576//4243 263//4243 877//4243
f 576//4244 877//4244 586//4244
f 586//4245 877//4245 875//4245
f 586//4246 875//4246 585//4246
f 585//4247 875//4247 872//4247
f 585//4248 872//4248 577//4248
f 577//4249 872//4249 871//4249
f 577//4250 871//4250 2028//4250
f 579//4251 258//4251 889//4251
f 579//4252 889//4252 584//4252
f 584//4253 889//4253 885//4253
f 584//4254 885//4254 887//4254
f 581//4255 887//4255 884//4255
f 581//4256 884//4256 582//4256
f 582//4257 884//4257 882//4257
f 582//4258 882//4258 881//4258
f 582//4259 881//4259 587//4259
f 587//4260 881//4260 879//4260
f 587//4261 879//4261 453//4261
f 584//4262 887//4262 581//4262
f 578//4263 577//4263 2029//4263
f 2029//4264 577//4264 2028//4264
f 2029//4265 2028//4265 445//4265
f 259//4266 258//4266 578//4266
f 578//4267 258//4267 579//4267
f 578//4268 2029//4268 868//4268
f 578//4269 868//4269 259//4269
f 2029//4270 445//4270 868//4270
f 1365//4271 1314//4271 1641//4271
f 1365//4272 1641//4272 1369//4272
f 1369//4273 1641//4273 1639//4273
f 1369//4274 1639//4274 1368//4274
f 1368//4275 1639//4275 1636//4275
f 1368//4276 1636//4276 1363//4276
f 1363//4277 1636//4277 1635//4277
f 1363//4278 1635//4278 2030//4278
f 2030//4279 1635//4279 1177//4279
f 1316//4280 1314//4280 2031//4280
f 2031//4281 1314//4281 1365//4281
f 2031//4282 1365//4282 1364//4282
f 1176//4283 2032//4283 1361//4283
f 2030//4284 1177//4284 1179//4284
f 1183//4285 1176//4285 1361//4285
f 1183//4286 1361//4286 1181//4286
f 1181//4287 1361//4287 1370//4287
f 1181//4288 1370//4288 1179//4288
f 1179//4289 1370//4289 2030//4289
f 1363//4290 2030//4290 1370//4290
f 1361//4291 2032//4291 1373//4291
f 2031//4292 1632//4292 1316//4292
f 2031//4293 1364//4293 1172//4293
f 2031//4294 1172//4294 1632//4294
f 2032//4295 1176//4295 1663//4295
f 2032//4296 1663//4296 1373//4296
f 1373//4297 1663//4297 1665//4297
f 1373//4298 1665//4299 1374//4300
f 1374//4300 1665//4299 1667//4301
f 1374//4302 1667//4302 1661//4302
f 1374//4303 1661//4303 1372//4303
f 1372//4304 1661//4304 1660//4304
f 1372//4305 1660//4305 1658//4305
f 1372//4306 1658//4306 1366//4306
f 1366//4307 1658//4307 1657//4307
f 1366//4308 1657//4308 1322//4308
f 1364//4309 1362//4309 1172//4309
f 1172//4310 1362//4310 1173//4310
f 1371//4311 1366//4311 1323//4311
f 1323//4312 1366//4312 1322//4312
f 1371//4313 1323//4313 1654//4313
f 1371//4314 1654//4314 1359//4314
f 1359//4315 1654//4315 1652//4315
f 1359//4316 1652//4316 1650//4316
f 1359//4317 1650//4317 1360//4317
f 1360//4318 1650//4318 1646//4318
f 1360//4319 1646//4319 1367//4319
f 1367//4320 1646//4320 1648//4320
f 1367//4321 1648//4321 1642//4321
f 1362//4322 1642//4322 1643//4322
f 1362//4323 1643//4323 1173//4323
f 1367//4324 1642//4324 1362//4324
f 1306//4325 1350//4325 2033//4325
f 1542//4326 1306//4326 2033//4326
f 1542//4327 2033//4327 1544//4327
f 1544//4328 2033//4328 2034//4328
f 1544//4329 2034//4329 1547//4329
f 1547//4330 2034//4330 2035//4330
f 1547//4331 2035//4331 1549//4331
f 1549//4332 2035//4332 2036//4332
f 1549//4333 2036//4333 1293//4333
f 1293//4334 2036//4334 2037//4334
f 2037//4335 1354//4335 2038//4335
f 2037//4336 2038//4336 1293//4336
f 1355//4337 1305//4337 1352//4337
f 1352//4338 1305//4338 1297//4338
f 1352//4339 1297//4340 1353//4341
f 1353//4341 1297//4340 1298//4342
f 1353//4343 1298//4343 1357//4343
f 1357//4344 1298//4344 1302//4344
f 1357//4345 1302//4345 1300//4345
f 1355//4346 1350//4346 1305//4346
f 1305//4347 1350//4347 1306//4347
f 1307//4348 1540//4348 1354//4348
f 2038//4349 1354//4349 1540//4349
f 1289//4350 2039//4350 2040//4350
f 1553//4351 2040//4351 2041//4351
f 1553//4352 2041//4352 1555//4352
f 1555//4353 2041//4353 2042//4353
f 1555//4354 2042//4354 1558//4354
f 1558//4355 2042//4355 2043//4355
f 1558//4356 2043//4356 1300//4356
f 1300//4357 2043//4357 1357//4357
f 2040//4358 2039//4358 1356//4358
f 2040//4359 1356//4359 2041//4359
f 1308//4360 1307//4360 1351//4360
f 1351//4361 1307//4361 1354//4361
f 1312//4362 1308//4362 1358//4362
f 1358//4363 1308//4363 1351//4363
f 1356//4364 2039//4364 1358//4365
f 1358//4366 2039//4366 1288//4366
f 1288//4367 2039//4367 1289//4367
f 1288//4368 1312//4368 1358//4368
f 1531//4369 1536//4369 1511//4369
f 1536//4370 2044//4370 1511//4370
f 2045//4371 1511//4371 1513//4371
f 2045//4372 1531//4372 1511//4372
f 1533//4373 1531//4373 2045//4373
f 1511//4374 2044//4374 1510//4374
f 1510//4375 2044//4375 1535//4375
f 1536//4376 1535//4376 2044//4376
f 1528//4377 1568//4377 1513//4377
f 1533//4378 2045//4378 1568//4378
f 1568//4379 2045//4379 1513//4379
f 1571//4380 1518//4380 1509//4380
f 1571//4381 1509//4382 1573//4383
f 1573//4383 1509//4382 1508//4384
f 1573//4385 1508//4386 1575//4385
f 1575//4385 1508//4386 1516//4387
f 1575//4388 1516//4388 1578//4388
f 1578//4389 1516//4389 1517//4389
f 1578//4390 1517//4390 1580//4390
f 1580//4391 1517//4391 1510//4391
f 1580//4392 1510//4392 1535//4392
f 1513//4393 1515//4393 2046//4393
f 1513//4394 2046//4394 1528//4394
f 1528//4395 2046//4395 1526//4395
f 1522//4396 1524//4396 1512//4396
f 1512//4397 1524//4397 2047//4397
f 1512//4398 2047//4398 1514//4398
f 1512//4399 2048//4399 1522//4399
f 1522//4400 2048//4400 1520//4400
f 1518//4401 1520//4401 2048//4401
f 1518//4402 2048//4402 1509//4402
f 1509//4403 2048//4403 1512//4403
f 1526//4404 2046//4404 2049//4404
f 1559//4405 2049//4405 2050//4405
f 1559//4406 2050//4406 1564//4406
f 1564//4407 2050//4407 2051//4407
f 1564//4408 2051//4408 1562//4408
f 1524//4409 1562//4409 2047//4409
f 2049//4410 2046//4410 1515//4410
f 2049//4411 1515//4411 2050//4411
f 1562//4412 2051//4412 1514//4412
f 1562//4413 1514//4413 2047//4413
f 1506//4414 1494//4414 1480//4414
f 1480//4415 1484//4415 2052//4415
f 1480//4416 2052//4416 1506//4416
f 1480//4417 2053//4417 1489//4417
f 1480//4418 1493//4418 2053//4418
f 1494//4419 1493//4419 1480//4419
f 1596//4420 2052//4420 1484//4420
f 1596//4421 1484//4422 1598//4423
f 1598//4423 1484//4422 1487//4424
f 1598//4425 1487//4426 1600//4427
f 1600//4427 1487//4426 1486//4428
f 1600//4429 1486//4429 1603//4429
f 1603//4430 1486//4430 1485//4430
f 1603//4431 1485//4431 1605//4431
f 1605//4432 1485//4432 1481//4432
f 1605//4433 1481//4433 1503//4433
f 1503//4434 1481//4434 2054//4434
f 1493//4435 1498//4435 2053//4435
f 1498//4436 1489//4436 2053//4436
f 1501//4437 1503//4437 2054//4437
f 1505//4438 1501//4438 2054//4438
f 1505//4439 2054//4439 1488//4439
f 1488//4440 2054//4440 1481//4440
f 1482//4441 1489//4441 1497//4441
f 1498//4442 1497//4442 1489//4442
f 1583//4443 1505//4443 1488//4443
f 1583//4444 1488//4445 1586//4446
f 1586//4446 1488//4445 1490//4447
f 1586//4448 1490//4449 1587//4450
f 1587//4450 1490//4449 1491//4451
f 1587//4452 1491//4452 1590//4452
f 1590//4453 1491//4453 1483//4453
f 1590//4454 1483//4454 1592//4454
f 1592//4455 1483//4455 1482//4455
f 1592//4456 1482//4456 1497//4456
f 1460//4457 2055//4457 1459//4457
f 2055//4458 1460//4458 1472//4458
f 2055//4459 1472//4459 1467//4459
f 1469//4460 1472//4460 1460//4460
f 1469//4461 1460//4461 1461//4461
f 2056//4462 1478//4462 1630//4462
f 1621//4463 1469//4463 1461//4463
f 1621//4464 1461//4464 1623//4464
f 1623//4465 1461//4465 1463//4465
f 1623//4466 1463//4466 1625//4466
f 1625//4467 1463//4467 1464//4467
f 1625//4468 1464//4468 1627//4468
f 1627//4469 1464//4469 1465//4469
f 1627//4470 1465//4470 1630//4470
f 1630//4471 1465//4471 1462//4471
f 1630//4472 1462//4472 2056//4472
f 1474//4473 2057//4473 1610//4473
f 1612//4474 1610//4474 2058//4474
f 1612//4475 2058//4475 1613//4475
f 1613//4476 2058//4476 2059//4476
f 1613//4477 2059//4477 1616//4477
f 1616//4478 2059//4478 2060//4478
f 1616//4479 2060//4479 1618//4479
f 1467//4480 1618//4480 2055//4480
f 1610//4481 2057//4481 1457//4481
f 1610//4482 1457//4482 2058//4482
f 1618//4483 2060//4483 1459//4483
f 1618//4484 1459//4484 2055//4484
f 1477//4485 1478//4485 2056//4485
f 1477//4486 2056//4486 1458//4486
f 1458//4487 2056//4487 1462//4487
f 1458//4488 1457//4488 2057//4488
f 1458//4489 2057//4489 2061//4489
f 2061//4490 2057//4490 1474//4490
f 2061//4491 1474//4491 1476//4491
f 1476//4492 1606//4492 2061//4492
f 1606//4493 1477//4493 1458//4493
f 2061//4494 1606//4494 1458//4494
f 1260//4495 1191//4495 1261//4495
f 1261//4496 1191//4496 1213//4496
f 95//4497 363//4497 1213//4497
f 1213//4498 363//4498 1261//4498
f 1191//4499 1260//4500 1242//4501
f 1191//4499 1242//4501 1193//4502
f 1193//4503 1242//4504 1256//4504
f 1193//4503 1256//4504 1208//4505
f 1208//4506 1256//4507 1255//4507
f 1208//4506 1255//4507 1204//4507
f 1204//4508 1255//4508 1253//4509
f 1204//4508 1253//4509 1202//4509
f 1202//4510 1253//4511 1251//4512
f 1202//4510 1251//4512 1200//4513
f 1200//4514 1251//4514 1249//4515
f 1200//4514 1249//4515 1195//4516
f 1195//4517 1249//4518 1246//4519
f 1195//4517 1246//4519 1190//4520
f 1190//4521 1246//4521 315//4521
f 390//4522 311//4522 312//4522
f 1259//4523 315//4523 1258//4523
f 1258//4524 315//4524 1246//4524
f 390//4525 312//4525 1259//4525
f 1259//4526 312//4526 315//4526
f 364//4527 360//4527 93//4527
f 277//4528 384//4528 302//4528
f 302//4529 384//4529 364//4529
f 302//4530 364//4530 299//4530
f 299//4531 364//4531 93//4531
f 280//4532 369//4532 282//4532
f 282//4533 369//4533 372//4533
f 282//4534 372//4534 296//4534
f 296//4535 372//4535 374//4536
f 296//4535 374//4536 292//4537
f 292//4538 374//4539 376//4540
f 292//4538 376//4540 290//4541
f 290//4542 376//4542 378//4543
f 290//4542 378//4543 288//4544
f 288//4545 378//4545 380//4546
f 288//4545 380//4546 284//4545
f 284//4547 380//4548 382//4549
f 284//4547 382//4549 278//4550
f 278//4551 382//4552 384//4551
f 278//4551 384//4551 277//4553
f 388//4554 369//4554 280//4554
f 280//4555 304//4555 388//4555
f 388//4556 304//4556 387//4556
f 387//4557 304//4557 307//4557
f 387//4558 307//4558 385//4558
f 385//4559 307//4559 309//4559
f 2062//4560 2063//4561 2064//4562
f 2065//4563 2066//4564 2062//4560
f 2062//4560 2066//4564 2063//4561
f 2068//4565 2067//4566 2069//4567
f 2068//4565 2069//4567 2070//4568
f 2070//4568 2069//4567 2065//4563
f 2065//4563 2069//4567 2066//4564
f 2067//4566 2068//4565 2071//4569
f 2067//4566 2071//4569 2072//4570
f 2073//4571 2074//4572 2075//4573
f 2076//4574 2077//4575 2078//4576
f 2078//4576 2077//4575 2079//4577
f 2078//4576 2079//4577 2073//4571
f 2073//4571 2079//4577 2074//4572
f 2074//4572 2080//4578 2075//4573
f 2075//4573 2080//4578 2081//4579
f 2072//4570 2071//4569 2081//4579
f 2072//4570 2081//4579 2080//4578
f 2088//4580 2082//4580 2390//4580
f 2083//4581 2084//4581 2086//4581
f 2090//4582 2087//4582 2088//4582
f 2085//4583 2086//4583 2084//4583
f 2085//4584 2084//4585 2392//4586
f 2089//4587 2395//4588 2394//4589
f 2089//4587 2394//4589 2393//4590
f 2089//4587 2393//4590 2084//4585
f 2084//4585 2393//4590 2392//4586
f 2390//4591 2090//4591 2088//4591
f 2088//4592 2087//4592 2083//4592
f 2088//4592 2083//4592 2086//4592
f 2399//4593 2091//4594 2400//4595
f 2400//4596 2091//4596 2092//4596
f 2400//4597 2092//4598 2401//4599
f 2401//4599 2092//4598 2402//4600
f 2402//4600 2092//4598 2090//4601
f 2402//4600 2090//4601 2390//4602
f 2089//4587 2093//4603 2395//4588
f 2395//4588 2093//4603 2094//4604
f 2093//4603 2095//4605 2094//4604
f 2094//4606 2095//4607 2397//4608
f 2397//4608 2095//4607 2096//4609
f 2397//4608 2096//4609 2398//4610
f 2398//4610 2096//4609 2399//4593
f 2399//4593 2096//4609 2091//4594
f 2154//4611 2097//4611 2098//4611
f 2098//4612 2097//4612 2099//4612
f 2098//4613 2099//4613 2100//4613
f 2100//4614 2099//4614 2101//4614
f 2100//4615 2101//4615 2102//4615
f 2102//4616 2101//4616 2103//4616
f 2102//4617 2103//4617 2104//4617
f 2104//4618 2103//4618 2105//4618
f 2104//4619 2105//4619 2106//4619
f 2106//4620 2105//4620 2107//4620
f 2106//4621 2107//4621 2108//4621
f 2108//4622 2107//4622 2109//4622
f 2108//4623 2109//4623 2110//4623
f 2110//4624 2109//4624 2111//4624
f 2110//4625 2111//4625 2112//4625
f 2112//4626 2111//4626 2113//4626
f 2112//4627 2113//4627 2114//4627
f 2114//4628 2113//4628 2115//4628
f 2114//4629 2115//4629 2116//4629
f 2116//4630 2115//4630 2117//4630
f 2116//4631 2117//4631 2118//4631
f 2118//4632 2117//4632 2119//4632
f 2118//4633 2119//4633 2120//4633
f 2120//4634 2119//4634 2121//4634
f 2120//4635 2121//4635 2122//4635
f 2122//4636 2121//4636 2123//4636
f 2122//4637 2123//4637 2124//4637
f 2124//4638 2123//4638 2125//4638
f 2124//4639 2125//4639 2126//4639
f 2126//4640 2125//4640 2127//4640
f 2126//4641 2127//4641 2128//4641
f 2128//4642 2127//4642 2129//4642
f 2128//4643 2129//4643 2135//4643
f 2135//4644 2129//4644 2130//4644
f 2135//4645 2130//4645 2415//4645
f 2131//4646 2132//4647 2133//4648
f 2133//4648 2132//4647 2134//4649
f 2145//4650 2146//4651 2139//4652
f 2139//4653 2146//4654 2140//4655
f 2138//4656 2137//4657 2141//4658
f 2141//4658 2137//4657 2142//4659
f 2141//4658 2142//4659 2143//4660
f 2136//4661 2144//4662 2135//4663
f 2139//4653 2140//4655 2136//4661
f 2136//4661 2140//4655 2144//4662
f 2137//4657 2138//4656 2145//4650
f 2145//4650 2138//4656 2146//4651
f 2143//4660 2142//4659 2147//4664
f 2143//4660 2147//4664 2148//4665
f 2148//4665 2147//4664 2149//4666
f 2149//4666 2147//4664 2150//4667
f 2149//4668 2150//4668 2154//4668
f 2151//4669 2152//4670 2150//4671
f 2150//4671 2152//4670 2153//4672
f 2150//4673 2153//4673 2154//4673
f 2156//4674 2155//4674 2150//4674
f 2150//4675 2155//4675 2151//4675
f 2155//4676 2156//4676 2157//4676
f 2159//4677 2158//4678 2160//4679
f 2155//4680 2157//4680 2158//4680
f 2155//4681 2158//4681 2159//4681
f 2159//4677 2160//4679 2161//4682
f 2414//4683 2161//4683 2162//4683
f 2162//4684 2161//4684 2163//4684
f 2161//4685 2414//4686 2413//4687
f 2161//4685 2413//4687 2159//4688
f 2136//4661 2135//4663 2161//4689
f 2161//4690 2135//4690 2163//4690
f 2164//4691 2165//4692 2166//4693
f 2166//4693 2165//4692 2167//4694
f 2166//4695 2167//4695 2168//4695
f 2168//4696 2167//4696 2169//4696
f 2169//4697 2170//4697 2168//4697
f 2168//4698 2170//4698 2171//4698
f 2171//4699 2170//4699 2172//4699
f 2171//4700 2172//4701 2173//4702
f 2173//4702 2172//4701 2174//4703
f 2173//4704 2174//4704 2175//4704
f 2175//4705 2174//4705 2176//4705
f 2175//4706 2176//4707 2177//4708
f 2177//4708 2176//4707 2178//4709
f 2177//4710 2178//4710 2179//4710
f 2179//4711 2178//4711 2180//4711
f 2180//4712 2181//4712 2179//4712
f 2179//4713 2181//4713 2182//4713
f 2182//4714 2181//4714 2183//4714
f 2182//4715 2183//4716 2184//4717
f 2184//4717 2183//4716 2185//4718
f 2184//4719 2185//4719 2186//4719
f 2184//4720 2186//4720 2187//4720
f 2186//4721 2188//4721 2187//4721
f 2187//4722 2188//4722 2189//4722
f 2187//4723 2189//4723 2190//4723
f 2190//4724 2189//4724 2191//4724
f 2190//4725 2191//4726 2192//4727
f 2191//4726 2193//4728 2192//4727
f 2192//4729 2193//4729 2194//4729
f 2192//4730 2194//4730 2195//4730
f 2195//4731 2194//4731 2196//4731
f 2195//4732 2196//4732 2197//4732
f 2197//4733 2196//4733 2198//4733
f 2197//4734 2198//4734 2199//4734
f 2199//4735 2198//4735 2200//4735
f 2199//4736 2200//4736 2201//4736
f 2201//4737 2200//4737 2202//4737
f 2201//4738 2202//4738 2203//4738
f 2391//4739 2204//4739 2203//4739
f 2391//4740 2203//4740 2202//4740
f 2207//4741 2206//4742 2208//4743
f 2207//4741 2208//4743 2209//4744
f 2205//4745 2210//4746 2211//4747
f 2210//4746 2212//4748 2211//4747
f 2211//4747 2212//4748 2213//4749
f 2211//4747 2213//4749 2214//4749
f 2214//4749 2213//4749 2215//4750
f 2214//4749 2215//4750 2216//4751
f 2216//4751 2215//4750 2217//4752
f 2216//4751 2217//4752 2218//4753
f 2218//4753 2217//4752 2219//4753
f 2218//4753 2219//4753 2220//4754
f 2220//4754 2219//4753 2221//350
f 2220//4754 2221//350 2222//4755
f 2222//4755 2221//350 2223//315
f 2222//4755 2223//315 2224//315
f 2222//4755 2224//315 2225//315
f 2225//315 2224//315 2226//315
f 2225//315 2226//315 2227//315
f 2227//315 2226//315 2228//4756
f 2227//315 2228//4756 2208//4743
f 2208//4743 2228//4756 2209//4744
f 2229//4757 2230//4758 2231//392
f 2231//392 2230//4758 2375//4759
f 2232//4760 2233//4761 2234//4762
f 2234//4762 2233//4761 2235//4763
f 2236//4764 2237//4765 2238//4766
f 2238//4766 2237//4765 2239//4767
f 2240//4768 2241//4769 2242//4770
f 2242//4770 2241//4769 2243//4771
f 2242//4770 2243//4771 2244//4772
f 2245//4773 2246//4774 2247//4775
f 2247//4775 2246//4774 2248//4776
f 2247//4775 2248//4776 2249//4777
f 2243//4771 2250//4778 2244//4772
f 2244//4772 2250//4778 2251//4779
f 2244//4772 2251//4779 2245//4773
f 2245//4773 2251//4779 2252//4780
f 2245//4773 2252//4780 2246//4774
f 2248//4776 2253//4781 2249//4777
f 2249//4777 2253//4781 2254//4782
f 2249//4777 2254//4782 2255//4783
f 2255//4783 2254//4782 2256//4784
f 2255//4783 2256//4784 2257//4785
f 2257//4785 2256//4784 2258//4786
f 2257//4785 2258//4786 2240//4768
f 2240//4768 2258//4786 2259//4787
f 2240//4768 2259//4787 2241//4769
f 2252//4788 2260//4788 2261//4788
f 2252//4789 2261//4789 2246//4789
f 2246//4790 2261//4790 2262//4790
f 2246//4791 2262//4791 2248//4791
f 2248//4792 2262//4792 2263//4792
f 2248//4793 2263//4793 2264//4793
f 2248//4794 2264//4794 2253//4794
f 2253//4795 2264//4795 2265//4795
f 2253//4796 2265//4796 2266//4796
f 2253//4797 2266//4797 2254//4797
f 2254//4798 2266//4798 2267//4798
f 2254//4799 2267//4799 2268//4799
f 2254//4800 2268//4800 2256//4800
f 2256//4801 2268//4801 2269//4801
f 2256//4802 2269//4802 2270//4802
f 2256//4803 2270//4803 2258//4803
f 2258//4804 2270//4804 2271//4804
f 2258//4805 2271//4805 2272//4805
f 2258//4806 2272//4806 2259//4806
f 2259//4807 2272//4807 2273//4807
f 2259//4808 2273//4808 2274//4808
f 2259//4809 2274//4809 2241//4809
f 2241//4810 2274//4810 2275//4810
f 2241//4811 2275//4811 2276//4811
f 2241//4812 2276//4812 2243//4812
f 2243//4813 2276//4813 2277//4813
f 2243//4814 2277//4814 2250//4814
f 2250//4815 2277//4815 2278//4815
f 2250//4816 2278//4816 2279//4816
f 2250//4817 2279//4817 2251//4817
f 2251//4818 2279//4818 2280//4818
f 2251//4819 2280//4819 2252//4819
f 2252//4820 2280//4820 2260//4820
f 2281//315 2282//315 2283//315
f 2281//315 2283//315 2284//315
f 2284//315 2283//315 2285//315
f 2284//315 2285//315 2286//315
f 2284//315 2286//315 2287//315
f 2288//315 2289//315 2290//315
f 2288//315 2290//315 2291//315
f 2291//315 2290//315 2292//315
f 2291//315 2292//315 2293//315
f 2291//315 2293//315 2294//315
f 2286//315 2295//315 2287//315
f 2287//315 2295//315 2296//315
f 2287//315 2296//315 2297//315
f 2287//315 2297//315 2298//315
f 2298//315 2297//315 2299//315
f 2298//315 2299//315 2288//315
f 2288//315 2299//315 2300//315
f 2288//315 2300//315 2289//315
f 2293//315 2301//315 2294//315
f 2294//315 2301//315 2302//315
f 2294//315 2302//315 2303//315
f 2294//315 2303//315 2304//315
f 2304//315 2303//315 2305//315
f 2304//315 2305//315 2281//315
f 2281//315 2305//315 2306//315
f 2281//315 2306//315 2282//315
f 2307//4821 2300//4822 2299//4823
f 2300//4824 2307//4824 2308//4824
f 2300//4825 2308//4825 2289//4825
f 2289//4826 2308//4826 2309//4826
f 2289//4827 2309//4827 2290//4827
f 2290//4828 2309//4828 2310//4828
f 2290//4829 2310//4829 2292//4829
f 2292//4830 2310//4830 2311//4830
f 2292//4831 2311//4831 2293//4831
f 2293//4832 2311//4832 2312//4832
f 2293//4833 2312//4833 2301//4833
f 2301//4834 2312//4834 2313//4834
f 2301//4835 2313//4835 2302//4835
f 2302//4836 2313//4836 2314//4836
f 2302//4837 2314//4837 2303//4837
f 2303//4838 2314//4838 2315//4838
f 2303//4839 2315//4839 2305//4839
f 2305//4840 2315//4840 2306//4840
f 2315//4841 2316//4841 2306//4841
f 2306//4842 2316//4842 2282//4842
f 2316//4843 2317//4843 2282//4843
f 2282//4844 2317//4844 2283//4844
f 2317//4845 2318//4845 2283//4845
f 2283//4846 2318//4846 2285//4846
f 2318//4847 2319//4847 2285//4847
f 2285//4848 2319//4848 2286//4848
f 2319//4849 2320//4849 2286//4849
f 2286//4850 2320//4850 2295//4850
f 2320//4851 2321//4851 2295//4851
f 2295//4852 2321//4852 2296//4852
f 2321//4853 2322//4853 2296//4853
f 2296//4854 2322//4854 2297//4854
f 2322//4855 2323//4855 2297//4855
f 2297//4856 2323//4857 2299//4858
f 2299//4858 2323//4857 2324//4859
f 2299//4823 2324//4860 2307//4821
f 2280//4861 2161//4861 2260//4861
f 2260//4862 2161//4863 2325//4864
f 2260//4862 2325//4864 2261//4865
f 2261//4866 2325//4866 2160//4866
f 2261//4867 2160//4867 2262//4867
f 2262//4868 2160//4868 2263//4868
f 2263//4869 2160//4869 2158//4869
f 2263//4870 2158//4870 2264//4870
f 2264//4871 2158//4871 2326//4871
f 2264//4872 2326//4872 2265//4872
f 2265//4873 2326//4873 2327//4873
f 2265//4874 2327//4874 2266//4874
f 2266//4875 2327//4875 2267//4875
f 2267//4876 2327//4876 2156//4876
f 2267//4877 2156//4877 2268//4877
f 2268//4878 2156//4878 2328//4878
f 2268//4879 2328//4879 2269//4879
f 2269//4880 2328//4880 2329//4880
f 2269//4881 2329//4881 2270//4881
f 2270//4882 2329//4882 2147//4882
f 2270//4883 2147//4883 2271//4883
f 2271//4884 2147//4884 2142//4884
f 2271//4885 2142//4885 2272//4885
f 2272//4886 2142//4886 2273//4886
f 2273//4887 2142//4887 2137//4887
f 2273//4888 2137//4888 2330//4888
f 2273//4889 2330//4889 2274//4889
f 2274//4890 2330//4890 2275//4890
f 2275//4891 2330//4891 2331//4891
f 2275//4892 2331//4892 2276//4892
f 2276//4893 2331//4893 2277//4893
f 2277//4894 2331//4894 2139//4894
f 2277//4895 2139//4895 2278//4895
f 2278//4896 2139//4897 2332//4896
f 2278//4896 2332//4896 2279//4898
f 2279//4899 2332//4899 2280//4899
f 2280//4900 2332//4900 2161//4900
f 2325//4901 2161//4901 2160//4901
f 2326//4902 2158//4902 2157//4902
f 2326//4903 2157//4903 2327//4903
f 2327//4904 2157//4904 2156//4904
f 2328//4905 2156//4905 2150//4905
f 2328//4906 2150//4906 2329//4906
f 2329//4907 2150//4907 2147//4907
f 2330//4908 2137//4908 2145//4908
f 2330//4909 2145//4909 2331//4909
f 2331//4910 2145//4910 2139//4910
f 2139//4911 2136//4911 2332//4911
f 2332//4912 2136//4912 2161//4912
f 2333//4913 2294//4913 2304//4913
f 2294//4914 2333//4914 2334//4914
f 2294//4915 2334//4915 2335//4915
f 2294//4916 2335//4916 2291//4916
f 2291//4917 2335//4917 2336//4917
f 2291//4918 2336//4918 2288//4918
f 2336//4919 2337//4919 2288//4919
f 2337//4920 2338//4920 2288//4920
f 2288//4921 2338//4921 2298//4921
f 2298//4922 2338//4922 2339//4922
f 2298//4923 2339//4923 2287//4923
f 2287//4924 2339//4924 2340//4924
f 2287//4925 2340//4925 2341//4925
f 2287//4926 2341//4926 2284//4926
f 2284//4927 2341//4927 2342//4927
f 2284//4928 2342//4928 2281//4928
f 2342//4929 2343//4929 2281//4929
f 2343//4930 2344//4930 2281//4930
f 2281//4931 2344//4931 2304//4931
f 2304//4932 2344//4932 2333//4932
f 2344//4933 2343//4933 2244//4933
f 2244//4934 2343//4934 2242//4934
f 2343//4935 2342//4935 2242//4935
f 2242//4936 2342//4936 2240//4936
f 2342//4937 2341//4937 2240//4937
f 2341//4938 2340//4938 2240//4938
f 2240//4939 2340//4939 2257//4939
f 2340//4940 2339//4940 2257//4940
f 2257//4941 2339//4941 2338//4941
f 2257//4942 2338//4942 2255//4942
f 2338//4943 2337//4943 2255//4943
f 2255//4944 2337//4944 2249//4944
f 2337//4945 2336//4945 2249//4945
f 2249//4946 2336//4946 2247//4946
f 2336//4947 2335//4947 2247//4947
f 2335//4948 2334//4948 2247//4948
f 2247//4949 2334//4949 2245//4949
f 2334//4950 2333//4950 2245//4950
f 2245//4951 2333//4951 2344//4951
f 2245//4952 2344//4952 2244//4952
f 2346//4953 2345//4953 2152//4953
f 2152//4954 2347//4954 2346//4954
f 2346//4955 2347//4955 2348//4955
f 2152//4956 2349//4957 2347//4958
f 2151//4959 2349//4957 2152//4956
f 2133//4960 2134//4960 2350//4960
f 2350//4961 2134//4961 2351//4961
f 2350//4962 2351//4962 2151//4962
f 2151//4963 2351//4963 2349//4963
f 2345//4964 2346//4964 2352//4964
f 2352//4965 2346//4965 2353//4965
f 2352//4966 2353//4966 2154//4966
f 2154//4967 2353//4967 2097//4967
f 2132//4968 2131//4968 2354//4968
f 2354//4969 2131//4969 2355//4969
f 2354//4970 2355//4970 2358//4970
f 2358//4971 2355//4971 2356//4971
f 2357//4972 2361//4972 2358//4972
f 2357//4973 2358//4973 2356//4973
f 2359//4974 2360//4974 2361//4974
f 2415//4975 2130//4975 2416//4975
f 2416//4976 2130//4976 2362//4976
f 2361//4977 2357//4977 2359//4977
f 2359//4978 2357//4978 2162//4978
f 2359//4979 2162//4979 2416//4979
f 2359//4980 2416//4980 2362//4980
f 2373//4981 2363//4981 2364//4981
f 2364//4982 2363//4982 2365//4982
f 2364//4983 2365//4983 2366//4983
f 2366//4984 2365//4984 2367//4984
f 2366//4985 2367//4985 2368//4985
f 2368//4986 2367//4986 2369//4986
f 2369//4987 2367//4987 2370//4987
f 2369//4988 2370//4988 2371//4988
f 2233//4989 2232//4989 2372//4989
f 2372//4990 2232//4990 2363//4990
f 2372//4991 2363//4991 2373//4991
f 2371//4992 2370//4992 2374//4992
f 2374//4993 2370//4993 2231//4993
f 2374//4994 2231//4994 2375//4994
f 2237//4995 2236//4995 2376//4995
f 2376//4996 2236//4996 2377//4996
f 2376//4997 2377//4997 2378//4997
f 2378//4998 2377//4998 2379//4998
f 2379//4999 2377//4999 2234//4999
f 2379//5000 2234//5000 2235//5000
f 2230//5001 2229//5001 2380//5001
f 2380//5002 2229//5002 2381//5002
f 2380//5003 2381//5003 2382//5003
f 2382//5004 2381//5004 2238//5004
f 2382//5005 2238//5005 2239//5005
f 2085//5006 2386//5006 2086//5006
f 2086//5007 2386//5007 2351//5007
f 2086//5008 2351//5008 2134//5008
f 2165//5009 2164//5009 2383//5009
f 2165//5010 2383//5010 2384//5010
f 2384//5011 2383//5011 2385//5011
f 2385//5012 2383//5012 2348//5012
f 2385//5013 2348//5013 2347//5013
f 2088//5014 2086//5014 2134//5014
f 2088//5015 2134//5015 2132//5015
f 2385//5016 2347//5016 2349//5016
f 2385//5017 2349//5017 2386//5017
f 2384//5018 2385//5018 2386//5018
f 2349//5019 2351//5019 2386//5019
f 2165//5020 2384//5020 2387//5020
f 2387//5021 2384//5021 2386//5021
f 2387//5022 2386//5022 2085//5022
f 2354//5023 2358//5024 2388//5025
f 2388//5026 2088//5026 2354//5026
f 2354//5027 2088//5027 2132//5027
f 2088//5028 2388//5028 2082//5028
f 2165//5029 2387//5029 2167//5029
f 2167//5030 2387//5030 2392//5030
f 2167//5031 2392//5031 2169//5031
f 2169//5032 2392//5032 2170//5032
f 2172//5033 2170//5033 2393//5033
f 2172//5034 2393//5034 2174//5034
f 2176//5035 2174//5035 2394//5035
f 2176//5036 2394//5036 2395//5036
f 2176//5037 2395//5037 2178//5037
f 2178//5038 2395//5038 2180//5038
f 2181//5039 2180//5039 2183//5039
f 2183//5040 2180//5040 2396//5040
f 2183//5041 2396//5041 2185//5041
f 2186//5042 2185//5042 2397//5042
f 2186//5043 2397//5043 2188//5043
f 2189//5044 2188//5044 2398//5044
f 2189//5045 2398//5045 2191//5045
f 2193//5046 2191//5046 2399//5046
f 2193//5047 2399//5047 2194//5047
f 2194//5048 2399//5048 2400//5048
f 2194//5049 2400//5049 2196//5049
f 2196//5050 2400//5050 2401//5050
f 2196//5051 2401//5051 2198//5051
f 2198//5052 2401//5052 2200//5052
f 2202//5053 2200//5053 2402//5053
f 2202//5054 2402//5054 2390//5054
f 2202//5055 2390//5055 2391//5055
f 2391//5056 2390//5056 2389//5056
f 2170//5057 2392//5057 2393//5057
f 2174//5058 2393//5058 2394//5058
f 2180//5059 2395//5059 2094//5059
f 2180//5060 2094//5060 2396//5060
f 2185//5061 2396//5061 2397//5061
f 2188//5062 2397//5062 2398//5062
f 2191//5063 2398//5063 2399//5063
f 2200//5064 2401//5064 2402//5064
f 2389//5065 2390//5065 2082//5065
f 2387//5066 2085//5066 2392//5066
f 2396//5067 2094//5067 2397//5067
f 2388//5025 2358//5024 2403//5068
f 2403//5069 2358//5069 2361//5069
f 2403//5070 2361//5070 2404//5070
f 2082//5071 2388//5071 2403//5071
f 2082//5072 2403//5072 2389//5072
f 2389//5073 2403//5073 2404//5073
f 2389//5074 2404//5074 2391//5074
f 2204//5075 2391//5076 2404//5077
f 2204//5075 2404//5077 2405//5078
f 2405//5079 2404//5079 2361//5079
f 2405//5080 2361//5080 2360//5080
f 2406//5081 2371//5081 2092//5081
f 2092//5082 2371//5082 2374//5082
f 2092//5083 2374//5083 2375//5083
f 2091//5084 2406//5084 2092//5084
f 2375//5085 2230//5086 2092//5087
f 2092//5087 2230//5086 2407//5088
f 2092//5089 2407//5089 2090//5089
f 2093//5090 2373//5090 2408//5090
f 2408//5091 2373//5091 2364//5091
f 2408//5092 2364//5092 2409//5092
f 2409//5093 2364//5093 2366//5093
f 2409//5094 2366//5094 2096//5094
f 2096//5095 2366//5095 2368//5095
f 2096//5096 2368//5096 2091//5096
f 2091//5097 2368//5097 2369//5097
f 2091//5098 2369//5098 2406//5098
f 2406//5099 2369//5099 2371//5099
f 2095//5100 2093//5100 2408//5100
f 2095//5101 2408//5101 2409//5101
f 2095//5102 2409//5102 2096//5102
f 2090//5103 2410//5103 2087//5103
f 2410//5104 2380//5104 2382//5104
f 2410//5105 2382//5105 2087//5105
f 2087//5106 2382//5106 2239//5106
f 2230//5107 2380//5107 2410//5107
f 2230//5108 2410//5108 2407//5108
f 2407//5109 2410//5109 2090//5109
f 2089//5110 2233//5110 2372//5110
f 2089//5111 2372//5111 2093//5111
f 2093//5112 2372//5112 2373//5112
f 2239//5113 2237//5113 2087//5113
f 2087//5114 2237//5114 2083//5114
f 2235//5115 2233//5115 2411//5115
f 2411//5116 2233//5116 2089//5116
f 2411//5117 2089//5117 2084//5117
f 2084//5118 2083//5118 2412//5118
f 2083//5119 2376//5119 2412//5119
f 2412//5120 2376//5120 2378//5120
f 2412//5121 2378//5121 2379//5121
f 2084//5122 2412//5122 2411//5122
f 2411//5123 2412//5123 2379//5123
f 2411//5124 2379//5124 2235//5124
f 2237//5125 2376//5125 2083//5125
f 2072//5126 2236//5126 2067//5126
f 2067//5127 2236//5127 2238//5127
f 2080//5128 2234//5128 2377//5128
f 2080//5129 2377//5129 2072//5129
f 2072//5130 2377//5130 2236//5130
f 2067//5131 2238//5131 2381//5131
f 2067//5132 2381//5132 2069//5132
f 2069//5133 2381//5133 2229//5133
f 2074//5134 2232//5134 2080//5134
f 2080//5135 2232//5135 2234//5135
f 2231//5136 2066//5136 2229//5136
f 2229//5137 2066//5137 2069//5137
f 2079//5138 2363//5138 2232//5138
f 2079//5139 2232//5139 2074//5139
f 2066//5140 2231//5140 2370//5140
f 2066//5141 2370//5141 2063//5141
f 2365//5142 2076//5142 2367//5142
f 2367//5143 2076//5143 2064//5143
f 2367//5144 2064//5144 2063//5144
f 2367//5145 2063//5145 2370//5145
f 2076//5146 2365//5146 2077//5146
f 2077//5147 2365//5147 2363//5147
f 2077//5148 2363//5148 2079//5148
f 2078//5149 2073//5149 2323//5149
f 2323//5150 2322//5150 2078//5150
f 2064//5151 2076//5151 2319//5151
f 2319//5152 2076//5152 2320//5152
f 2320//5153 2076//5153 2321//5153
f 2321//5154 2076//5154 2078//5154
f 2321//5155 2078//5155 2322//5155
f 2319//5156 2318//5156 2064//5156
f 2064//5157 2318//5157 2062//5157
f 2318//5158 2317//5158 2062//5158
f 2317//5159 2316//5159 2062//5159
f 2062//5160 2316//5160 2065//5160
f 2316//5161 2315//5161 2065//5161
f 2065//5162 2315//5162 2070//5162
f 2315//5163 2314//5163 2070//5163
f 2070//5164 2314//5164 2068//5164
f 2314//5165 2313//5165 2068//5165
f 2313//5166 2312//5166 2068//5166
f 2068//5167 2312//5168 2071//5169
f 2312//5168 2311//5170 2071//5169
f 2311//5171 2310//5171 2071//5171
f 2071//5172 2310//5172 2081//5172
f 2310//5173 2309//5173 2081//5173
f 2309//5174 2308//5174 2081//5174
f 2081//5175 2308//5175 2075//5175
f 2308//5176 2307//5176 2075//5176
f 2075//5177 2307//5177 2324//5177
f 2075//5178 2324//5178 2073//5178
f 2073//5179 2324//5179 2323//5179
f 2208//5180 2206//5180 2164//5180
f 2164//5181 2166//5181 2208//5181
f 2166//5182 2168//5182 2208//5182
f 2208//5183 2168//5183 2227//5183
f 2168//5184 2171//5184 2227//5184
f 2171//5185 2173//5185 2227//5185
f 2227//5186 2173//5186 2225//5186
f 2173//5187 2175//5187 2225//5187
f 2175//5188 2177//5188 2225//5188
f 2225//5189 2177//5189 2222//5189
f 2177//5190 2179//5190 2222//5190
f 2179//5191 2182//5191 2222//5191
f 2222//5192 2182//5192 2220//5192
f 2182//5193 2184//5193 2220//5193
f 2220//5194 2184//5194 2218//5194
f 2184//5195 2187//5195 2218//5195
f 2187//5196 2190//5196 2218//5196
f 2218//5197 2190//5197 2216//5197
f 2190//5198 2192//5198 2216//5198
f 2192//5199 2195//5199 2216//5199
f 2216//5200 2195//5200 2214//5200
f 2195//5201 2197//5201 2214//5201
f 2197//5202 2199//5202 2214//5202
f 2214//5203 2199//5203 2211//5203
f 2199//5204 2201//5204 2211//5204
f 2204//5205 2205//5205 2203//5205
f 2203//5206 2205//5206 2211//5206
f 2203//5207 2211//5207 2201//5207
f 2205//5208 2204//5208 2405//5208
f 2205//5209 2405//5209 2360//5209
f 2206//5210 2348//5210 2383//5210
f 2206//5211 2383//5211 2164//5211
f 2360//5212 2359//5212 2205//5212
f 2205//5213 2359//5213 2210//5213
f 2210//5214 2359//5214 2362//5214
f 2210//5215 2362//5215 2212//5215
f 2212//5216 2362//5216 2130//5216
f 2348//5217 2206//5217 2346//5217
f 2346//5218 2206//5218 2207//5218
f 2346//5219 2207//5219 2209//5219
f 2346//5220 2209//5220 2353//5220
f 2353//5221 2209//5221 2097//5221
f 2212//5222 2130//5222 2129//5222
f 2212//5223 2129//5223 2213//5223
f 2213//5224 2129//5224 2127//5224
f 2213//5225 2127//5225 2215//5225
f 2215//5226 2127//5226 2125//5226
f 2215//5227 2125//5227 2123//5227
f 2215//5228 2123//5228 2217//5228
f 2217//5229 2123//5229 2121//5229
f 2217//5230 2121//5230 2119//5230
f 2217//5231 2119//5231 2219//5231
f 2219//5232 2119//5232 2117//5232
f 2219//5233 2117//5233 2115//5233
f 2219//5234 2115//5234 2221//5234
f 2221//5235 2115//5235 2113//5235
f 2221//5236 2113//5236 2111//5236
f 2221//5237 2111//5237 2223//5237
f 2223//5238 2111//5238 2109//5238
f 2223//5239 2109//5239 2224//5239
f 2224//5240 2109//5240 2107//5240
f 2224//5241 2107//5241 2105//5241
f 2224//5242 2105//5242 2226//5242
f 2226//5243 2105//5243 2103//5243
f 2226//5244 2103//5244 2101//5244
f 2226//5245 2101//5245 2228//5245
f 2228//5246 2101//5246 2099//5246
f 2228//5247 2099//5247 2097//5247
f 2228//5248 2097//5248 2209//5248
f 2356//5249 2413//5249 2414//5249
f 2163//5250 2415//5250 2416//5250
f 2356//5251 2414//5251 2357//5251
f 2357//5252 2414//5252 2162//5252
f 2162//5253 2163//5253 2416//5253
f 2159//5254 2413//5254 2131//5254
f 2131//5255 2413//5255 2355//5255
f 2355//5256 2413//5256 2356//5256
f 2155//5257 2159//5257 2133//5257
f 2159//5258 2131//5258 2133//5258
f 2415//5259 2163//5259 2135//5259
f 2126//5260 2135//5260 2144//5260
f 2128//5261 2135//5261 2126//5261
f 2126//5262 2144//5262 2124//5262
f 2124//5263 2144//5264 2140//5265
f 2124//5263 2140//5265 2122//5266
f 2122//5267 2140//5267 2120//5267
f 2120//5268 2140//5268 2146//5268
f 2120//5269 2146//5269 2118//5269
f 2118//5270 2146//5270 2116//5270
f 2116//5271 2146//5271 2138//5271
f 2116//5272 2138//5272 2114//5272
f 2114//5273 2138//5273 2112//5273
f 2112//5274 2138//5274 2141//5274
f 2112//5275 2141//5275 2110//5275
f 2110//5276 2141//5276 2108//5276
f 2108//5277 2141//5277 2143//5277
f 2108//5278 2143//5278 2106//5278
f 2106//5279 2143//5279 2104//5279
f 2104//5280 2143//5280 2148//5280
f 2104//5281 2148//5281 2102//5281
f 2102//5282 2148//5282 2100//5282
f 2100//5283 2148//5283 2149//5283
f 2100//5284 2149//5284 2098//5284
f 2098//5285 2149//5285 2154//5285
f 2154//5286 2153//5286 2352//5286
f 2352//5287 2153//5287 2345//5287
f 2345//5288 2153//5288 2152//5288
f 2151//5289 2155//5289 2350//5289
f 2350//5290 2155//5290 2133//5290
f 2417//5291 2418//488 2419//5292
f 2419//5292 2418//488 2420//5293
f 2419//5292 2420//5293 2421//4779
f 2421//4779 2420//5293 2422//5294
f 2421//4779 2422//5294 2423//5295
f 2423//5295 2422//5294 2424//5296
f 2423//5295 2424//5296 2425//5297
f 2425//5297 2424//5296 2426//5298
f 2425//5297 2426//5298 2427//5299
f 2425//5297 2427//5299 2428//1801
f 2428//1801 2427//5299 2429//5300
f 2428//1801 2429//5300 2430//5301
f 2430//5301 2429//5300 2431//5302
f 2430//5301 2431//5302 2432//5303
f 2430//5301 2432//5303 2433//5304
f 2433//5304 2432//5303 2434//4784
f 2433//5304 2434//4784 2435//4784
f 2435//4784 2434//4784 2436//5305
f 2435//4784 2436//5305 2437//5306
f 2438//5307 2439//5308 2437//5306
f 2437//5306 2439//5308 2435//4784
f 2419//5292 2440//5309 2417//5291
f 2417//5291 2440//5309 2441//5310
f 2438//5307 2442//5311 2439//5308
f 2439//5308 2442//5311 2443//5312
f 2439//5308 2443//5312 2444//5313
f 2444//5313 2443//5312 2445//5314
f 2444//5313 2445//5314 2441//5310
f 2444//5313 2441//5310 2440//5309
f 2446//5315 2790//5315 2447//5315
f 2448//5316 2449//5317 2446//5318
f 2451//5319 2452//5320 2450//5321
f 2446//5318 2447//5322 2448//5316
f 2452//5320 2453//5323 2450//5321
f 2450//5324 2453//5324 2459//5324
f 2454//5325 2455//5326 2450//5327
f 2450//5321 2455//5328 2451//5319
f 2447//5329 2456//5330 2448//5331
f 2448//5331 2456//5330 2457//5332
f 2446//5318 2449//5317 2458//5333
f 2446//5318 2458//5333 2459//5334
f 2459//5334 2458//5333 2450//5335
f 2457//5332 2456//5330 2460//5336
f 2457//5337 2460//5337 2461//5337
f 2461//5338 2460//5338 2462//5339
f 2461//5338 2462//5339 2463//5340
f 2463//5340 2462//5339 2464//5341
f 2463//5340 2464//5341 2465//5342
f 2465//5343 2464//5344 2466//5345
f 2465//5343 2466//5345 2467//5346
f 2467//5347 2466//5348 2468//5349
f 2467//5347 2468//5349 2454//5325
f 2454//5325 2468//5349 2455//5326
f 2469//5350 2470//5350 2471//5350
f 2471//5351 2470//5351 2472//5351
f 2471//5352 2472//5352 2535//5352
f 2535//5353 2472//5353 2473//5353
f 2535//5354 2473//5354 2474//5354
f 2474//5355 2473//5355 2475//5355
f 2474//5356 2475//5356 2476//5356
f 2476//5357 2475//5357 2477//5357
f 2476//5358 2477//5358 2478//5358
f 2478//5359 2477//5359 2479//5359
f 2478//5360 2479//5360 2480//5360
f 2480//5361 2479//5361 2481//5361
f 2480//5362 2481//5362 2482//5362
f 2482//5363 2481//5363 2483//5363
f 2482//5364 2483//5364 2484//5364
f 2484//5365 2483//5365 2485//5365
f 2484//5366 2485//5366 2486//5366
f 2486//5367 2485//5367 2487//5367
f 2486//5368 2487//5368 2488//5368
f 2488//5369 2487//5369 2489//5369
f 2488//5370 2489//5370 2490//5370
f 2490//5371 2489//5371 2491//5371
f 2490//5372 2491//5372 2492//5372
f 2492//5373 2491//5373 2493//5373
f 2492//5374 2493//5374 2494//5374
f 2494//5375 2493//5375 2495//5375
f 2494//5376 2495//5376 2496//5376
f 2496//5377 2495//5377 2497//5377
f 2496//5378 2497//5378 2498//5378
f 2498//5379 2497//5379 2499//5379
f 2498//5380 2499//5380 2500//5380
f 2500//5381 2499//5381 2501//5381
f 2500//5382 2501//5382 2502//5382
f 2502//5383 2501//5383 2503//5383
f 2502//5384 2503//5384 2818//5384
f 2504//5385 2505//5386 2506//5387
f 2506//5387 2505//5386 2507//5388
f 2509//5389 2508//5390 2721//5391
f 2509//5389 2721//5391 2510//5392
f 2510//5392 2721//5391 2511//5393
f 2511//5394 2721//5395 2512//5396
f 2513//5397 2514//5398 2515//5399
f 2511//5394 2512//5396 2514//5398
f 2514//5398 2512//5396 2515//5399
f 2516//5400 2517//5400 2641//5400
f 2641//5401 2517//5401 2518//5401
f 2518//5402 2517//5403 2519//5402
f 2518//5402 2519//5402 2520//5404
f 2520//5404 2519//5402 2521//5405
f 2520//5404 2521//5405 2816//5406
f 2816//5407 2521//5407 2522//5407
f 2522//5408 2521//5409 2502//5410
f 2522//5408 2502//5410 2523//5411
f 2522//5412 2523//5412 2733//5412
f 2733//5413 2523//5413 2524//5413
f 2733//5414 2524//5414 2513//5414
f 2513//5415 2524//5415 2741//5415
f 2513//5416 2741//5416 2514//5416
f 2525//5417 2526//5418 2629//5419
f 2629//5420 2526//5421 2527//5422
f 2629//5420 2527//5422 2528//5423
f 2528//5423 2527//5422 2529//5424
f 2528//5425 2529//5425 2633//5425
f 2633//5426 2529//5426 2530//5426
f 2530//373 2529//373 2531//373
f 2530//5427 2531//5427 2637//5427
f 2637//5428 2531//5428 2516//5428
f 2516//5429 2531//5429 2517//5429
f 2508//5430 2509//5431 2469//5432
f 2508//5430 2469//5432 2532//5433
f 2532//5434 2469//5435 2533//704
f 2532//5434 2533//704 2534//5436
f 2534//5437 2533//5437 2535//5437
f 2534//5438 2535//5438 2536//5438
f 2536//5439 2535//5440 2537//4573
f 2536//5439 2537//4573 2525//5417
f 2525//5417 2537//4573 2526//5418
f 2538//5441 2539//5441 2540//5441
f 2538//5442 2540//5442 2541//5442
f 2540//5443 2542//5443 2541//5443
f 2541//5444 2542//5444 2543//5444
f 2542//5445 2544//5445 2543//5445
f 2543//5446 2544//5446 2545//5446
f 2544//5447 2546//5447 2545//5447
f 2545//5448 2546//5449 2547//5450
f 2545//5448 2547//5450 2548//5451
f 2548//5452 2547//5453 2549//5454
f 2548//5452 2549//5454 2550//5455
f 2550//5456 2549//5456 2551//5456
f 2550//5457 2551//5457 2552//5457
f 2552//5458 2551//5458 2553//5458
f 2552//5459 2553//5459 2554//5459
f 2554//5460 2553//5460 2555//5460
f 2554//5461 2555//5461 2556//5461
f 2555//5462 2557//5462 2556//5462
f 2556//5463 2557//5463 2558//5463
f 2557//5464 2559//5464 2558//5464
f 2558//5465 2559//5465 2560//5465
f 2558//5466 2560//5466 2561//5466
f 2561//5467 2560//5467 2562//5467
f 2561//5468 2562//5468 2563//5468
f 2563//5469 2562//5469 2564//5469
f 2563//5470 2564//5470 2565//5470
f 2565//5471 2564//5471 2566//5471
f 2565//5472 2566//5472 2567//5472
f 2566//5473 2568//5473 2567//5473
f 2567//5474 2568//5474 2569//5474
f 2568//5475 2570//5475 2569//5475
f 2569//5476 2570//5476 2571//5476
f 2570//5477 2572//5477 2571//5477
f 2571//5478 2572//5478 2573//5478
f 2571//5479 2573//5479 2574//5479
f 2574//5480 2573//5480 2575//5480
f 2574//5481 2575//5481 2576//5481
f 2789//5482 2577//5482 2578//5482
f 2578//5483 2577//5483 2576//5483
f 2578//5484 2576//5484 2575//5484
f 2580//5485 2579//5486 2581//5487
f 2580//5485 2581//5487 2582//5488
f 2583//5489 2595//5490 2584//5491
f 2584//5491 2585//5492 2583//5489
f 2583//5489 2585//5492 2586//5300
f 2586//5300 2585//5492 2587//5493
f 2586//5300 2587//5493 2588//488
f 2588//488 2587//5493 2589//488
f 2588//488 2589//488 2590//488
f 2590//488 2589//488 2591//488
f 2590//488 2591//488 2592//488
f 2592//488 2591//488 2593//488
f 2592//488 2593//488 2594//488
f 2594//488 2593//488 2596//488
f 2594//488 2596//488 2597//488
f 2597//488 2596//488 2598//488
f 2597//488 2598//488 2599//488
f 2599//488 2598//488 2600//488
f 2600//488 2598//488 2601//488
f 2600//488 2601//488 2602//488
f 2602//488 2601//488 2603//5294
f 2602//488 2603//5294 2581//5487
f 2581//5487 2603//5294 2582//5488
f 2604//5494 2605//5495 2606//5496
f 2606//5496 2605//5495 2772//5497
f 2607//5498 2608//5499 2609//5500
f 2609//5500 2608//5499 2610//5501
f 2611//5502 2612//5503 2613//5504
f 2613//5504 2612//5503 2614//5505
f 2615//5506 2616//5506 2617//5506
f 2617//5507 2616//5507 2618//5507
f 2617//5508 2618//5509 2619//5510
f 2619//5510 2618//5509 2620//5511
f 2619//5512 2620//5513 2621//5514
f 2621//5514 2620//5513 2622//5515
f 2621//5516 2622//5516 2623//5516
f 2623//5517 2622//5517 2624//5517
f 2623//5518 2624//5518 2625//5518
f 2625//5519 2624//5520 2626//5521
f 2626//5521 2624//5520 2627//5522
f 2626//5523 2627//5523 2628//5523
f 2628//5524 2627//5524 2629//5524
f 2628//5525 2629//5525 2630//5525
f 2628//5526 2630//5526 2631//5526
f 2631//5527 2630//5527 2632//5527
f 2632//5528 2630//5528 2633//5528
f 2632//5529 2633//5529 2634//5529
f 2634//5530 2633//5530 2635//5530
f 2634//5531 2635//5531 2636//5531
f 2636//5532 2635//5532 2637//5532
f 2636//5533 2637//5533 2638//5533
f 2638//5534 2637//5534 2639//5534
f 2638//5535 2639//5535 2640//5535
f 2640//5536 2639//5536 2641//5536
f 2640//5537 2641//5537 2642//5537
f 2642//5538 2641//5538 2643//5538
f 2642//5539 2643//5540 2644//5541
f 2644//5541 2643//5540 2645//5542
f 2644//5543 2645//5544 2646//5545
f 2646//5545 2645//5544 2647//5546
f 2646//5547 2647//5548 2648//5549
f 2648//5549 2647//5548 2649//5550
f 2648//5551 2649//5552 2650//5553
f 2650//5553 2649//5552 2651//5554
f 2652//5555 2653//5556 2654//5557
f 2654//5557 2653//5556 2655//5558
f 2656//5559 2665//5560 2667//5561
f 2668//5562 2657//5563 2658//5564
f 2665//5560 2656//5559 2659//5565
f 2657//5563 2668//5562 2661//5566
f 2661//5566 2668//5562 2665//5560
f 2665//5560 2660//5567 2663//5568
f 2663//5568 2664//5569 2665//5560
f 2665//5560 2664//5569 2661//5566
f 2665//5560 2659//5565 2662//5570
f 2665//5560 2662//5570 2660//5567
f 2666//5571 2667//5571 2665//5571
f 2668//5562 2658//5564 2669//5572
f 2434//5573 2670//5573 2436//5573
f 2436//5574 2670//5574 2671//5574
f 2436//5574 2671//5574 2437//5574
f 2437//5575 2671//5575 2672//5575
f 2437//5575 2672//5575 2438//5575
f 2438//5576 2672//5577 2673//5576
f 2438//5576 2673//5576 2442//5576
f 2442//5578 2673//5578 2674//5578
f 2442//5578 2674//5578 2443//5579
f 2443//5580 2674//5581 2675//5582
f 2443//5580 2675//5582 2445//5580
f 2445//5583 2675//5583 2676//5583
f 2445//5583 2676//5583 2441//5583
f 2441//5584 2676//5585 2677//5585
f 2441//5584 2677//5585 2417//5586
f 2417//5587 2677//5587 2678//5587
f 2417//5587 2678//5587 2418//5587
f 2418//5588 2678//5588 2679//5588
f 2418//5588 2679//5588 2420//5588
f 2420//5589 2679//5590 2680//5590
f 2420//5589 2680//5590 2422//5589
f 2422//5591 2680//5591 2681//5591
f 2422//5591 2681//5591 2424//5591
f 2424//5592 2681//5593 2682//5592
f 2424//5592 2682//5592 2426//5593
f 2426//5594 2682//5595 2683//5595
f 2426//5594 2683//5595 2427//5595
f 2427//5596 2683//5596 2684//5596
f 2427//5596 2684//5596 2429//5596
f 2429//5597 2684//5597 2685//5597
f 2429//5597 2685//5597 2431//5597
f 2431//5598 2685//5598 2686//5598
f 2431//5598 2686//5598 2432//5598
f 2432//5599 2686//5599 2687//5599
f 2432//5599 2687//5599 2434//5599
f 2434//5573 2687//5573 2670//5573
f 2688//5600 2689//5601 2690//5602
f 2690//5602 2689//5601 2691//5603
f 2690//5602 2691//5603 2692//5604
f 2690//5602 2692//5604 2693//5605
f 2693//5605 2692//5604 2694//5606
f 2695//5607 2696//1622 2688//5600
f 2688//5600 2696//1622 2697//5608
f 2688//5600 2697//5608 2689//5601
f 2698//5609 2699//5301 2695//5607
f 2695//5607 2699//5301 2700//4778
f 2695//5607 2700//4778 2696//1622
f 2701//5610 2702//5609 2698//5609
f 2698//5609 2702//5609 2703//5611
f 2698//5609 2703//5611 2699//5301
f 2693//5605 2694//5606 2704//5612
f 2693//5605 2704//5612 2701//5610
f 2701//5610 2704//5612 2702//5609
f 2687//5613 2702//5613 2670//5613
f 2670//5614 2702//5614 2671//5614
f 2671//5615 2702//5615 2704//5615
f 2671//5616 2704//5616 2672//5616
f 2672//5617 2704//5617 2673//5617
f 2673//5618 2704//5618 2694//5618
f 2673//5619 2694//5619 2674//5619
f 2674//5620 2694//5620 2675//5620
f 2675//5621 2694//5621 2692//5621
f 2675//5622 2692//5622 2676//5622
f 2676//5623 2692//5623 2691//5623
f 2676//5624 2691//5624 2677//5624
f 2677//5625 2691//5625 2678//5625
f 2678//5626 2691//5626 2689//5626
f 2678//5627 2689//5627 2679//5627
f 2679//5628 2689//5628 2680//5628
f 2680//5629 2689//5629 2697//5629
f 2680//5630 2697//5630 2681//5630
f 2681//5631 2697//5631 2696//5631
f 2681//5632 2696//5632 2682//5632
f 2682//5633 2696//5633 2683//5633
f 2683//5634 2696//5634 2700//5634
f 2683//5635 2700//5635 2684//5635
f 2684//5636 2700//5636 2699//5636
f 2684//5637 2699//5637 2685//5637
f 2685//5638 2699//5638 2686//5638
f 2686//5639 2699//5639 2703//5639
f 2686//5640 2703//5640 2687//5640
f 2687//5641 2703//5641 2702//5641
f 2705//5642 2706//5642 2707//5642
f 2708//5643 2706//5643 2705//5643
f 2705//5644 2709//5644 2710//5644
f 2711//5645 2709//5645 2705//5645
f 2707//5646 2711//5646 2705//5646
f 2705//5647 2712//5647 2713//5647
f 2714//5648 2712//5648 2705//5648
f 2710//5649 2714//5649 2705//5649
f 2705//5650 2715//5650 2716//5650
f 2717//5651 2715//5651 2705//5651
f 2713//5652 2717//5652 2705//5652
f 2716//5653 2708//5653 2705//5653
f 2708//5654 2690//5654 2706//5654
f 2706//5655 2690//5655 2707//5655
f 2707//5656 2690//5656 2693//5656
f 2707//5657 2693//5657 2711//5657
f 2711//5658 2693//5658 2709//5658
f 2709//5659 2693//5659 2701//5659
f 2709//5660 2701//5660 2710//5660
f 2710//5661 2701//5661 2714//5661
f 2714//5662 2701//5662 2698//5662
f 2714//5663 2698//5663 2712//5663
f 2712//5664 2698//5664 2713//5664
f 2713//5665 2698//5665 2695//5665
f 2713//5666 2695//5666 2717//5666
f 2717//5667 2695//5667 2715//5667
f 2715//5668 2695//5668 2688//5668
f 2715//5669 2688//5669 2716//5669
f 2716//5670 2688//5670 2708//5670
f 2708//5671 2688//5671 2690//5671
f 2653//5672 2652//5673 2718//5674
f 2718//5674 2652//5673 2719//5675
f 2718//5676 2719//5676 2720//5676
f 2720//5677 2719//5677 2721//5677
f 2720//5678 2721//5678 2722//5678
f 2720//5679 2722//5679 2723//5679
f 2723//5680 2722//5680 2724//5680
f 2723//5681 2724//5681 2725//5681
f 2725//5682 2724//5682 2726//5682
f 2725//5683 2726//5683 2727//5683
f 2727//5684 2726//5684 2615//5684
f 2615//5685 2726//5685 2616//5685
f 2650//5686 2651//5686 2728//5686
f 2728//5687 2651//5687 2729//5687
f 2728//5688 2729//5688 2730//5688
f 2728//5689 2730//5689 2731//5689
f 2731//5690 2730//5690 2732//5690
f 2732//5691 2730//5691 2733//5691
f 2732//5692 2733//5692 2734//5692
f 2732//5693 2734//5693 2735//5693
f 2735//5694 2734//5694 2736//5694
f 2735//5695 2736//5695 2737//5695
f 2737//5696 2736//5696 2738//5696
f 2737//5697 2738//5698 2655//5699
f 2655//5699 2738//5698 2654//5700
f 2505//5701 2504//5701 2739//5701
f 2739//5702 2504//5702 2740//5702
f 2739//5703 2740//5703 2742//5703
f 2742//5704 2740//5704 2741//5704
f 2745//5705 2742//5705 2741//5705
f 2743//5706 2744//5706 2745//5706
f 2741//5707 2746//5707 2745//5707
f 2818//5708 2503//5708 2749//5708
f 2749//5709 2503//5709 2747//5709
f 2745//5710 2746//5710 2743//5710
f 2743//5711 2746//5711 2748//5711
f 2743//5712 2748//5712 2749//5712
f 2743//5713 2749//5713 2747//5713
f 2752//5714 2753//5714 2754//5714
f 2755//5715 2752//5716 2754//5717
f 2755//5715 2754//5717 2756//5718
f 2751//5719 2750//5720 2755//5721
f 2750//5720 2752//5722 2755//5721
f 2506//5723 2507//5724 2757//5725
f 2757//5725 2507//5724 2758//5726
f 2757//5727 2758//5727 2751//5727
f 2751//5728 2758//5728 2750//5728
f 2756//5729 2754//5729 2817//5729
f 2817//5730 2754//5730 2759//5730
f 2817//5731 2759//5731 2469//5731
f 2469//5732 2759//5732 2470//5732
f 2760//5733 2761//5733 2762//5733
f 2762//5734 2761//5734 2763//5734
f 2762//5735 2763//5735 2764//5735
f 2764//5736 2763//5736 2765//5736
f 2764//5737 2765//5737 2766//5737
f 2766//5738 2765//5738 2767//5738
f 2767//5739 2765//5739 2768//5739
f 2767//5740 2768//5740 2769//5740
f 2608//5741 2607//5741 2770//5741
f 2770//5742 2607//5742 2761//5742
f 2770//5743 2761//5743 2760//5743
f 2769//5744 2768//5744 2771//5744
f 2771//5745 2768//5745 2606//5745
f 2771//5746 2606//5746 2772//5746
f 2612//5747 2611//5747 2773//5747
f 2773//5748 2611//5748 2774//5748
f 2773//5749 2774//5749 2775//5749
f 2775//5750 2774//5750 2776//5750
f 2776//5751 2774//5751 2609//5751
f 2776//5752 2609//5752 2610//5752
f 2605//5753 2604//5753 2777//5753
f 2777//5754 2604//5754 2778//5754
f 2777//5755 2778//5755 2779//5755
f 2779//5756 2778//5756 2780//5756
f 2780//5757 2778//5757 2613//5757
f 2780//5758 2613//5758 2614//5758
f 2458//5759 2782//5759 2783//5759
f 2458//5760 2783//5760 2450//5760
f 2782//5761 2773//5761 2783//5761
f 2783//5762 2773//5762 2775//5762
f 2783//5763 2775//5763 2776//5763
f 2450//5764 2783//5764 2781//5764
f 2781//5765 2783//5765 2776//5765
f 2781//5766 2776//5766 2610//5766
f 2612//5767 2773//5767 2782//5767
f 2610//5768 2608//5768 2781//5768
f 2781//5769 2608//5769 2454//5769
f 2781//5770 2454//5770 2450//5770
f 2614//5771 2612//5771 2784//5771
f 2784//5772 2612//5772 2782//5772
f 2784//5773 2782//5773 2449//5773
f 2449//5774 2782//5774 2458//5774
f 2454//5775 2608//5775 2770//5775
f 2454//5776 2770//5776 2467//5776
f 2467//5777 2770//5777 2760//5777
f 2448//5778 2785//5778 2449//5778
f 2449//5779 2785//5779 2784//5779
f 2785//5780 2777//5780 2779//5780
f 2785//5781 2779//5781 2784//5781
f 2784//5782 2779//5782 2780//5782
f 2784//5783 2780//5783 2614//5783
f 2605//5784 2777//5784 2785//5784
f 2605//5785 2785//5785 2448//5785
f 2467//5786 2760//5786 2786//5786
f 2786//5787 2760//5787 2762//5787
f 2786//5788 2762//5788 2787//5788
f 2787//5789 2762//5789 2764//5789
f 2787//5790 2764//5790 2463//5790
f 2463//5791 2764//5791 2766//5791
f 2463//5792 2766//5792 2767//5792
f 2463//5793 2767//5793 2461//5793
f 2461//5794 2767//5794 2769//5794
f 2465//5795 2467//5795 2786//5795
f 2465//5796 2786//5796 2787//5796
f 2465//5797 2787//5797 2463//5797
f 2772//5798 2605//5798 2788//5798
f 2788//5799 2605//5799 2448//5799
f 2788//5800 2448//5800 2457//5800
f 2461//5801 2769//5801 2788//5801
f 2788//5802 2769//5802 2771//5802
f 2788//5803 2771//5803 2772//5803
f 2457//5804 2461//5804 2788//5804
f 2791//5805 2451//5805 2455//5805
f 2792//5806 2468//5806 2466//5806
f 2793//5807 2464//5807 2462//5807
f 2794//5808 2462//5808 2460//5808
f 2795//5809 2456//5809 2447//5809
f 2539//5810 2453//5810 2540//5810
f 2540//5811 2453//5811 2452//5811
f 2540//5812 2452//5812 2542//5812
f 2542//5813 2452//5813 2451//5813
f 2542//5814 2451//5814 2544//5814
f 2544//5815 2451//5816 2546//5817
f 2546//5817 2451//5816 2791//5818
f 2546//5819 2791//5819 2547//5819
f 2547//5820 2791//5820 2455//5820
f 2547//5821 2455//5821 2549//5821
f 2549//5822 2455//5822 2468//5822
f 2549//5823 2468//5823 2551//5823
f 2551//5824 2468//5824 2792//5824
f 2551//5825 2792//5825 2553//5825
f 2553//5826 2792//5826 2555//5826
f 2555//5827 2792//5827 2466//5827
f 2555//5828 2466//5828 2557//5828
f 2557//5829 2466//5829 2559//5829
f 2559//5830 2466//5830 2464//5830
f 2559//5831 2464//5831 2560//5831
f 2560//5832 2464//5832 2562//5832
f 2562//5833 2464//5833 2793//5833
f 2562//5834 2793//5834 2564//5834
f 2564//5835 2793//5835 2462//5835
f 2564//5836 2462//5836 2566//5836
f 2566//5837 2462//5837 2794//5837
f 2566//5838 2794//5838 2568//5838
f 2568//5839 2794//5839 2460//5839
f 2568//5840 2460//5840 2570//5840
f 2570//5841 2460//5841 2456//5841
f 2570//5842 2456//5842 2572//5842
f 2572//5843 2456//5843 2573//5843
f 2573//5844 2456//5844 2795//5844
f 2573//5845 2795//5845 2575//5845
f 2575//5846 2795//5846 2578//5846
f 2578//5847 2795//5847 2447//5847
f 2578//5848 2447//5848 2789//5848
f 2789//5849 2447//5850 2790//5851
f 2606//5852 2433//5852 2604//5852
f 2604//5853 2433//5853 2435//5853
f 2433//5854 2606//5854 2768//5854
f 2433//5855 2768//5855 2430//5855
f 2439//5856 2613//5856 2778//5856
f 2439//5857 2778//5857 2435//5857
f 2435//5858 2778//5858 2604//5858
f 2430//5859 2768//5859 2765//5859
f 2430//5860 2765//5860 2428//5860
f 2428//5861 2765//5861 2425//5861
f 2425//5862 2765//5862 2763//5862
f 2425//5863 2763//5863 2423//5863
f 2423//5864 2763//5864 2761//5864
f 2423//5865 2761//5865 2421//5865
f 2444//5866 2611//5866 2439//5866
f 2439//5867 2611//5867 2613//5867
f 2421//5868 2761//5868 2607//5868
f 2421//5869 2607//5869 2419//5869
f 2440//5870 2609//5870 2774//5870
f 2440//5871 2774//5871 2444//5871
f 2444//5872 2774//5872 2611//5872
f 2609//5873 2440//5873 2607//5873
f 2607//5874 2440//5874 2419//5874
f 2577//5875 2789//5875 2796//5875
f 2577//5876 2796//5876 2797//5876
f 2577//5877 2797//5877 2798//5877
f 2798//5878 2797//5878 2799//5878
f 2798//5879 2799//5879 2745//5879
f 2798//5880 2745//5880 2744//5880
f 2796//5881 2789//5849 2790//5851
f 2796//5882 2790//5882 2801//5882
f 2797//5883 2796//5883 2801//5883
f 2801//5884 2790//5884 2800//5884
f 2799//5885 2797//5885 2801//5885
f 2799//5886 2801//5886 2800//5886
f 2739//5887 2742//5887 2800//5887
f 2800//5888 2742//5888 2745//5888
f 2800//5889 2745//5889 2799//5889
f 2739//5890 2446//5890 2505//5890
f 2739//5891 2800//5891 2446//5891
f 2446//5892 2800//5892 2790//5892
f 2446//5893 2459//5893 2507//5893
f 2446//5894 2507//5894 2505//5894
f 2758//5895 2802//5895 2750//5895
f 2453//5896 2802//5896 2459//5896
f 2802//5897 2758//5897 2459//5897
f 2459//5898 2758//5898 2507//5898
f 2803//5899 2453//5899 2539//5899
f 2803//5900 2539//5900 2804//5900
f 2802//5901 2453//5901 2803//5901
f 2803//5902 2804//5902 2805//5902
f 2802//5903 2803//5903 2806//5903
f 2806//5904 2803//5904 2805//5904
f 2750//5905 2802//5905 2806//5905
f 2750//5906 2806//5906 2752//5906
f 2539//5907 2538//5907 2804//5907
f 2804//5908 2538//5908 2807//5908
f 2804//5909 2807//5909 2805//5909
f 2805//5910 2807//5910 2806//5910
f 2806//5911 2807//5911 2753//5911
f 2806//5912 2753//5912 2752//5912
f 2658//5913 2650//5913 2728//5913
f 2658//5914 2728//5914 2808//5914
f 2808//5915 2728//5915 2731//5915
f 2808//5916 2731//5916 2669//5916
f 2669//5917 2731//5917 2732//5917
f 2669//5918 2732//5918 2735//5918
f 2669//5919 2735//5919 2809//5919
f 2809//5920 2735//5920 2737//5920
f 2809//5921 2737//5921 2668//5921
f 2668//5922 2737//5922 2655//5922
f 2658//5923 2808//5923 2669//5923
f 2669//5924 2809//5924 2668//5924
f 2655//5925 2653//5926 2668//5927
f 2668//5927 2653//5926 2810//5928
f 2668//5929 2810//5929 2665//5929
f 2617//5930 2619//5930 2621//5930
f 2636//5931 2638//5931 2640//5931
f 2667//5932 2615//5933 2811//5934
f 2811//5934 2615//5933 2617//5935
f 2811//5936 2617//5936 2656//5936
f 2656//5937 2617//5937 2621//5937
f 2656//5938 2621//5938 2659//5938
f 2659//5939 2621//5939 2623//5939
f 2659//5940 2623//5940 2812//5940
f 2812//5941 2623//5941 2625//5941
f 2812//5942 2625//5942 2626//5942
f 2812//5943 2626//5943 2662//5943
f 2662//5944 2626//5944 2628//5944
f 2662//5945 2628//5945 2660//5945
f 2660//5946 2628//5946 2631//5946
f 2660//5947 2631//5947 2632//5947
f 2660//5948 2632//5948 2663//5948
f 2663//5949 2632//5949 2634//5949
f 2663//5950 2634//5950 2813//5950
f 2813//5951 2634//5951 2636//5951
f 2813//5952 2636//5952 2664//5952
f 2664//5953 2636//5953 2640//5953
f 2664//5954 2640//5954 2661//5954
f 2661//5955 2640//5955 2642//5955
f 2661//5956 2642//5956 2644//5956
f 2661//5957 2644//5957 2814//5957
f 2814//5958 2644//5958 2646//5958
f 2814//5959 2646//5959 2657//5959
f 2657//5960 2646//5960 2648//5960
f 2657//5961 2648//5961 2658//5961
f 2658//5962 2648//5962 2650//5962
f 2656//5963 2667//5963 2811//5963
f 2659//5964 2812//5964 2662//5964
f 2664//5965 2663//5965 2813//5965
f 2657//5966 2661//5966 2814//5966
f 2810//5967 2653//5967 2718//5967
f 2810//5968 2718//5968 2665//5968
f 2665//5969 2718//5969 2720//5969
f 2665//5970 2720//5970 2815//5970
f 2815//5971 2720//5971 2723//5971
f 2815//5972 2723//5972 2666//5972
f 2666//5973 2723//5973 2725//5973
f 2666//5974 2725//5974 2727//5974
f 2666//5975 2727//5975 2667//5975
f 2667//5976 2727//5976 2615//5976
f 2665//5977 2815//5977 2666//5977
f 2816//5978 2651//5978 2649//5978
f 2816//5979 2649//5979 2520//5979
f 2520//5980 2649//5980 2647//5980
f 2520//5981 2647//5981 2518//5981
f 2518//5982 2647//5982 2645//5982
f 2518//5983 2645//5983 2643//5983
f 2518//5984 2643//5984 2641//5984
f 2641//5985 2639//5985 2516//5985
f 2516//5986 2639//5986 2637//5986
f 2637//5987 2635//5987 2530//5987
f 2530//5988 2635//5988 2633//5988
f 2633//5989 2630//5989 2528//5989
f 2528//5990 2630//5990 2629//5990
f 2629//5991 2627//5991 2525//5991
f 2525//5992 2627//5992 2624//5992
f 2525//5993 2624//5993 2622//5993
f 2525//5994 2622//5994 2536//5994
f 2536//5995 2622//5995 2620//5995
f 2536//5996 2620//5996 2534//5996
f 2534//5997 2620//5997 2618//5997
f 2534//5998 2618//5998 2616//5998
f 2534//5999 2616//5999 2532//5999
f 2515//6000 2654//6000 2738//6000
f 2515//6001 2738//6001 2736//6001
f 2736//6002 2734//6002 2513//6002
f 2513//6003 2734//6003 2733//6003
f 2733//6004 2730//6004 2729//6004
f 2729//6005 2651//6005 2816//6005
f 2515//6006 2736//6006 2513//6006
f 2733//6007 2729//6007 2522//6007
f 2522//6008 2729//6008 2816//6008
f 2532//6009 2616//6009 2726//6009
f 2532//6010 2726//6010 2508//6010
f 2508//6011 2726//6011 2724//6011
f 2508//6012 2724//6012 2722//6012
f 2508//6013 2722//6013 2721//6013
f 2721//6014 2719//6014 2512//6014
f 2512//6015 2719//6015 2652//6015
f 2652//6016 2654//6016 2515//6016
f 2652//6017 2515//6017 2512//6017
f 2817//6018 2469//6018 2509//6018
f 2817//6019 2509//6019 2756//6019
f 2756//6020 2509//6020 2755//6020
f 2755//6021 2509//6021 2510//6021
f 2755//6022 2510//6022 2751//6022
f 2751//6023 2510//6023 2511//6023
f 2751//6024 2511//6024 2757//6024
f 2757//6025 2511//6025 2506//6025
f 2818//6026 2523//6026 2502//6026
f 2500//6027 2502//6027 2521//6027
f 2500//6028 2521//6028 2498//6028
f 2498//6029 2521//6029 2519//6029
f 2498//6030 2519//6030 2496//6030
f 2496//6031 2519//6031 2494//6031
f 2494//6032 2519//6032 2517//6032
f 2494//6033 2517//6033 2492//6033
f 2492//6034 2517//6034 2531//6034
f 2492//6035 2531//6035 2490//6035
f 2490//6036 2531//6036 2488//6036
f 2488//6037 2531//6037 2529//6037
f 2488//6038 2529//6038 2486//6038
f 2486//6039 2529//6039 2484//6039
f 2484//6040 2529//6040 2527//6040
f 2484//6041 2527//6041 2482//6041
f 2482//6042 2527//6042 2526//6042
f 2482//6043 2526//6043 2480//6043
f 2480//6044 2526//6044 2478//6044
f 2478//6045 2526//6045 2537//6045
f 2478//6046 2537//6046 2476//6046
f 2476//6047 2537//6047 2474//6047
f 2474//6048 2537//6048 2535//6048
f 2535//6049 2533//6049 2471//6049
f 2471//6050 2533//6050 2469//6050
f 2511//6051 2514//6051 2506//6051
f 2514//6052 2504//6052 2506//6052
f 2746//6053 2741//6053 2524//6053
f 2746//6054 2524//6054 2748//6054
f 2748//6055 2524//6055 2523//6055
f 2748//6056 2523//6056 2749//6056
f 2504//6057 2514//6057 2740//6057
f 2514//6058 2741//6058 2740//6058
f 2818//6059 2749//6059 2523//6059
f 2577//6060 2595//6060 2576//6060
f 2576//6061 2595//6061 2583//6061
f 2576//6062 2583//6062 2574//6062
f 2574//6063 2583//6063 2586//6063
f 2574//6064 2586//6064 2571//6064
f 2571//6065 2586//6065 2569//6065
f 2569//6066 2586//6066 2588//6066
f 2569//6067 2588//6067 2567//6067
f 2567//6068 2588//6068 2590//6068
f 2567//6069 2590//6069 2565//6069
f 2565//6070 2590//6070 2563//6070
f 2563//6071 2590//6071 2592//6071
f 2563//6072 2592//6072 2561//6072
f 2561//6073 2592//6073 2558//6073
f 2558//6074 2592//6074 2594//6074
f 2558//6075 2594//6075 2556//6075
f 2556//6076 2594//6076 2597//6076
f 2556//6077 2597//6077 2554//6077
f 2554//6078 2597//6078 2552//6078
f 2552//6079 2597//6079 2599//6079
f 2552//6080 2599//6080 2550//6080
f 2550//6081 2599//6081 2600//6081
f 2550//6082 2600//6082 2548//6082
f 2548//6083 2600//6083 2545//6083
f 2545//6084 2600//6084 2602//6084
f 2545//6085 2602//6085 2543//6085
f 2543//6086 2602//6086 2581//6086
f 2543//6087 2581//6087 2541//6087
f 2541//6088 2581//6088 2538//6088
f 2538//6089 2581//6089 2579//6089
f 2595//6090 2577//6090 2798//6090
f 2595//6091 2798//6091 2744//6091
f 2579//6092 2753//6092 2807//6092
f 2579//6093 2807//6093 2538//6093
f 2744//6094 2743//6094 2595//6094
f 2595//6095 2743//6095 2584//6095
f 2584//6096 2743//6096 2747//6096
f 2584//6097 2747//6097 2585//6097
f 2585//6098 2747//6098 2503//6098
f 2753//6099 2579//6099 2754//6099
f 2754//6100 2579//6100 2580//6100
f 2754//6101 2580//6101 2582//6101
f 2754//6102 2582//6102 2759//6102
f 2759//6103 2582//6103 2470//6103
f 2585//6104 2503//6104 2501//6104
f 2585//6105 2501//6105 2587//6105
f 2587//6106 2501//6106 2499//6106
f 2587//6107 2499//6107 2497//6107
f 2587//6108 2497//6108 2589//6108
f 2589//6109 2497//6109 2495//6109
f 2589//6110 2495//6110 2493//6110
f 2589//6111 2493//6111 2591//6111
f 2591//6112 2493//6112 2491//6112
f 2591//6113 2491//6113 2489//6113
f 2591//6114 2489//6114 2593//6114
f 2593//6115 2489//6115 2487//6115
f 2593//6116 2487//6116 2485//6116
f 2593//6117 2485//6117 2596//6117
f 2596//6118 2485//6118 2483//6118
f 2596//6119 2483//6119 2481//6119
f 2596//6120 2481//6120 2598//6120
f 2598//6121 2481//6121 2479//6121
f 2598//6122 2479//6122 2477//6122
f 2598//6123 2477//6123 2601//6123
f 2601//6124 2477//6124 2475//6124
f 2601//6125 2475//6125 2473//6125
f 2601//6126 2473//6126 2603//6126
f 2603//6127 2473//6127 2472//6127
f 2603//6128 2472//6128 2470//6128
f 2603//6129 2470//6129 2582//6129
