# Blender 5.1.2
# www.blender.org
mtllib toe.mtl
o hr_toe_link
v 0.015957 0.019250 -0.004847
v 0.016055 0.017850 -0.004913
v -0.016671 -0.019200 0.015134
v -0.011571 -0.019250 0.012011
v -0.011675 -0.017850 0.012065
v 0.022996 -0.017011 -0.009158
v 0.021018 -0.019192 -0.007947
v 0.023049 0.016806 -0.009190
v 0.022300 0.018327 -0.008731
v 0.021043 0.019208 -0.007962
v -0.010001 -0.004899 0.011038
v -0.018662 -0.016806 0.016353
v 0.014379 0.004900 -0.003890
v -0.018610 0.017011 0.016321
v -0.016632 0.019192 0.015109
v -0.011571 0.017850 0.012011
v -0.011571 0.019250 0.012011
v 0.022300 -0.018327 -0.008731
v -0.017913 -0.018327 0.015895
v -0.010048 0.004845 0.011069
v 0.014428 -0.004845 -0.003919
v -0.017913 0.018327 0.015895
v 0.015957 -0.017850 -0.004847
v 0.015957 -0.019250 -0.004847
v -0.008449 0.011742 -0.005320
v -0.008412 0.004550 -0.005410
v -0.006345 0.011750 -0.007729
v -0.005050 0.004550 -0.008728
v -0.004001 0.011750 -0.009165
v -0.000947 0.011745 -0.009950
v -0.000855 0.004550 -0.009940
v -0.008511 0.011752 -0.004024
v -0.008525 0.004550 -0.004088
v -0.006060 0.011731 -0.000171
v -0.006149 0.004550 -0.000234
v -0.004530 0.011752 0.000183
v -0.004621 0.004550 0.000193
v 0.002247 0.011731 -0.003998
v 0.002184 0.004550 -0.003909
v 0.002601 0.011752 -0.005528
v 0.002611 0.004550 -0.005438
v 0.000254 0.011741 -0.009432
v 0.000312 0.004550 -0.009380
v -0.010798 0.012257 0.007224
v -0.006311 0.012248 0.000272
v 0.011305 0.012257 -0.006261
v 0.003080 0.012247 -0.005680
v 0.002689 0.012247 -0.003748
v -0.012787 0.012250 0.002973
v -0.008979 0.012249 -0.003842
v -0.012753 0.012251 -0.003059
v -0.010017 0.012251 -0.008462
v -0.004378 0.012247 0.000662
v -0.005752 0.012248 -0.008887
v -0.000973 0.012248 -0.010456
v 0.000457 0.012251 -0.013120
v 0.000560 0.012249 -0.009833
v 0.004831 0.012250 -0.012112
v 0.008796 0.012251 -0.009743
v -0.008939 0.012248 -0.005455
v -0.005402 0.012250 -0.011951
v 0.000659 -0.012249 -0.009744
v 0.003072 -0.012251 -0.012749
v 0.003111 -0.012248 -0.005498
v 0.011343 -0.012256 -0.006335
v 0.002579 -0.012246 -0.003600
v -0.002984 -0.012251 -0.012769
v -0.008871 -0.012248 -0.005619
v -0.011894 -0.012251 -0.005556
v -0.006459 -0.012247 0.000162
v -0.010715 -0.012258 0.007223
v 0.008461 -0.012250 -0.010038
v -0.004561 -0.012247 0.000693
v -0.009014 -0.012249 -0.003970
v -0.012984 -0.012250 -0.001202
v -0.012676 -0.012251 0.003407
v -0.000796 -0.012248 -0.010441
v -0.005302 -0.012248 -0.009163
v -0.008190 -0.012250 -0.010244
v 0.011232 0.017850 -0.006226
v -0.010484 0.017850 0.007135
v 0.011120 -0.017850 -0.006096
v -0.010651 -0.017850 0.007175
v -0.023976 0.018402 0.007744
v -0.023100 0.019206 0.005303
v -0.030890 0.014746 -0.026415
v -0.031234 0.012452 -0.026636
v -0.031820 0.011431 -0.025792
v -0.033300 0.011419 -0.022900
v -0.035667 0.013357 -0.013503
v -0.035407 0.014587 -0.009285
v -0.033681 0.015669 -0.002671
v -0.032368 0.016375 -0.000411
v -0.030119 0.013802 0.005954
v -0.028321 0.011421 0.008476
v -0.021343 0.016949 0.012027
v -0.018934 0.019008 0.009755
v 0.019686 0.014457 -0.022302
v 0.018244 0.014557 -0.025160
v 0.013759 0.015695 -0.030355
v 0.012004 0.016054 -0.031798
v 0.014412 0.013364 -0.030845
v 0.011272 0.013769 -0.033649
v 0.011425 0.011426 -0.033832
v 0.007780 0.014747 -0.035689
v 0.007992 0.012451 -0.036043
v 0.007125 0.011433 -0.036601
v 0.003970 0.011422 -0.038062
v -0.005313 0.013375 -0.040006
v -0.009495 0.014621 -0.039586
v -0.015309 0.014540 -0.038428
v -0.013430 0.014638 -0.038883
v -0.013489 0.012478 -0.039138
v -0.025345 0.015694 -0.032213
v -0.026866 0.016106 -0.030447
v -0.027174 0.011423 -0.031731
v -0.027992 0.016117 -0.029180
v -0.028704 0.013808 -0.029787
v -0.026035 0.013702 -0.032636
v -0.028866 0.011417 -0.029926
v -0.023592 0.012460 -0.034652
v -0.023354 0.014852 -0.034316
v -0.022457 0.017234 -0.033056
v -0.021350 0.018546 -0.031501
v -0.020466 0.019077 -0.030264
v -0.016446 0.019251 -0.031179
v -0.017930 0.018939 -0.032517
v -0.018942 0.017750 -0.034461
v -0.019645 0.016114 -0.035810
v -0.018107 0.016080 -0.036578
v -0.020088 0.013808 -0.036677
v -0.020186 0.011434 -0.036892
v -0.016276 0.013381 -0.038440
v -0.016191 0.015865 -0.037453
v -0.013070 0.017249 -0.037353
v -0.012633 0.018536 -0.035532
v -0.012266 0.019077 -0.034016
v -0.009043 0.019000 -0.034876
v -0.009333 0.017275 -0.037894
v -0.009143 0.018595 -0.036005
v -0.005557 0.015820 -0.039092
v -0.005372 0.017334 -0.037903
v -0.007781 0.016153 -0.038894
v -0.002541 0.015288 -0.039156
v -0.002468 0.012477 -0.039614
v -0.003713 0.013770 -0.039768
v -0.003316 0.019196 -0.033993
v -0.002916 0.018134 -0.036657
v 0.000055 0.019010 -0.033990
v 0.002514 0.016390 -0.037175
v 0.001191 0.016118 -0.037814
v 0.000586 0.018264 -0.035765
v 0.005036 0.015679 -0.036629
v 0.001456 0.013808 -0.038711
v 0.004422 0.014473 -0.037519
v 0.001516 0.011417 -0.038915
v 0.006998 0.017197 -0.034358
v 0.006000 0.018551 -0.032667
v 0.005238 0.019078 -0.031372
v 0.007937 0.019251 -0.027889
v 0.008335 0.018941 -0.029982
v 0.009695 0.017766 -0.031691
v 0.010646 0.016112 -0.032887
v 0.014747 0.017211 -0.027519
v 0.016269 0.012457 -0.028681
v 0.015943 0.014839 -0.028434
v 0.013215 0.018542 -0.026344
v 0.011997 0.019077 -0.025408
v 0.013562 0.019151 -0.022519
v 0.014710 0.018726 -0.023161
v 0.016536 0.017481 -0.024195
v 0.018063 0.016356 -0.023397
v 0.018612 0.011414 -0.025354
v 0.021000 0.011500 -0.019875
v 0.019256 0.015963 -0.021459
v 0.021104 0.012477 -0.018740
v 0.020599 0.014062 -0.020176
v 0.020884 0.014598 -0.018684
v 0.019179 0.017400 -0.018215
v 0.017556 0.018531 -0.017768
v 0.016251 0.019017 -0.017399
v 0.016670 0.018993 -0.016109
v 0.015894 0.019222 -0.014651
v 0.018681 0.018372 -0.014559
v 0.017629 0.018904 -0.012717
v -0.016721 0.019226 0.009799
v -0.021562 0.018385 0.009856
v -0.021620 0.017688 0.010870
v -0.024590 0.017809 0.008419
v -0.025634 0.016124 0.009560
v -0.028401 0.015829 0.006859
v -0.026837 0.016134 0.008413
v -0.026267 0.013808 0.010254
v -0.029139 0.013528 0.007372
v -0.026411 0.011414 0.010411
v -0.030865 0.012479 0.004915
v -0.030600 0.014847 0.004744
v -0.029314 0.017226 0.003895
v -0.027707 0.018550 0.002833
v -0.026451 0.019078 0.002001
v -0.028623 0.018941 -0.000608
v -0.025772 0.019305 -0.002005
v -0.030596 0.017762 0.000333
v -0.031974 0.016111 0.000990
v -0.033714 0.014763 -0.001406
v -0.032855 0.013815 0.001400
v -0.033085 0.011424 0.001497
v -0.035038 0.011455 -0.004207
v -0.033305 0.017217 -0.005632
v -0.035184 0.012457 -0.005255
v -0.034862 0.014583 -0.005319
v -0.031422 0.018540 -0.006014
v -0.029546 0.019184 -0.006399
v -0.030411 0.019104 -0.009581
v -0.031797 0.018563 -0.009505
v -0.033694 0.017285 -0.009389
v -0.035817 0.011430 -0.009264
v -0.033547 0.017303 -0.013947
v -0.034752 0.015844 -0.013181
v -0.034647 0.016149 -0.010978
v -0.033475 0.017082 -0.015989
v -0.034952 0.014589 -0.016263
v -0.035173 0.012477 -0.016309
v -0.035369 0.013770 -0.015070
v -0.030003 0.019078 -0.015343
v -0.027750 0.019251 -0.019049
v -0.031566 0.018529 -0.015629
v -0.032562 0.016393 -0.021216
v -0.033244 0.016125 -0.019903
v -0.031780 0.017823 -0.019418
v -0.028041 0.018530 -0.024580
v -0.029530 0.018997 -0.018658
v -0.031926 0.015682 -0.023702
v -0.034133 0.013808 -0.020199
v -0.032835 0.014464 -0.023130
v -0.034335 0.011416 -0.020266
v -0.029585 0.017194 -0.025583
v -0.026359 0.018256 -0.027787
v -0.024963 0.019007 -0.026589
v -0.022317 0.019250 -0.026649
v -0.026662 0.019078 -0.023720
v -0.009533 0.011426 -0.039998
v -0.035127 -0.012494 -0.016300
v -0.034959 -0.014582 -0.016265
v -0.033999 -0.014468 -0.020154
v -0.034324 -0.011417 -0.020263
v -0.033293 -0.011414 -0.022915
v -0.032715 -0.013659 -0.023879
v -0.025377 -0.015800 -0.032081
v -0.024560 -0.013806 -0.033794
v -0.023501 -0.012494 -0.034530
v -0.023399 -0.014656 -0.034380
v -0.016442 -0.013615 -0.038292
v -0.014552 -0.011443 -0.039063
v -0.015325 -0.014550 -0.038432
v -0.013486 -0.013808 -0.039107
v 0.001415 -0.014463 -0.038576
v 0.001511 -0.011419 -0.038899
v 0.004079 -0.011417 -0.038016
v 0.004991 -0.013873 -0.037474
v 0.010725 -0.015895 -0.032986
v 0.011276 -0.013700 -0.033668
v 0.011958 -0.016086 -0.031804
v 0.013609 -0.015821 -0.030383
v 0.015304 -0.013901 -0.029670
v 0.016149 -0.012494 -0.028586
v 0.015996 -0.014671 -0.028474
v 0.019663 -0.014550 -0.022390
v 0.021011 -0.011438 -0.019840
v -0.026171 -0.014462 0.010150
v -0.026479 -0.011414 0.010450
v -0.028896 -0.013882 0.007598
v -0.030826 -0.012493 0.004888
v -0.030626 -0.014777 0.004761
v -0.032879 -0.013712 0.001415
v -0.033062 -0.011422 0.001488
v -0.032687 -0.016077 -0.000564
v -0.035120 -0.012471 -0.005274
v -0.034849 -0.014648 -0.005322
v -0.035419 -0.014548 -0.009286
v -0.035801 -0.011444 -0.009262
v -0.034336 -0.014714 -0.003299
v -0.033271 -0.017266 -0.005636
v -0.030922 -0.018722 -0.006115
v -0.029932 -0.019088 -0.006316
v -0.028441 -0.019251 -0.005609
v -0.030794 -0.018952 -0.009564
v -0.031825 -0.018551 -0.009503
v -0.033770 -0.017206 -0.009383
v -0.033494 -0.015857 -0.002523
v -0.034353 -0.013588 -0.002318
v -0.032096 -0.015883 0.001048
v -0.035041 -0.011421 -0.004243
v -0.030197 -0.013699 0.005896
v -0.029297 -0.017259 0.003885
v -0.027335 -0.018705 0.002589
v -0.026200 -0.019154 0.001831
v -0.028079 -0.019075 -0.000864
v -0.029472 -0.018542 -0.000203
v -0.030681 -0.017689 0.000374
v -0.028401 -0.015828 0.006860
v -0.024967 -0.017365 0.008834
v -0.026561 -0.016351 0.008411
v -0.023806 -0.018531 0.007562
v -0.022885 -0.019017 0.006566
v -0.021926 -0.018993 0.007526
v -0.020277 -0.019211 0.007563
v -0.021459 -0.018372 0.010022
v -0.016116 -0.019241 0.009603
v -0.018744 -0.018999 0.010034
v 0.016304 -0.019226 -0.010457
v 0.017315 -0.019001 -0.012456
v 0.018580 -0.018385 -0.014726
v 0.020415 -0.016948 -0.013544
v 0.019509 -0.017688 -0.014317
v 0.017793 -0.018403 -0.017836
v 0.019276 -0.015955 -0.021452
v 0.019080 -0.017485 -0.018188
v 0.020885 -0.014614 -0.018684
v 0.020780 -0.013684 -0.019872
v 0.021060 -0.012492 -0.018725
v 0.018049 -0.016375 -0.023409
v 0.017782 -0.015682 -0.024899
v 0.018414 -0.013760 -0.025253
v 0.018579 -0.011442 -0.025349
v 0.016277 -0.017707 -0.024049
v 0.015117 -0.018550 -0.023392
v 0.014212 -0.018952 -0.022882
v 0.015272 -0.019197 -0.018170
v 0.012201 -0.019022 -0.025563
v 0.009886 -0.019250 -0.025497
v 0.013705 -0.018250 -0.026719
v 0.015063 -0.016719 -0.027771
v 0.014186 -0.013647 -0.030984
v 0.011409 -0.011421 -0.033814
v 0.015704 -0.011415 -0.029526
v 0.009759 -0.017686 -0.031773
v 0.008925 -0.018540 -0.030723
v 0.007695 -0.019205 -0.029183
v 0.005413 -0.019000 -0.031667
v 0.002981 -0.019305 -0.029385
v 0.006331 -0.018242 -0.033227
v 0.007218 -0.016646 -0.034737
v 0.007761 -0.014858 -0.035651
v 0.006397 -0.014250 -0.036652
v 0.007904 -0.012493 -0.035887
v 0.004831 -0.015845 -0.036590
v 0.000909 -0.017371 -0.036862
v 0.002530 -0.016350 -0.037184
v 0.000427 -0.018529 -0.035221
v -0.000156 -0.019205 -0.033277
v -0.005763 -0.016019 -0.039013
v -0.002795 -0.017544 -0.037490
v -0.003041 -0.018600 -0.035848
v -0.003216 -0.019021 -0.034649
v -0.004045 -0.014127 -0.039713
v -0.002503 -0.014628 -0.039400
v -0.002459 -0.012468 -0.039646
v -0.009497 -0.014517 -0.039624
v -0.007681 -0.016035 -0.038996
v -0.009341 -0.017191 -0.037979
v -0.005097 -0.013143 -0.040013
v -0.013273 -0.016083 -0.038220
v -0.016323 -0.016001 -0.037348
v -0.012770 -0.018256 -0.036109
v -0.012322 -0.019022 -0.034255
v -0.011603 -0.019258 -0.032996
v -0.009056 -0.018950 -0.035006
v -0.009152 -0.018554 -0.036015
v -0.013491 -0.012469 -0.039169
v -0.018104 -0.016061 -0.036597
v -0.020096 -0.013739 -0.036690
v -0.020175 -0.011422 -0.036870
v -0.019714 -0.015875 -0.035943
v -0.018973 -0.017698 -0.034520
v -0.018355 -0.018546 -0.033335
v -0.017655 -0.019077 -0.031986
v -0.020659 -0.019003 -0.030536
v -0.020381 -0.019251 -0.028476
v -0.021716 -0.018246 -0.032017
v -0.022721 -0.016690 -0.033419
v -0.027246 -0.017347 -0.028542
v -0.028598 -0.014476 -0.029696
v -0.026873 -0.016112 -0.030434
v -0.026047 -0.013724 -0.032620
v -0.028903 -0.011419 -0.029979
v -0.026955 -0.018999 -0.023907
v -0.028478 -0.018239 -0.024877
v -0.029964 -0.016626 -0.025823
v -0.030913 -0.014696 -0.026431
v -0.031211 -0.012457 -0.026626
v -0.031932 -0.015663 -0.023718
v -0.032297 -0.017389 -0.019586
v -0.032605 -0.016288 -0.021290
v -0.030709 -0.018524 -0.019060
v -0.029165 -0.019080 -0.018538
v -0.028876 -0.019246 -0.014904
v -0.030242 -0.019020 -0.015389
v -0.031429 -0.018592 -0.015606
v -0.033115 -0.017488 -0.015919
v -0.034690 -0.016004 -0.013009
v -0.035351 -0.013977 -0.014876
v -0.034740 -0.016027 -0.011086
v -0.035586 -0.013677 -0.013210
v -0.035757 -0.011416 -0.012712
v -0.035496 -0.011413 -0.015347
v -0.009533 -0.011437 -0.039984
v -0.025907 -0.018536 -0.027403
v -0.024426 -0.019197 -0.026132
v 0.015681 0.011410 -0.029483
v 0.010189 0.011372 -0.032305
v 0.015364 0.011410 -0.029056
v 0.014700 0.011366 -0.027480
v 0.016072 0.011410 -0.028532
v 0.012222 0.008460 -0.033230
v 0.011310 0.008470 -0.032058
v 0.010359 0.008414 -0.032532
v 0.012295 0.008511 -0.030240
v 0.016299 0.008470 -0.028706
v 0.014688 0.008521 -0.027471
v 0.016137 0.002511 -0.028573
v 0.015706 0.001474 -0.029613
v 0.011405 0.007452 -0.033803
v 0.011337 0.001470 -0.033758
v 0.012370 0.001432 -0.030172
v 0.015340 0.001470 -0.029074
v 0.014700 0.001426 -0.027480
v 0.016072 0.001470 -0.028532
v 0.011405 -0.001470 -0.033803
v 0.015340 -0.001470 -0.029074
v 0.012304 -0.001432 -0.030239
v 0.016072 -0.001470 -0.028532
v 0.014688 -0.001419 -0.027471
v 0.015709 -0.001481 -0.029610
v 0.012184 -0.008459 -0.033194
v 0.016345 -0.008470 -0.028774
v 0.016176 -0.002493 -0.028596
v 0.011337 -0.007480 -0.033758
v 0.010476 -0.008470 -0.032675
v 0.011308 -0.008443 -0.032017
v 0.014700 -0.008514 -0.027480
v 0.009876 -0.011252 -0.031919
v 0.015364 -0.011410 -0.029056
v 0.012304 -0.011372 -0.030239
v 0.016072 -0.011410 -0.028532
v 0.014688 -0.011359 -0.027471
v 0.007060 -0.011392 -0.036118
v 0.007853 0.011410 -0.035808
v 0.007001 0.011410 -0.036029
v 0.003839 0.011364 -0.035843
v 0.000836 0.011224 -0.036618
v 0.001057 0.008414 -0.037377
v 0.002125 0.008444 -0.037255
v 0.007998 0.008470 -0.036054
v 0.002523 0.008460 -0.038722
v 0.007898 0.002511 -0.035871
v 0.007108 0.001475 -0.036674
v 0.001551 0.007452 -0.038947
v 0.001505 0.001470 -0.038880
v 0.007853 0.001470 -0.035808
v 0.006971 0.001470 -0.036036
v 0.003839 0.001424 -0.035843
v 0.000836 0.001284 -0.036618
v 0.006971 -0.001470 -0.036036
v 0.007853 -0.001470 -0.035808
v 0.001551 -0.001470 -0.038947
v 0.007113 -0.001481 -0.036672
v 0.002501 -0.008459 -0.038674
v 0.008016 -0.008470 -0.036134
v 0.007926 -0.002493 -0.035907
v 0.001505 -0.007480 -0.038880
v 0.001112 -0.008470 -0.037553
v 0.002127 -0.008449 -0.037264
v 0.007007 -0.008538 -0.034387
v 0.007853 -0.011410 -0.035808
v -0.003500 -0.011417 -0.039972
v -0.003521 0.011419 -0.040007
v -0.002493 0.011410 -0.039475
v -0.003366 0.011410 -0.039361
v -0.009347 0.011372 -0.038111
v -0.009382 0.008414 -0.038384
v -0.008368 0.008470 -0.038704
v -0.006282 0.008508 -0.038084
v -0.002451 0.008470 -0.039758
v -0.008526 0.008460 -0.040181
v -0.002475 0.002511 -0.039551
v -0.003507 0.001474 -0.039999
v -0.009512 0.007452 -0.040025
v -0.009529 0.001470 -0.039945
v -0.002493 0.001470 -0.039475
v -0.003396 0.001470 -0.039357
v -0.006238 0.001432 -0.038082
v -0.002493 -0.001470 -0.039475
v -0.006282 -0.001432 -0.038084
v -0.003396 -0.001470 -0.039357
v -0.009512 -0.001470 -0.040025
v -0.003503 -0.001481 -0.039999
v -0.008529 -0.008459 -0.040128
v -0.002465 -0.008470 -0.039839
v -0.002463 -0.002493 -0.039594
v -0.009529 -0.007480 -0.039945
v -0.009397 -0.008470 -0.038569
v -0.008343 -0.008443 -0.038674
v -0.002801 -0.008629 -0.037434
v -0.002493 -0.011410 -0.039475
v -0.003366 -0.011410 -0.039361
v -0.009345 -0.011369 -0.038075
v -0.030168 -0.011392 0.005467
v -0.030421 0.011410 0.005817
v -0.030745 0.011410 0.004840
v -0.029306 0.011366 0.003890
v -0.030075 0.011410 0.005412
v -0.025116 0.011369 0.008991
v -0.025420 0.008436 0.009331
v -0.026240 0.008470 0.008690
v -0.029361 0.008511 0.003934
v -0.027233 0.008457 0.009794
v -0.030983 0.008470 0.004998
v -0.030813 0.002511 0.004877
v -0.030455 0.001475 0.005945
v -0.026457 0.007452 0.010424
v -0.026386 0.001470 0.010384
v -0.030745 0.001470 0.004840
v -0.029306 0.001426 0.003889
v -0.030052 0.001470 0.005432
v -0.025120 0.001429 0.008986
v -0.029352 -0.001427 0.003926
v -0.030745 -0.001470 0.004840
v -0.030052 -0.001470 0.005432
v -0.025059 -0.001431 0.008934
v -0.030458 -0.001481 0.005941
v -0.026457 -0.001470 0.010424
v -0.027198 -0.008448 0.009754
v -0.031034 -0.008470 0.005062
v -0.030853 -0.002493 0.004897
v -0.026386 -0.007480 0.010384
v -0.026234 -0.008440 0.008646
v -0.025092 -0.008528 0.008960
v -0.025451 -0.008470 0.009364
v -0.029306 -0.008514 0.003890
v -0.029352 -0.011367 0.003926
v -0.030745 -0.011410 0.004840
v -0.025059 -0.011371 0.008934
v -0.034536 0.011410 -0.004521
v -0.031235 0.011368 0.000638
v -0.033284 0.011370 -0.005638
v -0.034942 0.011410 -0.005302
v -0.031561 0.008414 0.000798
v -0.032185 0.008444 -0.000078
v -0.035222 0.008470 -0.005245
v -0.033542 0.008460 0.000608
v -0.035019 0.002511 -0.005294
v -0.034701 0.001457 -0.004466
v -0.033054 0.001470 0.001493
v -0.033058 0.007452 0.001481
v -0.031235 0.001428 0.000636
v -0.033284 0.001430 -0.005638
v -0.034942 0.001470 -0.005302
v -0.034942 -0.001470 -0.005302
v -0.032484 -0.001432 -0.002650
v -0.034522 -0.001470 -0.004494
v -0.033058 -0.001470 0.001481
v -0.035089 -0.001481 -0.004175
v -0.033491 -0.008459 0.000592
v -0.035294 -0.008470 -0.005205
v -0.035064 -0.002493 -0.005290
v -0.032977 -0.007480 0.001470
v -0.031433 -0.008424 0.000739
v -0.033310 -0.008508 -0.005631
v -0.032208 -0.008470 -0.000046
v -0.034942 -0.011410 -0.005302
v -0.032484 -0.011372 -0.002650
v -0.034536 -0.011410 -0.004521
v -0.030835 -0.011233 0.000445
v -0.035593 0.011418 -0.015277
v -0.035035 0.011410 -0.016279
v -0.034951 0.011410 -0.015402
v -0.033900 0.011372 -0.009382
v -0.035950 0.008460 -0.010274
v -0.034469 0.008470 -0.010381
v -0.035316 0.008470 -0.016331
v -0.033775 0.008511 -0.012353
v -0.034184 0.008414 -0.009357
v -0.035109 0.002511 -0.016300
v -0.035593 0.001474 -0.015284
v -0.035829 0.007452 -0.009284
v -0.035750 0.001470 -0.009264
v -0.035035 0.001470 -0.016279
v -0.034948 0.001470 -0.015372
v -0.033777 0.001432 -0.012387
v -0.035035 -0.001470 -0.016279
v -0.033780 -0.001432 -0.012360
v -0.034948 -0.001470 -0.015372
v -0.035829 -0.001470 -0.009284
v -0.035593 -0.001481 -0.015288
v -0.035897 -0.008459 -0.010270
v -0.035397 -0.008470 -0.016320
v -0.035152 -0.002493 -0.016314
v -0.035750 -0.007480 -0.009264
v -0.034369 -0.008470 -0.009348
v -0.034437 -0.008442 -0.010406
v -0.033022 -0.008621 -0.015904
v -0.035035 -0.011410 -0.016279
v -0.034951 -0.011410 -0.015402
v -0.033866 -0.011369 -0.009383
v -0.031345 -0.011388 -0.025713
v -0.031008 0.011410 -0.026491
v -0.031259 0.011410 -0.025647
v -0.031184 0.011364 -0.022481
v -0.032062 0.011223 -0.019506
v -0.032813 0.008414 -0.019754
v -0.032653 0.008444 -0.020817
v -0.031249 0.008470 -0.026644
v -0.034107 0.008460 -0.021266
v -0.031070 0.002511 -0.026538
v -0.031900 0.001475 -0.025777
v -0.034365 0.007452 -0.020303
v -0.034300 0.001470 -0.020254
v -0.031008 0.001470 -0.026491
v -0.031267 0.001470 -0.025618
v -0.031184 0.001424 -0.022481
v -0.032062 0.001283 -0.019506
v -0.031008 -0.001470 -0.026491
v -0.031085 -0.001432 -0.022866
v -0.031267 -0.001470 -0.025618
v -0.034365 -0.001470 -0.020303
v -0.031897 -0.001481 -0.025781
v -0.034059 -0.008459 -0.021243
v -0.031329 -0.008470 -0.026665
v -0.031104 -0.002493 -0.026567
v -0.034300 -0.007480 -0.020254
v -0.032988 -0.008470 -0.019815
v -0.032662 -0.008448 -0.020819
v -0.029624 -0.008539 -0.025600
v -0.031008 -0.011410 -0.026491
v -0.031085 -0.011372 -0.022866
v -0.032071 -0.011252 -0.019510
v -0.024054 -0.011392 -0.033855
v -0.024415 0.011410 -0.034093
v -0.023450 0.011410 -0.034451
v -0.023998 0.011410 -0.033762
v -0.028280 0.008460 -0.030767
v -0.027140 0.008470 -0.029815
v -0.027773 0.008448 -0.028991
v -0.022495 0.008521 -0.033094
v -0.023616 0.008470 -0.034683
v -0.023489 0.002511 -0.034518
v -0.024544 0.001475 -0.034123
v -0.028880 0.007452 -0.029971
v -0.028838 0.001470 -0.029901
v -0.023450 0.001470 -0.034451
v -0.024017 0.001470 -0.033738
v -0.027041 0.001282 -0.028369
v -0.024017 -0.001470 -0.033738
v -0.023450 -0.001470 -0.034451
v -0.028880 -0.001470 -0.029971
v -0.024540 -0.001481 -0.034126
v -0.028245 -0.008459 -0.030728
v -0.023682 -0.008470 -0.034732
v -0.023510 -0.002493 -0.034558
v -0.028838 -0.007480 -0.029901
v -0.027786 -0.008470 -0.029003
v -0.027098 -0.008441 -0.029811
v -0.022448 -0.008514 -0.033045
v -0.023450 -0.011410 -0.034451
v -0.014488 0.011410 -0.039030
v -0.014226 0.011410 -0.038567
v -0.013460 0.011410 -0.039000
v -0.013072 0.011370 -0.037371
v -0.019259 0.011358 -0.035072
v -0.019438 0.008414 -0.035408
v -0.018586 0.008445 -0.036062
v -0.013527 0.008470 -0.039278
v -0.019318 0.008460 -0.037394
v -0.013471 0.002511 -0.039077
v -0.014289 0.001459 -0.038729
v -0.020185 0.001470 -0.036875
v -0.020173 0.007452 -0.036880
v -0.013460 0.001470 -0.039000
v -0.013071 0.001430 -0.037371
v -0.019257 0.001418 -0.035073
v -0.014253 -0.001470 -0.038552
v -0.014602 -0.001492 -0.039103
v -0.020173 -0.001470 -0.036880
v -0.015924 -0.001428 -0.036480
v -0.013460 -0.001470 -0.039000
v -0.019300 -0.008459 -0.037344
v -0.013570 -0.008470 -0.039348
v -0.013476 -0.002493 -0.039121
v -0.020160 -0.007480 -0.036800
v -0.019378 -0.008425 -0.035288
v -0.013073 -0.008507 -0.037376
v -0.018618 -0.008470 -0.036084
v -0.014226 -0.011410 -0.038567
v -0.015924 -0.011368 -0.036480
v -0.013460 -0.011410 -0.039000
v -0.019067 -0.011241 -0.034706
v -0.022244 -0.011241 -0.032753
v -0.022183 -0.015805 -0.032679
v -0.021755 -0.017507 -0.032073
v -0.019521 -0.007528 -0.035573
v -0.019066 -0.001300 -0.034705
v -0.019035 -0.008987 -0.034645
v -0.022242 -0.001299 -0.032749
v -0.022218 -0.008914 -0.032720
v -0.019040 0.000967 -0.034649
v -0.019039 0.008942 -0.034652
v -0.019521 0.007528 -0.035573
v -0.022242 0.001299 -0.032749
v -0.022213 0.008935 -0.032711
v -0.022248 0.011245 -0.032760
v -0.021280 0.018399 -0.031410
v -0.022066 0.016630 -0.032511
v -0.029258 -0.011216 -0.025374
v -0.029126 -0.015996 -0.025293
v -0.028546 -0.017507 -0.024921
v -0.027041 -0.008664 -0.028369
v -0.027059 -0.001317 -0.028385
v -0.027786 -0.007528 -0.029003
v -0.029252 -0.001272 -0.025369
v -0.029207 -0.008916 -0.025342
v -0.027055 0.008744 -0.028392
v -0.027786 0.007528 -0.029003
v -0.029285 0.001321 -0.025390
v -0.029262 0.008661 -0.025376
v -0.029285 0.011261 -0.025390
v -0.027858 0.018399 -0.024484
v -0.029000 0.016629 -0.025211
v -0.032983 -0.011210 -0.015895
v -0.032845 -0.015990 -0.015874
v -0.032163 -0.017507 -0.015746
v -0.032988 -0.007528 -0.019815
v -0.032087 -0.001319 -0.019515
v -0.032059 -0.008664 -0.019506
v -0.032994 -0.001276 -0.015898
v -0.031996 0.008925 -0.019485
v -0.032988 0.007528 -0.019815
v -0.032994 0.008664 -0.015898
v -0.033022 0.001319 -0.015903
v -0.033022 0.011259 -0.015903
v -0.031362 0.018399 -0.015599
v -0.032692 0.016630 -0.015845
v -0.032896 -0.011210 -0.005716
v -0.032793 -0.015855 -0.005741
v -0.032080 -0.017507 -0.005884
v -0.033393 -0.008664 -0.009408
v -0.033422 -0.001319 -0.009406
v -0.034369 -0.007528 -0.009348
v -0.032907 -0.001276 -0.005714
v -0.032848 -0.008916 -0.005727
v -0.033393 0.001276 -0.009408
v -0.033332 0.008916 -0.009412
v -0.034369 0.007528 -0.009348
v -0.032895 0.008671 -0.005716
v -0.032848 0.001024 -0.005726
v -0.032608 0.016630 -0.005777
v -0.032848 0.010964 -0.005726
v -0.031282 0.018399 -0.006048
v -0.028968 -0.010954 0.003672
v -0.028931 -0.015799 0.003637
v -0.028309 -0.017507 0.003229
v -0.031729 -0.007528 0.000875
v -0.030845 -0.001299 0.000450
v -0.030786 -0.008980 0.000424
v -0.028965 -0.001008 0.003671
v -0.028974 -0.008917 0.003671
v -0.030786 0.000960 0.000425
v -0.031729 0.007528 0.000875
v -0.030784 0.008957 0.000421
v -0.028973 0.008921 0.003671
v -0.028965 0.001012 0.003671
v -0.028938 0.015831 0.003639
v -0.028972 0.010963 0.003674
v -0.027630 0.018399 0.002778
v -0.028494 0.017174 0.003349
v -0.024774 0.001020 0.008618
v -0.025451 0.007528 0.009364
v -0.024812 0.008742 0.008653
v -0.024779 -0.008920 0.008614
v -0.024771 -0.001010 0.008615
v -0.025451 -0.007528 0.009364
v -0.012977 -0.011216 -0.036981
v -0.012936 -0.016022 -0.036821
v -0.012779 -0.017507 -0.036160
v -0.009397 -0.007528 -0.038569
v -0.009305 -0.001319 -0.037623
v -0.009302 -0.008664 -0.037595
v -0.012976 -0.001270 -0.036970
v -0.012961 -0.008926 -0.036916
v -0.009301 0.001270 -0.037583
v -0.009297 0.008916 -0.037534
v -0.009397 0.007528 -0.038569
v -0.012977 0.008664 -0.036981
v -0.012963 0.001024 -0.036922
v -0.012963 0.010958 -0.036918
v -0.012587 0.018399 -0.035368
v -0.012904 0.016630 -0.036683
v -0.002803 -0.011216 -0.037422
v -0.002824 -0.016016 -0.037262
v -0.002926 -0.017507 -0.036587
v 0.001112 -0.007528 -0.037553
v 0.000836 -0.008664 -0.036615
v 0.000842 -0.001318 -0.036638
v -0.002803 -0.001276 -0.037422
v 0.000818 0.008916 -0.036557
v 0.001112 0.007528 -0.037553
v -0.002802 0.008664 -0.037422
v -0.002802 0.001312 -0.037435
v -0.002802 0.011253 -0.037436
v -0.003045 0.018399 -0.035781
v -0.002845 0.016630 -0.037119
v 0.006804 -0.011252 -0.034033
v 0.006722 -0.015993 -0.033886
v 0.006370 -0.017507 -0.033292
v 0.010476 -0.007528 -0.032675
v 0.009886 -0.001319 -0.031931
v 0.009868 -0.008664 -0.031909
v 0.006799 -0.001308 -0.034025
v 0.006768 -0.008916 -0.033967
v 0.009861 0.001270 -0.031900
v 0.010476 0.007528 -0.032675
v 0.009830 0.008916 -0.031862
v 0.006813 0.001321 -0.034048
v 0.006800 0.008661 -0.034024
v 0.006813 0.011261 -0.034048
v 0.005958 0.018399 -0.032589
v 0.006644 0.016630 -0.033755
v 0.014378 -0.010954 -0.027237
v 0.014347 -0.015799 -0.027205
v 0.013755 -0.017507 -0.026755
v 0.014373 -0.001006 -0.027235
v 0.014381 -0.008918 -0.027237
v 0.014376 0.008932 -0.027234
v 0.014380 0.001023 -0.027239
v 0.014383 0.010968 -0.027240
v 0.013109 0.018399 -0.026257
v 0.014182 0.016630 -0.027082
v 0.020507 0.011410 -0.019458
v 0.020967 0.011410 -0.018707
v 0.019348 0.011370 -0.018260
v 0.016849 0.011359 -0.024370
v 0.017331 0.008470 -0.024645
v 0.016853 0.008508 -0.024372
v 0.017872 0.008470 -0.023760
v 0.019163 0.008436 -0.024491
v 0.021315 0.008470 -0.018817
v 0.019317 0.008520 -0.018251
v 0.021043 0.002511 -0.018721
v 0.020667 0.001459 -0.019526
v 0.018609 0.001470 -0.025353
v 0.018614 0.007452 -0.025342
v 0.020967 0.001470 -0.018707
v 0.019348 0.001430 -0.018260
v 0.016850 0.001419 -0.024368
v 0.020491 -0.001470 -0.019484
v 0.021030 -0.001492 -0.019852
v 0.018614 -0.001470 -0.025342
v 0.019327 -0.001426 -0.018254
v 0.020967 -0.001470 -0.018707
v 0.016847 -0.001428 -0.024368
v 0.019108 -0.008459 -0.024486
v 0.021311 -0.008470 -0.018828
v 0.021088 -0.002493 -0.018727
v 0.018535 -0.007480 -0.025326
v 0.016850 -0.008521 -0.024369
v 0.017331 -0.008470 -0.024645
v 0.019353 -0.008507 -0.018262
v 0.017872 -0.008470 -0.023760
v 0.020507 -0.011410 -0.019458
v 0.019327 -0.011366 -0.018254
v 0.020967 -0.011410 -0.018707
v 0.016877 -0.011374 -0.024386
v 0.017331 -0.007528 -0.024645
v 0.016431 -0.001006 -0.024135
v 0.016426 -0.008971 -0.024129
v 0.016427 0.000975 -0.024133
v 0.016429 0.008940 -0.024131
v 0.017331 0.007528 -0.024645
v 0.018826 0.015877 -0.018114
v 0.018931 0.010950 -0.018154
v 0.018010 0.017706 -0.017888
v 0.018937 0.008920 -0.018150
v 0.018931 0.001010 -0.018154
v 0.018930 -0.001012 -0.018156
v 0.018933 -0.008930 -0.018148
v 0.018835 -0.015796 -0.018116
v 0.018935 -0.010960 -0.018156
v 0.017841 -0.017978 -0.017828
v -0.015212 0.009450 0.005227
v -0.013805 0.009450 0.006680
v -0.013397 0.009450 0.004199
v -0.012012 0.009450 0.007310
v 0.011958 0.009450 -0.007382
v 0.008539 0.009450 -0.011268
v 0.012225 0.009450 -0.009260
v -0.008718 0.009450 -0.011005
v -0.011280 0.009450 -0.011543
v -0.011092 0.009450 -0.008608
v -0.013566 0.009450 -0.008744
v -0.012825 0.009450 -0.005713
v -0.015172 0.009450 -0.005506
v -0.013818 0.009450 -0.002488
v -0.016017 0.009450 -0.001992
v -0.014012 0.009450 0.000881
v -0.016058 0.009450 0.001622
v 0.011593 0.009450 -0.011211
v 0.007036 0.009450 -0.014581
v 0.002382 0.009450 -0.013936
v 0.001992 0.009450 -0.016017
v -0.004312 0.009450 -0.013465
v -0.001622 0.009450 -0.016058
v -0.005155 0.009450 -0.015295
v -0.008429 0.009450 -0.013764
v 0.012159 0.019251 -0.010658
v -0.015004 0.019250 0.006014
v -0.013764 0.017850 0.008429
v -0.014948 0.019250 -0.013017
v -0.016893 0.019250 -0.013633
v -0.019239 0.019250 -0.010207
v -0.025790 0.019250 -0.014591
v -0.022952 0.019250 -0.013926
v -0.019049 0.019250 -0.027241
v -0.016915 0.019250 -0.023735
v -0.018646 0.019250 -0.025087
v -0.014275 0.019250 -0.028648
v -0.013459 0.019250 -0.026622
v -0.008214 0.019250 -0.023281
v -0.014196 0.019250 -0.024546
v -0.017113 0.019250 -0.029313
v -0.024305 0.019250 -0.018088
v -0.025232 0.019250 -0.020198
v -0.022505 0.019250 -0.023069
v -0.024609 0.019250 -0.022147
v -0.020560 0.019250 -0.022453
v -0.019606 0.019250 -0.019740
v -0.021479 0.019250 -0.017557
v 0.010515 0.019250 -0.021573
v 0.009599 0.019250 -0.024274
v 0.008744 0.019250 -0.013566
v 0.005506 0.019250 -0.015172
v 0.008643 0.019250 -0.019391
v 0.006352 0.019250 -0.019643
v 0.004976 0.019250 -0.021150
v -0.004434 0.019250 -0.020038
v 0.005506 0.019250 -0.023976
v 0.007616 0.019250 -0.024903
v 0.001550 0.019250 -0.030384
v 0.003610 0.019250 -0.028287
v 0.002861 0.019250 -0.025584
v 0.000143 0.019250 -0.024773
v -0.001589 0.019250 -0.026125
v -0.001992 0.019250 -0.028279
v -0.000663 0.019250 -0.029975
v -0.022874 0.019250 -0.009824
v -0.025592 0.019250 -0.009013
v -0.027738 0.019250 -0.012508
v -0.027324 0.019250 -0.010365
v -0.022137 0.019250 -0.011900
v -0.013684 0.019250 -0.018276
v -0.012308 0.019250 -0.016769
v -0.008429 0.019250 -0.013764
v -0.012838 0.019250 -0.013943
v -0.015974 0.019250 -0.018528
v -0.017847 0.019250 -0.016346
v -0.005388 0.019250 -0.022750
v -0.008597 0.019250 -0.018108
v -0.009973 0.019250 -0.019614
v -0.009720 0.019250 -0.021905
v -0.006306 0.019250 -0.017855
v -0.005155 0.019250 -0.015295
v -0.001622 0.019250 -0.016058
v 0.001992 0.019250 -0.016017
v -0.016017 0.019250 -0.001992
v -0.015172 0.019250 -0.005506
v -0.013566 0.019250 -0.008744
v -0.011280 0.019250 -0.011543
v -0.022653 0.019250 -0.006024
v -0.024645 0.019250 -0.005586
v -0.022229 0.019250 -0.000485
v -0.020723 0.019250 -0.001861
v -0.016058 0.019250 0.001622
v -0.020470 0.019250 -0.004152
v -0.025991 0.019250 -0.003785
v -0.024520 0.019250 -0.000738
v -0.005987 0.019250 -0.031377
v -0.005060 0.019250 -0.029267
v -0.005677 0.019250 -0.027322
v -0.007787 0.019250 -0.026396
v -0.009732 0.019250 -0.027012
v -0.010685 0.019250 -0.029725
v -0.008779 0.019250 -0.031939
v -0.019239 -0.019250 -0.010207
v -0.017103 -0.019250 -0.013833
v -0.020450 -0.019250 -0.018188
v -0.017779 -0.019250 -0.016628
v -0.008429 -0.019250 -0.013764
v -0.012226 -0.019250 -0.016492
v -0.015697 -0.019250 -0.018611
v -0.014185 -0.019250 -0.024532
v -0.013684 -0.019250 -0.018276
v -0.012560 -0.019250 -0.014479
v -0.014345 -0.019250 -0.013021
v -0.010055 -0.019250 -0.019892
v -0.005277 -0.019250 -0.018485
v 0.000284 -0.019250 -0.022163
v -0.008072 -0.019250 -0.017810
v -0.004461 -0.019250 -0.020640
v -0.005178 -0.019250 -0.022551
v -0.007333 -0.019250 -0.023367
v -0.009243 -0.019250 -0.022651
v -0.013488 -0.019250 -0.027362
v -0.014922 -0.019250 -0.029010
v -0.017106 -0.019250 -0.029297
v -0.018646 -0.019250 -0.025087
v -0.016911 -0.019250 -0.023749
v -0.019064 -0.019250 -0.027244
v -0.027324 -0.019250 -0.010365
v -0.025589 -0.019250 -0.009027
v -0.026976 -0.019250 -0.013849
v -0.025008 -0.019250 -0.014627
v -0.027747 -0.019250 -0.011859
v -0.022165 -0.019250 -0.012641
v -0.023245 -0.019250 -0.017512
v -0.022863 -0.019250 -0.009811
v -0.024871 -0.019250 -0.021658
v -0.025228 -0.019250 -0.019594
v -0.019633 -0.019250 -0.020343
v -0.020350 -0.019250 -0.022253
v -0.023090 -0.019250 -0.023067
v 0.002049 -0.019250 -0.030107
v 0.003598 -0.019250 -0.027660
v 0.002872 -0.019250 -0.025570
v -0.002006 -0.019250 -0.028282
v -0.001589 -0.019250 -0.026125
v 0.000146 -0.019250 -0.024787
v -0.000074 -0.019250 -0.030324
v 0.009765 -0.019250 -0.024096
v 0.010447 -0.019250 -0.021291
v 0.007013 -0.019250 -0.024898
v 0.004930 -0.019250 -0.022916
v 0.008365 -0.019250 -0.019308
v 0.005606 -0.019250 -0.020121
v 0.005506 -0.019250 -0.015172
v 0.008744 -0.019250 -0.013566
v 0.012177 -0.019250 -0.010631
v -0.010618 -0.019250 -0.030007
v -0.009942 -0.019250 -0.027212
v -0.005060 -0.019250 -0.029267
v -0.005777 -0.019250 -0.031178
v -0.007787 -0.019250 -0.026396
v -0.005876 -0.019250 -0.027112
v -0.008542 -0.019250 -0.031986
v -0.023599 -0.019250 -0.014288
v -0.015020 -0.019251 0.005987
v -0.022507 -0.019250 -0.000403
v -0.016058 -0.019250 0.001622
v -0.020424 -0.019250 -0.002386
v -0.016017 -0.019250 -0.001992
v -0.021100 -0.019250 -0.005181
v -0.023255 -0.019250 -0.005997
v -0.025166 -0.019250 -0.005281
v -0.024520 -0.019250 -0.000738
v -0.025985 -0.019250 -0.002483
v -0.011280 -0.019250 -0.011543
v -0.013566 -0.019250 -0.008744
v -0.015172 -0.019250 -0.005506
v 0.001992 -0.019250 -0.016017
v -0.001622 -0.019250 -0.016058
v -0.005155 -0.019250 -0.015295
v 0.017706 0.010978 -0.021583
v 0.016426 0.010909 -0.024129
v 0.017733 0.008899 -0.021529
v 0.017706 0.001038 -0.021583
v 0.017733 -0.001041 -0.021529
v 0.017706 -0.008902 -0.021583
v 0.016453 -0.011118 -0.024143
v 0.017733 -0.010981 -0.021529
v 0.012054 0.010976 -0.029927
v 0.009825 0.010928 -0.031856
v 0.012060 0.008902 -0.029921
v 0.012054 0.001036 -0.029927
v 0.012060 -0.001038 -0.029921
v 0.012074 -0.008733 -0.029985
v 0.012060 -0.010978 -0.029921
v 0.003724 0.010907 -0.035505
v 0.004305 0.008734 -0.035349
v 0.003764 0.000967 -0.035488
v 0.003793 -0.000967 -0.035475
v 0.004185 -0.001424 -0.035693
v 0.004170 -0.008902 -0.035349
v 0.003770 -0.010904 -0.035484
v 0.000839 -0.011251 -0.036624
v 0.004185 -0.011364 -0.035693
v -0.006277 0.010976 -0.037686
v -0.009296 0.010928 -0.037526
v -0.006259 0.008902 -0.037686
v -0.006277 0.001036 -0.037686
v -0.006259 -0.001038 -0.037686
v -0.006306 -0.008733 -0.037742
v -0.006259 -0.010978 -0.037686
v -0.009297 -0.010964 -0.037534
v -0.027219 0.010979 0.006029
v -0.024779 0.010960 0.008614
v -0.027300 0.008901 0.005932
v -0.027219 0.001039 0.006029
v -0.027300 -0.001039 0.005932
v -0.027219 -0.008901 0.006029
v -0.027300 -0.010979 0.005932
v -0.024773 -0.010942 0.008607
v -0.032128 0.010978 -0.002840
v -0.030786 0.010900 0.000424
v -0.032189 0.008733 -0.002850
v -0.032128 0.001038 -0.002840
v -0.032130 -0.001036 -0.002848
v -0.032128 -0.008902 -0.002840
v -0.032130 -0.010976 -0.002848
v -0.033382 0.010976 -0.012343
v -0.033324 0.010928 -0.009412
v -0.033382 0.008901 -0.012364
v -0.033382 0.001036 -0.012343
v -0.033382 -0.001039 -0.012364
v -0.033439 -0.008733 -0.012315
v -0.033382 -0.010979 -0.012364
v -0.033327 -0.010956 -0.009412
v -0.030865 0.010911 -0.022325
v -0.030718 0.008733 -0.022840
v -0.030862 0.000970 -0.022332
v -0.030698 -0.001041 -0.022762
v -0.030723 -0.008902 -0.022705
v -0.030715 -0.010976 -0.022720
v -0.025004 0.010924 -0.030427
v -0.027035 0.011218 -0.028364
v -0.025115 0.011364 -0.030799
v -0.024257 0.008899 -0.031115
v -0.024995 0.000985 -0.030436
v -0.025115 0.001424 -0.030799
v -0.025069 -0.000965 -0.030367
v -0.024836 -0.001424 -0.031054
v -0.025125 -0.008733 -0.030426
v -0.025079 -0.010905 -0.030358
v -0.027049 -0.011251 -0.028377
v -0.024836 -0.011364 -0.031054
v -0.015706 0.010978 -0.036143
v -0.019039 0.010907 -0.034650
v -0.015702 0.008734 -0.036203
v -0.015706 0.001038 -0.036143
v -0.015698 -0.001036 -0.036145
v -0.015706 -0.008902 -0.036143
v -0.015698 -0.010976 -0.036145
v 0.000818 -0.015451 -0.036574
v 0.007875 0.015076 -0.033247
v -0.009287 -0.015920 -0.037426
v -0.010598 -0.015057 -0.037354
v -0.024684 -0.015909 0.008528
v -0.022370 -0.016133 0.010400
v -0.032521 0.015055 -0.017632
v -0.019033 0.015760 -0.034624
v -0.026917 0.016022 -0.028259
v -0.028583 0.015141 -0.026222
v -0.028406 -0.014998 -0.026502
v -0.031907 0.016016 -0.019451
v -0.032002 -0.015564 -0.019481
v -0.033209 0.015090 -0.008245
v -0.033239 0.015993 -0.009414
v -0.033266 -0.015739 -0.009415
v -0.030703 0.015856 0.000386
v -0.022289 0.016011 0.010516
v -0.010377 0.015114 -0.037379
v -0.000921 0.015053 -0.036981
v -0.009291 0.015996 -0.037440
v 0.007993 -0.015010 -0.033180
v 0.000789 0.015990 -0.036471
v 0.016399 0.015760 -0.024124
v 0.016337 -0.015911 -0.024083
v 0.009762 0.016022 -0.031781
v 0.019464 -0.016161 -0.015130
v -0.018306 -0.018399 -0.033232
v -0.018930 -0.016630 -0.034432
v -0.018680 0.017507 -0.033956
v -0.025808 -0.018364 -0.027310
v -0.026810 -0.016630 -0.028167
v -0.026401 0.017507 -0.027819
v -0.030494 -0.018392 -0.018978
v -0.031470 -0.017174 -0.019300
v -0.031260 0.017507 -0.019236
v -0.032498 -0.017636 -0.009457
v -0.032550 0.017507 -0.009458
v -0.029377 -0.018365 -0.000244
v -0.030568 -0.016630 0.000324
v -0.030083 0.017507 0.000091
v -0.023973 0.017959 0.007775
v -0.024640 0.016324 0.008479
v -0.022621 -0.017878 0.009028
v -0.024119 -0.017706 0.007912
v -0.009223 -0.017636 -0.036702
v -0.009223 0.017507 -0.036754
v 0.000370 -0.018364 -0.035057
v 0.000653 -0.017174 -0.036018
v 0.000594 0.017507 -0.035806
v 0.008853 -0.018365 -0.030639
v 0.009674 -0.016630 -0.031671
v 0.009341 0.017507 -0.031249
v 0.015696 -0.017636 -0.023727
v 0.015744 0.017507 -0.023748
v 0.019511 0.015748 -0.015074
v 0.018490 0.017694 -0.016085
v -0.018500 0.002681 -0.028133
v -0.018881 0.002624 -0.027276
v -0.018996 0.003025 -0.025760
v -0.018083 0.002625 -0.024528
v -0.016868 0.003042 -0.023762
v -0.015269 0.002624 -0.024013
v -0.014475 0.002673 -0.024462
v -0.013504 0.003021 -0.025826
v -0.013644 0.002625 -0.027310
v -0.014309 0.003032 -0.028630
v -0.015768 0.002625 -0.029228
v -0.017680 0.002586 -0.028843
v -0.016695 0.002672 -0.029257
v -0.016442 0.001738 -0.028055
v -0.017891 0.001774 -0.025635
v -0.014612 0.001804 -0.027457
v -0.015340 0.001817 -0.024846
v -0.001443 0.002681 -0.029171
v -0.001824 0.002624 -0.028314
v -0.001939 0.003025 -0.026798
v -0.001026 0.002625 -0.025566
v 0.000189 0.003042 -0.024800
v 0.001788 0.002624 -0.025051
v 0.002582 0.002673 -0.025501
v 0.003553 0.003021 -0.026864
v 0.003413 0.002625 -0.028348
v 0.002743 0.003053 -0.029682
v 0.001275 0.002625 -0.030268
v -0.000623 0.002586 -0.029881
v 0.000363 0.002672 -0.030295
v -0.000137 0.001830 -0.029380
v -0.001132 0.001829 -0.027905
v 0.000200 0.001776 -0.025809
v 0.001987 0.001830 -0.029224
v 0.002324 0.001798 -0.026524
v -0.027177 0.002681 -0.013411
v -0.027684 0.003047 -0.011049
v -0.027555 0.002623 -0.012568
v -0.026761 0.002625 -0.009806
v -0.025546 0.003042 -0.009040
v -0.023947 0.002624 -0.009291
v -0.023153 0.002673 -0.009741
v -0.022182 0.003021 -0.011104
v -0.022322 0.002625 -0.012588
v -0.022987 0.003032 -0.013909
v -0.024446 0.002625 -0.014506
v -0.026358 0.002586 -0.014121
v -0.025372 0.002672 -0.014536
v -0.026240 0.001798 -0.013153
v -0.023967 0.001745 -0.010619
v -0.023963 0.001806 -0.013497
v -0.026173 0.001744 -0.011005
v -0.015866 -0.002681 -0.023833
v -0.016804 -0.002624 -0.023883
v -0.018206 -0.003025 -0.024469
v -0.018888 -0.002625 -0.025843
v -0.019019 -0.003042 -0.027273
v -0.018068 -0.002624 -0.028583
v -0.017307 -0.002673 -0.029086
v -0.015651 -0.003021 -0.029331
v -0.014393 -0.002625 -0.028532
v -0.013519 -0.003032 -0.027340
v -0.013650 -0.002625 -0.025769
v -0.014862 -0.002586 -0.024240
v -0.014044 -0.002672 -0.024930
v -0.016184 -0.001744 -0.025066
v -0.017362 -0.001745 -0.027637
v -0.014851 -0.001835 -0.025157
v -0.014723 -0.001798 -0.027597
v -0.018001 -0.001849 -0.025591
v -0.024544 -0.002681 -0.009111
v -0.025481 -0.002624 -0.009161
v -0.026884 -0.003025 -0.009748
v -0.027708 -0.002723 -0.011549
v -0.027502 -0.002570 -0.012764
v -0.026746 -0.002624 -0.013862
v -0.025984 -0.002673 -0.014365
v -0.024328 -0.003021 -0.014610
v -0.023070 -0.002625 -0.013810
v -0.022196 -0.003032 -0.012618
v -0.022327 -0.002625 -0.011047
v -0.023540 -0.002586 -0.009519
v -0.022722 -0.002672 -0.010208
v -0.025360 -0.001806 -0.009943
v -0.023598 -0.001776 -0.013143
v -0.022958 -0.001845 -0.011357
v -0.026184 -0.001806 -0.013302
v -0.026679 -0.001849 -0.010870
v 0.001191 -0.002681 -0.024871
v 0.000254 -0.002624 -0.024921
v -0.001149 -0.003025 -0.025507
v -0.001831 -0.002625 -0.026881
v -0.001961 -0.003042 -0.028311
v -0.001011 -0.002624 -0.029621
v -0.000249 -0.002673 -0.030124
v 0.001417 -0.003043 -0.030373
v 0.002665 -0.002625 -0.029570
v 0.003539 -0.003032 -0.028378
v 0.003408 -0.002625 -0.026807
v 0.002195 -0.002586 -0.025279
v 0.003013 -0.002672 -0.025968
v 0.000354 -0.001776 -0.025765
v 0.002777 -0.001845 -0.027116
v 0.001517 -0.001744 -0.028888
v -0.000629 -0.001798 -0.028777
v -0.000944 -0.001849 -0.026630
v 0.007546 -0.011241 -0.011875
v 0.007154 -0.009450 -0.012081
v -0.012009 -0.011250 0.007274
v -0.012011 -0.009450 0.007296
v -0.013259 -0.011250 0.004683
v -0.013397 -0.009450 0.004199
v -0.013989 -0.011250 0.001446
v -0.014110 -0.009450 -0.000890
v -0.013939 -0.011250 -0.001872
v -0.013113 -0.011250 -0.005087
v -0.012111 -0.009450 -0.007295
v -0.011555 -0.011250 -0.008019
v -0.008641 -0.011254 -0.011160
v -0.008718 -0.009450 -0.011005
v -0.005840 -0.009450 -0.012768
v -0.005203 -0.011252 -0.013084
v -0.002625 -0.009450 -0.013792
v 0.000741 -0.009450 -0.014020
v 0.001348 -0.011251 -0.014012
v -0.001983 -0.011251 -0.013938
v 0.004065 -0.009450 -0.013439
v 0.004601 -0.011251 -0.013300
v 0.010166 -0.011249 -0.009727
v 0.009829 -0.009450 -0.010025
v 0.011972 -0.009450 -0.007377
v 0.011937 -0.011250 -0.007390
v -0.013805 -0.009450 0.006680
v 0.011570 -0.009450 -0.011174
v 0.012225 -0.009450 -0.009260
v -0.015255 -0.009450 0.005231
v -0.016186 -0.009450 -0.000360
v -0.015172 -0.009450 -0.005506
v -0.013566 -0.009450 -0.008744
v -0.011280 -0.009450 -0.011543
v -0.008429 -0.009450 -0.013764
v -0.005155 -0.009450 -0.015295
v -0.001622 -0.009450 -0.016058
v 0.001992 -0.009450 -0.016017
v 0.005506 -0.009450 -0.015172
v 0.008744 -0.009450 -0.013566
v 0.011587 -0.017851 -0.011226
v 0.013764 -0.017850 -0.008429
v -0.015292 -0.017851 0.005127
v -0.015266 0.017851 0.005218
v 0.011518 0.017851 -0.011291
v -0.012009 0.011250 0.007274
v -0.013285 0.011249 0.004634
v -0.014007 0.011241 0.001324
v -0.013938 0.011251 -0.001947
v -0.013093 0.011251 -0.005168
v -0.011514 0.011251 -0.008101
v -0.009441 0.011261 -0.010425
v -0.006019 0.011257 -0.012767
v -0.001891 0.011250 -0.013937
v 0.001429 0.011250 -0.013992
v 0.004668 0.011250 -0.013267
v 0.007646 0.011250 -0.011803
v 0.011937 0.011250 -0.007390
v 0.010198 0.011250 -0.009682
v -0.012997 0.017850 0.007133
v 0.012298 0.017850 -0.008605
v 0.012261 -0.017850 -0.008335
v -0.013255 -0.017850 0.007043
v -0.027043 0.001931 -0.012091
v -0.023045 0.001919 -0.010780
v -0.023171 0.002422 -0.013784
v -0.026461 0.001919 -0.010296
v -0.024613 0.001931 -0.009730
v -0.023006 0.001931 -0.012713
v -0.025639 0.001931 -0.013831
v -0.022394 0.002424 -0.011131
v -0.027465 0.002423 -0.011088
v -0.025414 0.002422 -0.009236
v -0.018365 0.001931 -0.026813
v -0.014117 0.001919 -0.026256
v -0.015768 0.001919 -0.028655
v -0.014493 0.002422 -0.028505
v -0.016715 0.001931 -0.024476
v -0.017638 0.001931 -0.028163
v -0.013716 0.002424 -0.025853
v -0.018787 0.002423 -0.025809
v -0.016736 0.002422 -0.023958
v 0.001858 0.001931 -0.025748
v 0.002564 0.002422 -0.029543
v 0.003341 0.002424 -0.026891
v 0.002918 0.001931 -0.027716
v -0.001730 0.002423 -0.026848
v -0.000935 0.001931 -0.026363
v 0.000321 0.002422 -0.024996
v 0.000363 -0.001931 -0.029665
v 0.003343 -0.002422 -0.028271
v -0.001255 -0.001931 -0.028123
v 0.002200 -0.001919 -0.029233
v 0.001609 -0.001931 -0.025625
v 0.001334 -0.002424 -0.030168
v -0.001010 -0.002423 -0.025671
v -0.001727 -0.002422 -0.028340
v -0.016583 -0.001919 -0.024412
v -0.017107 -0.001919 -0.028537
v -0.014141 -0.001931 -0.026400
v -0.013714 -0.002422 -0.027233
v -0.018313 -0.001931 -0.027085
v -0.015723 -0.002424 -0.029130
v -0.015181 -0.001931 -0.028378
v -0.018067 -0.002423 -0.024633
v -0.018784 -0.002422 -0.027302
v -0.024592 -0.001931 -0.013923
v -0.022391 -0.002422 -0.012511
v -0.026990 -0.001931 -0.012363
v -0.024126 -0.001931 -0.009866
v -0.024401 -0.002424 -0.014409
v -0.026745 -0.002423 -0.009911
v 0.018914 -0.019130 -0.011874
v -0.018934 -0.019209 0.011554
v -0.019048 0.019170 0.011485
v 0.018922 0.019168 -0.011747
v 0.016338 0.019223 -0.010492
v -0.008465 -0.004550 -0.005279
v -0.008432 -0.011745 -0.005366
v -0.005479 -0.004550 -0.008466
v -0.006345 -0.011750 -0.007729
v -0.004001 -0.011750 -0.009165
v -0.000923 -0.004550 -0.009960
v -0.000951 -0.011733 -0.009936
v -0.008497 -0.004550 -0.003986
v -0.008517 -0.011741 -0.004060
v -0.006106 -0.011752 -0.000196
v -0.006030 -0.004550 -0.000146
v -0.004475 -0.004550 0.000168
v -0.004583 -0.011731 0.000184
v 0.002222 -0.011752 -0.003952
v 0.002272 -0.004550 -0.004028
v 0.002586 -0.004550 -0.005584
v 0.002602 -0.011731 -0.005476
v 0.000270 -0.011758 -0.009431
v 0.000263 -0.004550 -0.009416
v 0.011012 0.004483 -0.008572
v -0.013610 0.004483 0.002993
v -0.013319 0.004512 -0.004051
v -0.008350 0.004477 -0.011182
v -0.013554 -0.004479 0.003364
v -0.012515 -0.004481 0.006174
v -0.013905 -0.004502 0.000835
v 0.000643 -0.004499 -0.013921
v -0.011518 -0.004482 -0.007898
v -0.013072 -0.004484 -0.004905
v 0.003312 -0.004488 -0.013561
v 0.006737 -0.004490 -0.012242
v -0.009290 -0.004484 -0.010422
v -0.003873 -0.004501 -0.013385
v -0.006515 -0.004482 -0.012352
v -0.011927 0.004399 0.007274
v -0.012954 0.004493 0.005178
v -0.013933 0.004505 0.000563
v -0.012656 0.004376 -0.005956
v -0.013883 0.004370 -0.001733
v -0.009993 0.004489 -0.009708
v -0.011392 0.004472 -0.008058
v 0.000431 0.004481 -0.013943
v -0.001779 -0.004366 -0.013893
v -0.002077 0.004475 -0.013803
v -0.006218 0.004474 -0.012490
v 0.006987 0.004482 -0.012072
v 0.004693 0.004467 -0.013151
v 0.011013 -0.004508 -0.008551
v 0.009230 -0.004370 -0.010532
v 0.009036 0.004468 -0.010642
v -0.009942 -0.004508 0.010425
v -0.009945 0.004503 0.010431
v 0.013802 0.004506 -0.004118
v 0.013814 -0.004505 -0.004117
v -0.013876 -0.004471 -0.001629
v 0.002588 0.004489 -0.013689
v -0.004204 0.004489 -0.013282
vn 0.5224 -0.0020 0.8527
vn 0.5223 -0.0036 0.8528
vn 0.5219 0.0003 0.8530
vn 0.5219 0.0037 0.8530
vn 0.5222 0.0054 0.8528
vn 0.5221 0.0037 0.8529
vn 0.5220 -0.0006 0.8529
vn 0.5219 -0.0004 0.8530
vn 0.5230 -0.0008 0.8523
vn 0.5226 -0.0007 0.8526
vn 0.5227 -0.0005 0.8525
vn 0.5230 -0.0003 0.8523
vn 0.5221 -0.0000 0.8529
vn 0.5216 0.0003 0.8532
vn 0.5213 0.0008 0.8533
vn 0.5218 -0.0001 0.8531
vn 0.5227 0.0005 0.8525
vn 0.5225 -0.0003 0.8526
vn 0.5227 0.0003 0.8525
vn 0.5227 -0.0003 0.8525
vn 0.5232 -0.0010 0.8522
vn 0.5222 0.0003 0.8528
vn 0.5223 -0.0000 0.8528
vn 0.7532 -0.0044 0.6578
vn 0.7022 0.0276 0.7115
vn 0.5222 -0.0243 0.8525
vn 0.2489 0.0225 0.9683
vn 0.2776 0.0049 0.9607
vn 0.9989 -0.0023 0.0473
vn 0.9964 0.0041 0.0852
vn 0.8437 -0.0057 -0.5367
vn 0.8512 0.0030 -0.5248
vn 0.2255 -0.0042 -0.9742
vn 0.2691 0.0051 -0.9631
vn -0.5251 -0.0059 -0.8510
vn -0.5162 0.0053 -0.8564
vn -0.9742 -0.0042 -0.2255
vn -0.9630 0.0052 -0.2693
vn -0.8570 -0.0032 0.5152
vn -0.8638 0.0051 0.5038
vn -0.3960 -0.0038 0.9182
vn -0.4326 0.0030 0.9016
vn -0.0022 1.0000 -0.0031
vn -0.0011 1.0000 -0.0008
vn -0.0015 1.0000 -0.0006
vn 0.0004 1.0000 -0.0001
vn -0.0014 1.0000 -0.0034
vn -0.0002 1.0000 -0.0010
vn 0.0021 1.0000 -0.0003
vn 0.0006 1.0000 0.0002
vn 0.0019 1.0000 -0.0005
vn -0.0003 1.0000 -0.0014
vn 0.0003 1.0000 0.0006
vn -0.0005 1.0000 0.0006
vn -0.0003 1.0000 0.0003
vn -0.0003 1.0000 0.0002
vn -0.0002 1.0000 0.0001
vn -0.0001 1.0000 0.0002
vn 0.0013 1.0000 0.0001
vn 0.0002 1.0000 0.0007
vn -0.0008 -1.0000 -0.0002
vn -0.0023 -1.0000 -0.0034
vn -0.0012 -1.0000 -0.0002
vn -0.0001 -1.0000 0.0006
vn -0.0013 -1.0000 0.0017
vn -0.0013 -1.0000 0.0015
vn -0.0003 -1.0000 0.0003
vn -0.0003 -1.0000 -0.0014
vn -0.0015 -1.0000 -0.0031
vn 0.0004 -1.0000 -0.0001
vn 0.0006 -1.0000 -0.0003
vn 0.0003 -1.0000 -0.0001
vn 0.0002 -1.0000 -0.0001
vn -0.0005 -1.0000 0.0012
vn 0.0004 -1.0000 0.0005
vn 0.0005 -1.0000 0.0005
vn -0.5240 -0.0015 -0.8517
vn -0.5208 0.0157 -0.8536
vn -0.5236 -0.0155 -0.8518
vn -0.5205 0.0014 -0.8539
vn -0.8984 0.1741 -0.4032
vn 0.3717 0.1749 -0.9117
vn -0.2396 0.1203 -0.9634
vn -0.6912 0.3755 -0.6175
vn -0.6754 0.3548 -0.6464
vn -0.7252 0.0888 -0.6827
vn -0.7263 0.0932 -0.6810
vn -0.7264 0.0926 -0.6810
vn -0.7266 0.0928 -0.6808
vn -0.6814 0.1679 -0.7124
vn -0.0759 0.9864 -0.1458
vn -0.3152 0.6807 -0.6613
vn -0.4047 0.3889 -0.8276
vn -0.4085 0.0990 -0.9073
vn -0.1925 0.4953 -0.8472
vn -0.3602 0.3517 -0.8640
vn -0.2270 0.5155 -0.8263
vn 0.0124 0.9990 -0.0430
vn -0.0182 0.9944 -0.1040
vn -0.1458 0.5381 -0.8301
vn 0.0236 0.3895 -0.9207
vn 0.2838 0.1615 -0.9452
vn 0.0412 0.3461 -0.9373
vn 0.0906 0.6082 -0.7886
vn 0.1553 0.6633 -0.7321
vn 0.0047 0.8372 -0.5469
vn 0.0305 0.9299 -0.3665
vn 0.1854 0.7054 -0.6841
vn 0.3543 0.0883 -0.9309
vn 0.3258 0.1187 -0.9380
vn 0.3091 0.4572 -0.8339
vn 0.2724 0.3750 -0.8861
vn 0.4182 0.0992 -0.9029
vn 0.4306 0.5331 -0.7283
vn 0.1007 0.9868 -0.1270
vn 0.4771 0.6784 -0.5588
vn 0.5866 0.3879 -0.7109
vn 0.6699 0.1012 -0.7355
vn 0.6501 0.3415 -0.6787
vn 0.6662 0.5360 -0.5186
vn 0.6872 0.1669 -0.7070
vn 0.0869 0.9936 -0.0725
vn 0.6681 0.5538 -0.4969
vn 0.8869 0.1312 -0.4429
vn 0.9135 0.0781 -0.3994
vn 0.7992 0.4598 -0.3871
vn 0.9689 0.1064 -0.2233
vn 0.8624 0.4008 -0.3091
vn 0.8174 0.5337 -0.2170
vn 0.2007 0.9785 -0.0472
vn 0.2916 0.9565 0.0049
vn 0.2039 0.9787 -0.0220
vn -0.0998 0.9855 0.1372
vn -0.2031 0.9493 0.2398
vn -0.2055 0.9486 0.2406
vn -0.2137 0.9462 0.2431
vn -0.2149 0.9459 0.2432
vn -0.7098 0.0885 0.6988
vn -0.7096 0.0917 0.6986
vn -0.7089 0.0915 0.6993
vn -0.7085 0.0920 0.6997
vn -0.5055 0.6762 0.5360
vn -0.6378 0.3758 0.6723
vn -0.6818 0.3441 0.6455
vn -0.8770 0.1315 0.4622
vn 0.0735 0.9908 -0.1132
vn -0.1003 0.9935 0.0541
vn -0.1020 0.9935 0.0507
vn -0.0999 0.9933 0.0576
vn -0.6635 0.6789 0.3145
vn -0.8355 0.3898 0.3874
vn -0.9408 0.1034 0.3228
vn -0.9407 0.1033 0.3230
vn -0.9408 0.1033 0.3227
vn -0.8150 0.4829 0.3202
vn -0.9242 0.1506 0.3508
vn -0.8407 0.5163 0.1632
vn -0.9914 0.1289 0.0235
vn -0.7205 0.6907 -0.0614
vn -0.8362 0.5355 0.1187
vn -0.9204 0.3870 -0.0561
vn -0.8423 0.5161 -0.1555
vn -0.9591 0.1061 -0.2624
vn -0.9319 0.3531 -0.0833
vn -0.7913 0.6042 -0.0935
vn -0.5876 0.8020 -0.1075
vn -0.1512 0.9874 -0.0459
vn -0.7041 0.6723 -0.2285
vn -0.4089 0.8959 -0.1735
vn -0.9178 0.0884 -0.3870
vn -0.9247 0.1141 -0.3632
vn -0.8262 0.4514 -0.3370
vn -0.8758 0.3749 -0.3040
vn -0.8858 0.1011 -0.4529
vn -0.7116 0.5344 -0.4561
vn -0.5247 0.7082 -0.4724
vn -0.0927 0.9935 -0.0664
vn -0.0342 0.9984 -0.0449
vn -0.4283 0.7556 0.4956
vn -0.5223 0.6569 0.5438
vn -0.2525 0.9423 0.2197
vn -0.2523 0.9424 0.2196
vn -0.2514 0.9427 0.2192
vn -0.2511 0.9428 0.2192
vn -0.4248 0.8358 0.3479
vn -0.4425 0.8231 0.3559
vn -0.5307 0.7102 0.4626
vn -0.6045 0.6324 0.4843
vn -0.6952 0.5436 0.4704
vn -0.7258 0.3510 0.5916
vn -0.0987 0.9935 0.0574
vn -0.3071 0.9475 0.0887
vn -0.4461 0.8795 0.1659
vn -0.5431 0.8219 0.1715
vn -0.6582 0.7157 0.2335
vn -0.7416 0.6286 0.2345
vn -0.0949 0.9954 -0.0112
vn -0.3649 0.9306 -0.0300
vn -0.3285 0.9443 -0.0176
vn -0.5596 0.8283 -0.0257
vn -0.5347 0.8449 -0.0139
vn -0.7766 0.6296 -0.0226
vn -0.1569 0.9849 -0.0728
vn -0.2850 0.9473 -0.1461
vn -0.5243 0.8079 -0.2691
vn -0.6293 0.7180 -0.2973
vn -0.6920 0.6275 -0.3568
vn -0.0935 0.9882 -0.1210
vn -0.0538 0.9974 -0.0469
vn -0.2499 0.9244 -0.2882
vn -0.2319 0.9429 -0.2391
vn -0.3682 0.8231 -0.4323
vn -0.4785 0.7253 -0.4950
vn -0.5079 0.6323 -0.5850
vn -0.4892 0.5446 -0.6812
vn -0.0656 0.9854 -0.1571
vn -0.1054 0.9444 -0.3115
vn -0.1843 0.8783 -0.4412
vn -0.1933 0.8225 -0.5349
vn -0.2648 0.7036 -0.6594
vn -0.2596 0.6378 -0.7251
vn 0.0201 0.9405 -0.3392
vn -0.0135 0.8203 -0.5718
vn -0.0115 0.6564 -0.7543
vn 0.0221 0.6158 -0.7876
vn 0.0549 0.9924 -0.1101
vn 0.0196 0.9977 -0.0648
vn 0.1603 0.9262 -0.3413
vn 0.1268 0.9426 -0.3090
vn 0.2491 0.8224 -0.5115
vn 0.2596 0.7368 -0.6243
vn 0.3297 0.6282 -0.7047
vn 0.1175 0.9854 -0.1233
vn 0.2433 0.9440 -0.2229
vn 0.3282 0.8798 -0.3437
vn 0.4137 0.8219 -0.3916
vn 0.4974 0.7026 -0.5088
vn 0.5669 0.6280 -0.5332
vn 0.1524 0.9868 -0.0541
vn 0.2829 0.9511 -0.1237
vn 0.3132 0.9406 -0.1313
vn 0.4646 0.8592 -0.2141
vn 0.5168 0.8281 -0.2173
vn 0.6605 0.6956 -0.2826
vn 0.6816 0.6748 -0.2828
vn -0.0612 0.1284 -0.9898
vn -0.9679 -0.0819 -0.2375
vn -0.9262 -0.1115 -0.3602
vn -0.4970 -0.0834 -0.8637
vn 0.3233 -0.1099 -0.9399
vn 0.8367 -0.0867 -0.5408
vn -0.8944 -0.1025 0.4354
vn -0.8299 -0.5234 0.1934
vn -0.1024 -0.9946 -0.0145
vn -0.7387 -0.6324 0.2333
vn -0.8449 -0.5075 0.1692
vn -0.9627 -0.1251 0.2400
vn -0.9277 -0.0857 0.3634
vn -0.9452 -0.0105 0.3264
vn -0.1062 -0.9933 0.0449
vn -0.1307 -0.9903 0.0467
vn -0.3106 -0.9444 0.1078
vn -0.6802 -0.6554 0.3283
vn -0.7253 -0.3410 0.5980
vn -0.6984 -0.5398 0.4700
vn -0.5128 -0.5217 0.6818
vn -0.6925 -0.1396 0.7077
vn -0.6649 -0.4272 0.6127
vn -0.1330 -0.9786 0.1569
vn -0.1323 -0.9558 0.2625
vn -0.0700 -0.9893 0.1283
vn 0.3099 -0.9479 -0.0740
vn 0.3159 -0.9454 -0.0805
vn 0.3154 -0.9456 -0.0796
vn 0.7219 -0.6566 -0.2184
vn 0.6361 -0.7556 -0.1561
vn 0.8752 -0.3404 -0.3438
vn 0.9847 -0.0842 -0.1529
vn 0.7887 -0.4911 -0.3697
vn 0.8117 -0.5461 -0.2072
vn 0.8181 -0.3527 -0.4542
vn 0.9051 -0.0817 -0.4174
vn 0.9129 -0.0652 -0.4030
vn 0.6376 -0.6485 -0.4159
vn 0.1460 -0.9857 -0.0841
vn 0.0962 -0.9930 -0.0681
vn 0.0960 -0.9934 -0.0634
vn 0.0966 -0.9932 -0.0644
vn 0.5583 -0.6380 -0.5303
vn 0.6755 -0.4953 -0.5463
vn 0.6824 -0.3674 -0.6319
vn 0.7064 -0.0183 -0.7076
vn 0.6763 -0.0863 -0.7315
vn 0.4679 -0.6546 -0.5938
vn 0.0256 -0.9941 -0.1056
vn 0.5536 -0.1158 -0.8247
vn 0.4032 -0.4277 -0.8090
vn 0.4133 -0.5106 -0.7539
vn 0.1623 -0.5218 -0.8375
vn 0.3074 -0.0948 -0.9468
vn 0.3299 -0.4264 -0.8422
vn 0.0013 -0.9908 -0.1357
vn 0.0587 -0.3928 -0.9177
vn 0.1616 -0.1149 -0.9801
vn -0.1488 -0.5245 -0.8383
vn 0.1381 -0.5523 -0.8221
vn 0.0278 -0.3536 -0.9350
vn -0.2555 -0.4597 -0.8505
vn -0.2122 -0.7058 -0.6759
vn -0.0181 -0.9847 -0.1736
vn -0.3279 -0.0453 -0.9436
vn -0.1839 -0.3720 -0.9099
vn -0.3664 -0.3488 -0.8626
vn -0.3977 -0.0845 -0.9136
vn -0.3634 -0.0145 -0.9315
vn -0.3862 -0.3656 -0.8469
vn -0.3468 -0.6607 -0.6658
vn -0.0324 -0.9994 -0.0157
vn -0.0582 -0.9920 -0.1116
vn -0.5174 -0.5004 -0.6942
vn -0.6148 -0.3537 -0.7049
vn -0.7026 -0.5240 -0.4814
vn -0.7292 -0.1349 -0.6709
vn -0.6454 -0.3822 -0.6614
vn -0.9054 -0.1549 -0.3953
vn -0.7337 -0.5041 -0.4556
vn -0.8327 -0.5214 -0.1864
vn -0.9348 -0.0936 -0.3426
vn -0.8340 -0.4045 -0.3753
vn -0.1517 -0.9879 -0.0331
vn -0.8230 -0.5423 -0.1689
vn -0.9188 -0.3840 -0.0917
vn -0.8423 -0.5265 0.1155
vn -0.9270 -0.3725 -0.0432
vn -0.9924 -0.1222 0.0151
vn -0.9973 -0.0728 -0.0132
vn -0.9937 -0.0538 -0.0984
vn -0.0513 -0.1165 -0.9919
vn 0.6376 -0.7311 -0.2429
vn 0.6564 -0.6975 -0.2875
vn 0.4965 -0.8434 -0.2055
vn 0.5227 -0.8209 -0.2300
vn -0.6881 -0.6335 -0.3538
vn -0.6486 -0.6875 -0.3267
vn -0.5992 -0.7363 -0.3142
vn -0.5118 -0.8258 -0.2368
vn -0.2869 -0.9451 -0.1565
vn -0.3568 -0.9202 -0.1608
vn 0.3083 -0.9485 -0.0725
vn 0.3126 -0.9424 -0.1193
vn 0.3367 -0.9315 -0.1376
vn -0.5926 -0.6416 0.4870
vn -0.5589 -0.6802 0.4743
vn -0.4333 -0.8256 0.3614
vn -0.4137 -0.8511 0.3233
vn -0.2607 -0.9405 0.2179
vn -0.2434 -0.9495 0.1979
vn -0.1155 -0.9872 0.1096
vn -0.8751 -0.3504 0.3339
vn -0.8571 -0.3698 0.3587
vn -0.6739 -0.6983 0.2413
vn -0.5157 -0.8411 0.1630
vn -0.4990 -0.8538 0.1484
vn -0.3256 -0.9393 0.1084
vn -0.7518 -0.6588 -0.0276
vn -0.7262 -0.6861 -0.0432
vn -0.5693 -0.8219 -0.0218
vn -0.5437 -0.8387 -0.0296
vn -0.3633 -0.9315 -0.0173
vn -0.3361 -0.9416 -0.0208
vn -0.1255 -0.9921 -0.0003
vn -0.1657 -0.9861 0.0072
vn -0.1249 -0.9907 -0.0538
vn -0.0619 -0.9973 -0.0404
vn -0.5059 -0.6384 -0.5801
vn -0.4860 -0.6846 -0.5433
vn -0.4394 -0.7411 -0.5076
vn -0.3890 -0.8274 -0.4052
vn -0.2085 -0.9458 -0.2489
vn -0.2743 -0.9214 -0.2752
vn -0.0764 -0.9911 -0.1090
vn -0.2555 -0.7045 -0.6621
vn -0.2318 -0.7229 -0.6510
vn -0.2033 -0.8436 -0.4971
vn -0.1076 -0.9429 -0.3153
vn -0.1390 -0.9267 -0.3493
vn -0.0549 -0.9867 -0.1530
vn -0.0009 -0.6602 -0.7511
vn 0.0169 -0.6899 -0.7237
vn -0.0017 -0.8216 -0.5700
vn 0.0084 -0.8416 -0.5400
vn 0.0030 -0.9308 -0.3656
vn 0.0087 -0.9439 -0.3302
vn -0.0026 -0.9880 -0.1546
vn 0.3207 -0.6457 -0.6930
vn 0.3016 -0.6872 -0.6609
vn 0.2901 -0.7378 -0.6095
vn 0.2158 -0.8265 -0.5199
vn 0.1428 -0.9473 -0.2866
vn 0.1395 -0.9204 -0.3652
vn 0.0574 -0.9958 -0.0719
vn 0.6379 -0.3525 -0.6847
vn 0.6122 -0.3707 -0.6985
vn 0.5051 -0.7039 -0.4994
vn 0.4831 -0.7448 -0.4603
vn 0.3755 -0.8421 -0.3872
vn 0.2393 -0.9464 -0.2169
vn 0.2607 -0.9246 -0.2777
vn 0.0958 -0.9930 -0.0691
vn 0.1680 -0.9854 -0.0262
vn 0.7145 -0.0234 -0.6993
vn 0.0175 -0.9996 -0.0207
vn 0.0050 -1.0000 0.0037
vn 0.0193 -0.9996 -0.0193
vn 0.0158 -0.9997 -0.0201
vn 0.0162 -0.9997 -0.0205
vn 0.0155 -0.9997 -0.0210
vn -0.0651 0.9978 0.0128
vn -0.0106 0.9998 -0.0168
vn 0.0171 0.9997 -0.0177
vn 0.0174 0.9997 -0.0183
vn 0.0175 0.9997 -0.0179
vn 0.0174 0.9997 -0.0186
vn 0.7426 -0.0349 -0.6688
vn 0.6882 -0.0133 -0.7254
vn 0.0892 -0.9954 -0.0363
vn 0.0151 -0.9998 -0.0149
vn 0.0126 -0.9999 0.0004
vn 0.0200 -0.9996 -0.0196
vn 0.0159 -0.9997 -0.0195
vn 0.0258 0.9991 -0.0347
vn 0.0200 0.9996 -0.0219
vn 0.0161 0.9998 -0.0094
vn 0.0169 0.9998 -0.0142
vn 0.0164 0.9998 -0.0109
vn 0.0172 0.9997 -0.0150
vn 0.0656 0.9975 -0.0272
vn 0.7276 0.0410 -0.6848
vn 0.6977 -0.0133 -0.7162
vn 0.1403 -0.9806 -0.1367
vn -0.0095 -0.9999 0.0065
vn 0.0091 -0.9997 -0.0224
vn 0.0260 0.9990 -0.0351
vn 0.0129 0.9999 -0.0013
vn 0.0165 0.9997 -0.0175
vn 0.0710 0.9970 -0.0314
vn 0.5370 0.0132 -0.8435
vn 0.0190 -0.9971 -0.0732
vn 0.0175 -0.9971 -0.0737
vn 0.0142 -0.9968 -0.0781
vn 0.0102 -0.9972 -0.0740
vn 0.0201 -0.9992 -0.0358
vn 0.0125 -0.9996 -0.0249
vn 0.0131 -0.9996 -0.0254
vn 0.0114 -0.9996 -0.0250
vn 0.0109 -0.9996 -0.0251
vn 0.0632 -0.9959 -0.0646
vn 0.0132 0.9962 -0.0860
vn -0.0062 0.9999 0.0089
vn 0.4378 -0.0349 -0.8984
vn 0.3663 -0.0132 -0.9304
vn 0.0189 -0.9971 -0.0732
vn 0.0175 -0.9971 -0.0735
vn 0.0145 -0.9972 -0.0736
vn 0.0101 -0.9972 -0.0739
vn 0.0143 -0.9999 -0.0054
vn 0.0098 -0.9997 -0.0227
vn 0.0628 -0.9960 -0.0633
vn 0.0066 0.9968 -0.0797
vn 0.0181 0.9967 -0.0789
vn 0.0136 0.9968 -0.0791
vn 0.0203 0.9967 -0.0786
vn 0.0465 0.9976 -0.0516
vn 0.0116 0.9997 -0.0235
vn 0.0140 0.9998 -0.0164
vn 0.0118 0.9997 -0.0227
vn 0.0148 0.9998 -0.0140
vn 0.4180 0.0408 -0.9075
vn 0.3785 -0.0132 -0.9255
vn 0.0724 -0.9808 -0.1811
vn -0.0047 -1.0000 0.0058
vn 0.0035 -0.9993 -0.0369
vn -0.0002 0.9978 -0.0670
vn 0.0466 0.9970 -0.0612
vn 0.0224 0.9975 -0.0668
vn 0.0406 0.9989 -0.0246
vn 0.0063 0.9997 -0.0231
vn 0.0022 0.0224 -0.9997
vn -0.0015 -0.0009 -1.0000
vn -0.0103 -0.9969 -0.0786
vn -0.0101 -0.9969 -0.0783
vn -0.0102 -0.9968 -0.0787
vn -0.0012 -0.9996 -0.0282
vn 0.0033 -0.9999 -0.0142
vn -0.0362 0.9975 0.0610
vn -0.0281 0.9958 -0.0869
vn -0.0001 0.9997 -0.0228
vn -0.0167 0.9998 -0.0050
vn 0.0695 -0.0349 -0.9970
vn -0.0088 -0.0130 -0.9999
vn -0.0103 -0.9968 -0.0788
vn -0.0121 -0.9968 -0.0786
vn -0.0147 -0.9965 -0.0825
vn -0.0206 -0.9969 -0.0756
vn 0.0383 -0.9954 -0.0880
vn 0.0005 -0.9998 -0.0212
vn 0.0096 -0.9999 -0.0084
vn -0.0260 0.9949 -0.0979
vn -0.0055 0.9991 -0.0424
vn 0.0052 0.9998 -0.0180
vn 0.0021 0.9998 -0.0220
vn 0.0043 0.9998 -0.0191
vn 0.0019 0.9997 -0.0228
vn 0.0274 0.9975 -0.0647
vn 0.0476 0.0409 -0.9980
vn 0.0043 -0.0133 -0.9999
vn 0.0053 -0.9807 -0.1957
vn -0.0024 -0.9999 0.0110
vn -0.0182 -0.9975 -0.0685
vn -0.0137 0.9953 -0.0961
vn -0.0106 0.9967 -0.0809
vn -0.0031 0.9994 -0.0350
vn 0.0040 0.9999 -0.0131
vn -0.7996 0.0985 0.5924
vn -0.7847 0.0200 0.6196
vn -0.0172 -0.9996 0.0202
vn -0.0179 -0.9996 0.0198
vn -0.0180 -0.9997 0.0155
vn -0.0203 -0.9997 0.0169
vn 0.0025 -1.0000 0.0021
vn -0.0184 -0.9997 0.0146
vn -0.0186 -0.9997 0.0147
vn 0.0711 0.9967 -0.0380
vn -0.0020 0.9999 0.0100
vn -0.0155 0.9998 0.0149
vn -0.7873 -0.0350 0.6155
vn -0.7371 -0.0133 0.6756
vn -0.0179 -0.9996 0.0199
vn -0.0176 -0.9996 0.0200
vn -0.0214 -0.9996 0.0182
vn -0.0151 -0.9998 0.0113
vn -0.0102 -0.9999 0.0026
vn -0.0120 -0.9999 0.0058
vn -0.0167 -0.9998 0.0142
vn -0.0181 0.9996 0.0203
vn -0.0175 0.9996 0.0204
vn -0.0160 0.9996 0.0212
vn -0.0196 0.9997 0.0162
vn -0.0155 0.9998 0.0112
vn -0.0156 0.9998 0.0115
vn -0.7736 0.0409 0.6323
vn -0.7460 -0.0132 0.6658
vn 0.0071 -1.0000 -0.0011
vn -0.0931 -0.9939 0.0600
vn -0.0104 -0.9997 0.0223
vn -0.0310 0.9995 -0.0002
vn -0.0111 0.9999 0.0103
vn -0.0136 0.9998 0.0138
vn -0.0120 0.9999 0.0115
vn -0.0143 0.9998 0.0150
vn -0.0759 -0.9969 0.0206
vn -0.0264 -0.9996 0.0083
vn -0.0251 -0.9997 0.0082
vn -0.0263 -0.9996 0.0096
vn -0.0220 -0.9997 0.0109
vn -0.0218 -0.9997 0.0113
vn -0.0760 0.9959 0.0497
vn 0.0107 0.9999 -0.0013
vn -0.9606 -0.0350 0.2757
vn -0.9639 -0.0001 0.2664
vn -0.0201 -0.9998 0.0063
vn -0.0153 -0.9999 0.0062
vn -0.0190 -0.9998 0.0063
vn -0.0137 -0.9999 0.0061
vn -0.0258 -0.9996 -0.0085
vn -0.0823 0.9947 0.0620
vn -0.0355 0.9992 0.0183
vn -0.0191 0.9998 0.0005
vn -0.0223 0.9997 0.0055
vn -0.0200 0.9998 0.0019
vn -0.0224 0.9997 0.0061
vn -0.0778 0.9970 -0.0016
vn -0.9541 0.0409 0.2967
vn -0.9411 -0.0133 0.3380
vn 0.0657 -0.9978 -0.0062
vn -0.0047 -1.0000 0.0077
vn -0.0148 -0.9999 0.0074
vn -0.0080 -0.9999 0.0076
vn -0.0176 -0.9998 0.0074
vn -0.0843 0.9944 0.0639
vn -0.0205 0.9998 0.0022
vn -0.0244 0.9997 0.0077
vn -0.0219 0.9998 0.0040
vn -0.0245 0.9997 0.0087
vn -0.0845 0.9964 0.0002
vn -0.9993 -0.0041 -0.0372
vn -0.0762 -0.9971 0.0073
vn -0.0762 -0.9971 0.0071
vn -0.0762 -0.9971 0.0070
vn -0.0302 -0.9995 0.0009
vn -0.0132 -0.9999 -0.0040
vn -0.0876 0.9959 0.0237
vn -0.0248 0.9997 -0.0009
vn -0.0054 0.9998 0.0189
vn 0.0541 0.9977 0.0399
vn -0.9939 -0.0349 -0.1044
vn -0.9996 -0.0133 -0.0261
vn -0.0754 -0.9971 0.0087
vn -0.0719 -0.9974 0.0084
vn -0.0737 -0.9971 0.0162
vn -0.0845 -0.9956 -0.0412
vn -0.0212 -0.9998 -0.0012
vn -0.0081 -0.9999 -0.0096
vn -0.0987 0.9949 0.0219
vn -0.0432 0.9991 0.0041
vn -0.0178 0.9998 -0.0057
vn -0.0218 0.9998 -0.0029
vn -0.0190 0.9998 -0.0048
vn -0.0222 0.9998 -0.0026
vn -0.0641 0.9975 -0.0304
vn -0.9958 0.0409 -0.0824
vn -0.9991 -0.0133 -0.0392
vn -0.1957 -0.9806 -0.0134
vn 0.0119 -0.9999 0.0028
vn -0.0661 -0.9977 0.0155
vn -0.0990 0.9950 0.0109
vn -0.0798 0.9968 0.0077
vn -0.0382 0.9992 0.0079
vn -0.0070 1.0000 -0.0055
vn -0.0222 0.9998 -0.0013
vn -0.8204 0.0339 -0.5708
vn -0.0725 -0.9971 -0.0215
vn -0.0731 -0.9971 -0.0200
vn -0.0773 -0.9969 -0.0161
vn -0.0736 -0.9972 -0.0127
vn -0.0317 -0.9993 -0.0202
vn -0.0246 -0.9996 -0.0147
vn -0.0283 -0.9995 -0.0172
vn -0.0242 -0.9996 -0.0111
vn -0.0241 -0.9997 -0.0108
vn -0.0626 -0.9959 -0.0657
vn -0.0855 0.9962 -0.0161
vn 0.0090 0.9999 0.0066
vn -0.8825 -0.0349 -0.4690
vn -0.9171 -0.0132 -0.3985
vn -0.0729 -0.9971 -0.0200
vn -0.0730 -0.9972 -0.0170
vn -0.0735 -0.9972 -0.0127
vn -0.0050 -0.9999 -0.0145
vn -0.0223 -0.9997 -0.0106
vn -0.0611 -0.9960 -0.0651
vn -0.1041 0.9945 -0.0126
vn -0.0380 0.9992 -0.0113
vn -0.0138 0.9998 -0.0129
vn -0.0197 0.9997 -0.0112
vn -0.0156 0.9998 -0.0124
vn -0.0203 0.9997 -0.0112
vn -0.0494 0.9976 -0.0484
vn -0.8924 0.0410 -0.4494
vn -0.9119 -0.0132 -0.4103
vn -0.1784 -0.9807 -0.0794
vn 0.0063 -1.0000 0.0052
vn -0.0371 -0.9993 -0.0047
vn -0.1022 0.9947 -0.0126
vn 0.0444 0.9990 -0.0095
vn -0.0650 0.9976 -0.0241
vn -0.0189 0.9998 -0.0039
vn -0.0181 0.9990 -0.0410
vn -0.6203 0.1191 -0.7753
vn -0.6501 0.0233 -0.7595
vn -0.0646 -0.9966 -0.0513
vn -0.0654 -0.9966 -0.0497
vn -0.0673 -0.9966 -0.0466
vn -0.0700 -0.9967 -0.0419
vn -0.0023 -1.0000 0.0029
vn -0.0184 -0.9996 -0.0220
vn -0.0185 -0.9996 -0.0225
vn -0.0188 -0.9996 -0.0213
vn -0.0191 -0.9996 -0.0212
vn -0.0342 -0.9956 -0.0867
vn 0.0177 0.9990 0.0405
vn -0.0100 0.9999 0.0014
vn -0.0183 0.9996 -0.0192
vn -0.6426 -0.0349 -0.7654
vn -0.7010 -0.0133 -0.7130
vn -0.0665 -0.9964 -0.0529
vn -0.0680 -0.9964 -0.0515
vn -0.0745 -0.9959 -0.0509
vn -0.0726 -0.9965 -0.0426
vn 0.0009 -0.9999 -0.0153
vn -0.0167 -0.9997 -0.0182
vn -0.0326 -0.9959 -0.0840
vn -0.0739 0.9965 -0.0396
vn -0.0665 0.9964 -0.0529
vn -0.0284 0.9976 -0.0636
vn -0.0168 0.9997 -0.0202
vn -0.0093 0.9998 -0.0194
vn -0.0159 0.9997 -0.0199
vn -0.0068 0.9998 -0.0192
vn -0.6590 0.0408 -0.7511
vn -0.6915 -0.0132 -0.7223
vn -0.1307 -0.9805 -0.1465
vn 0.0071 -0.9999 0.0108
vn -0.0224 -0.9997 -0.0097
vn -0.0659 0.9974 -0.0284
vn -0.0401 0.9967 -0.0707
vn -0.0315 0.9972 -0.0681
vn -0.0174 0.9997 -0.0149
vn -0.3512 -0.0385 -0.9355
vn -0.0123 -0.9997 -0.0222
vn -0.0122 -0.9997 -0.0216
vn -0.0118 -0.9994 -0.0316
vn -0.0114 -0.9993 -0.0359
vn -0.0107 -0.9996 -0.0264
vn -0.0035 -1.0000 0.0020
vn -0.0507 0.9961 -0.0720
vn 0.0016 0.9999 0.0104
vn -0.3091 -0.0350 -0.9504
vn -0.3000 -0.0002 -0.9539
vn 0.0049 -0.9997 -0.0257
vn -0.0073 -0.9997 -0.0232
vn -0.0074 -0.9997 -0.0251
vn -0.0069 -0.9998 -0.0176
vn -0.0067 -0.9999 -0.0153
vn -0.0078 0.9996 -0.0273
vn -0.0095 0.9994 -0.0335
vn -0.0092 0.9994 -0.0320
vn -0.0669 0.9944 -0.0820
vn -0.0210 0.9991 -0.0372
vn -0.0074 0.9996 -0.0259
vn -0.0025 0.9970 -0.0771
vn -0.3298 0.0410 -0.9432
vn -0.3706 -0.0132 -0.9287
vn 0.0085 -0.9978 0.0650
vn -0.0079 -1.0000 -0.0049
vn -0.0080 -0.9999 -0.0144
vn -0.0079 -0.9999 -0.0076
vn -0.0078 -0.9998 -0.0168
vn -0.0179 0.9983 -0.0555
vn -0.0649 0.9947 -0.0800
vn -0.0127 0.9995 -0.0302
vn -0.0179 0.9992 -0.0345
vn -0.0101 0.9996 -0.0280
vn -0.0053 0.9967 -0.0807
vn 0.8150 0.0036 -0.5795
vn 0.8149 0.0028 -0.5796
vn 0.8136 -0.0001 -0.5814
vn 0.8133 -0.0016 -0.5819
vn 0.8122 -0.0036 -0.5833
vn 0.8138 -0.0016 -0.5811
vn 0.8144 -0.0009 -0.5803
vn 0.8120 -0.0042 -0.5836
vn 0.8124 -0.0048 -0.5830
vn -0.8823 0.0001 0.4707
vn -0.8913 0.0041 0.4533
vn -0.8905 0.0031 0.4550
vn -0.8888 0.0006 0.4582
vn -0.8877 0.0006 0.4605
vn -0.8908 0.0017 0.4543
vn 0.8073 -0.0058 -0.5901
vn 0.8128 -0.0029 -0.5826
vn 0.8085 -0.0051 -0.5885
vn 0.8148 -0.0019 -0.5798
vn 0.8321 0.0088 -0.5546
vn 0.8155 0.0004 -0.5788
vn -0.8907 -0.0013 0.4545
vn -0.8895 -0.0011 0.4570
vn -0.8893 -0.0011 0.4573
vn -0.8841 0.0003 0.4674
vn -0.8906 -0.0013 0.4547
vn -0.8949 0.0022 0.4463
vn -0.8935 0.0013 0.4490
vn 0.8171 0.0015 -0.5765
vn 0.8155 -0.0055 -0.5787
vn 0.8152 -0.0064 -0.5791
vn 0.8154 -0.0058 -0.5789
vn 0.8173 -0.0002 -0.5763
vn 0.7996 0.0100 -0.6004
vn 0.8150 -0.0007 -0.5794
vn 0.8141 0.0001 -0.5808
vn 0.8098 0.0186 -0.5865
vn 0.8089 0.0168 -0.5877
vn 0.8090 0.0168 -0.5876
vn 0.8078 0.0161 -0.5892
vn 0.8132 0.0013 -0.5820
vn 0.8131 0.0011 -0.5822
vn 0.8144 0.0002 -0.5803
vn 0.8133 0.0014 -0.5818
vn 0.5382 0.0043 -0.8428
vn 0.5354 0.0004 -0.8446
vn 0.5376 0.0049 -0.8432
vn 0.5374 -0.0002 -0.8433
vn 0.5387 -0.0000 -0.8425
vn 0.5391 0.0008 -0.8422
vn 0.5386 -0.0003 -0.8426
vn 0.5360 -0.0018 -0.8442
vn 0.5360 -0.0022 -0.8442
vn -0.6554 0.0030 0.7552
vn -0.6499 0.0005 0.7600
vn -0.6570 0.0037 0.7539
vn -0.6491 -0.0000 0.7607
vn -0.6481 -0.0000 0.7616
vn 0.5296 -0.0060 -0.8482
vn 0.5218 -0.0088 -0.8530
vn 0.5287 -0.0065 -0.8488
vn 0.5192 -0.0096 -0.8546
vn 0.5633 0.0088 -0.8262
vn 0.5381 0.0001 -0.8429
vn -0.6438 0.0007 0.7652
vn -0.6409 0.0012 0.7676
vn -0.6473 0.0001 0.7622
vn -0.6493 -0.0002 0.7605
vn -0.6626 0.0037 0.7490
vn -0.6488 -0.0001 0.7610
vn 0.5363 -0.0021 -0.8440
vn 0.5379 0.0012 -0.8430
vn 0.5403 -0.0000 -0.8415
vn 0.5385 -0.0055 -0.8426
vn 0.5379 -0.0066 -0.8430
vn 0.5382 -0.0010 -0.8428
vn 0.5381 -0.0010 -0.8429
vn 0.5370 -0.0001 -0.8436
vn 0.5058 0.0760 -0.8593
vn 0.5028 0.0686 -0.8617
vn 0.5060 0.0742 -0.8593
vn 0.5015 0.0676 -0.8625
vn 0.5369 -0.0001 -0.8436
vn 0.5368 0.0002 -0.8437
vn 0.5379 -0.0002 -0.8430
vn 0.5368 0.0003 -0.8437
vn 0.1835 0.0030 -0.9830
vn 0.1811 -0.0002 -0.9835
vn 0.1836 0.0035 -0.9830
vn 0.1774 -0.0070 -0.9841
vn 0.1783 -0.0059 -0.9840
vn 0.1769 -0.0047 -0.9842
vn 0.1794 -0.0049 -0.9838
vn 0.1826 -0.0001 -0.9832
vn 0.1800 -0.0028 -0.9837
vn -0.3272 0.0042 0.9450
vn -0.3250 0.0032 0.9457
vn -0.3180 0.0006 0.9481
vn -0.3170 0.0003 0.9484
vn -0.3156 -0.0000 0.9489
vn 0.1722 -0.0061 -0.9851
vn 0.2132 0.0088 -0.9770
vn 0.1835 0.0001 -0.9830
vn -0.3122 -0.0000 0.9500
vn -0.3216 -0.0012 0.9469
vn -0.3217 -0.0019 0.9468
vn -0.3186 -0.0004 0.9479
vn -0.3338 0.0039 0.9426
vn -0.3170 -0.0001 0.9484
vn 0.1814 -0.0012 -0.9834
vn 0.1832 0.0013 -0.9831
vn 0.1860 -0.0000 -0.9826
vn 0.1836 -0.0054 -0.9830
vn 0.1831 -0.0068 -0.9831
vn 0.1632 0.0306 -0.9861
vn 0.1655 0.0360 -0.9856
vn 0.1624 0.0345 -0.9861
vn 0.1673 0.0371 -0.9852
vn 0.1854 -0.0012 -0.9827
vn 0.1836 -0.0007 -0.9830
vn 0.1883 -0.0028 -0.9821
vn 0.1821 0.0011 -0.9833
vn 0.1812 0.0010 -0.9834
vn 0.1817 0.0002 -0.9833
vn 0.1816 0.0002 -0.9834
vn -0.1982 0.0059 -0.9801
vn -0.2015 -0.0007 -0.9795
vn -0.1987 0.0069 -0.9800
vn -0.2036 -0.0051 -0.9790
vn -0.2049 -0.0093 -0.9787
vn -0.2028 -0.0075 -0.9792
vn -0.1986 -0.0006 -0.9801
vn -0.2013 -0.0036 -0.9795
vn 0.0504 0.0040 0.9987
vn 0.0527 0.0034 0.9986
vn 0.0600 0.0007 0.9982
vn 0.0619 0.0001 0.9981
vn 0.0619 -0.0000 0.9981
vn 0.0618 -0.0000 0.9981
vn -0.2103 -0.0060 -0.9776
vn -0.2079 -0.0052 -0.9781
vn -0.2101 -0.0058 -0.9777
vn -0.2070 -0.0049 -0.9783
vn -0.1688 0.0088 -0.9856
vn -0.1981 0.0002 -0.9802
vn 0.0436 0.0039 0.9990
vn 0.0593 -0.0004 0.9982
vn 0.0613 -0.0002 0.9981
vn 0.0570 -0.0013 0.9984
vn 0.0644 -0.0000 0.9979
vn 0.0569 -0.0008 0.9984
vn -0.1970 -0.0047 -0.9804
vn -0.1987 -0.0068 -0.9800
vn -0.2002 -0.0012 -0.9798
vn -0.1985 0.0013 -0.9801
vn -0.1961 -0.0001 -0.9806
vn -0.1973 0.0001 -0.9803
vn -0.2086 0.0241 -0.9777
vn -0.2103 0.0211 -0.9774
vn -0.2099 0.0212 -0.9775
vn -0.1991 -0.0004 -0.9800
vn -0.1989 -0.0005 -0.9800
vn -0.1988 -0.0001 -0.9800
vn -0.2126 0.0200 -0.9769
vn -0.2025 0.0028 -0.9793
vn -0.2027 0.0023 -0.9792
vn -0.1978 -0.0007 -0.9802
vn -0.1992 0.0002 -0.9800
vn -0.2016 0.0024 -0.9795
vn -0.5488 0.0034 -0.8359
vn -0.5521 0.0006 -0.8338
vn -0.5493 0.0043 -0.8356
vn -0.5532 -0.0033 -0.8331
vn -0.5534 -0.0044 -0.8329
vn -0.5529 -0.0031 -0.8332
vn -0.5512 0.0011 -0.8344
vn -0.5536 -0.0023 -0.8328
vn -0.5526 0.0017 -0.8334
vn 0.4377 0.0001 0.8991
vn 0.4223 0.0019 0.9065
vn 0.4269 0.0004 0.9043
vn 0.4294 0.0005 0.9031
vn 0.4220 0.0040 0.9066
vn 0.4235 0.0032 0.9059
vn -0.5618 -0.0059 -0.8273
vn -0.5496 -0.0014 -0.8354
vn -0.5251 0.0087 -0.8510
vn -0.5491 0.0007 -0.8358
vn -0.5492 0.0006 -0.8357
vn -0.5493 0.0006 -0.8356
vn -0.5495 0.0006 -0.8355
vn 0.4235 -0.0013 0.9059
vn 0.4254 -0.0004 0.9050
vn 0.4239 -0.0019 0.9057
vn 0.4366 0.0004 0.8996
vn 0.4232 -0.0013 0.9060
vn 0.4148 0.0021 0.9099
vn 0.4175 0.0013 0.9087
vn -0.5485 0.0013 -0.8361
vn -0.5515 -0.0064 -0.8342
vn -0.5391 -0.0005 -0.8422
vn -0.5470 -0.0002 -0.8371
vn -0.5413 -0.0005 -0.8408
vn -0.5483 -0.0000 -0.8363
vn -0.5661 0.0073 -0.8243
vn -0.5567 0.0153 -0.8306
vn -0.5555 0.0075 -0.8315
vn -0.5577 0.0139 -0.8299
vn -0.5569 0.0092 -0.8305
vn -0.5569 0.0029 -0.8306
vn -0.5439 -0.0021 -0.8391
vn -0.5506 0.0007 -0.8348
vn -0.5459 -0.0026 -0.8379
vn -0.5481 -0.0033 -0.8364
vn -0.5476 -0.0035 -0.8367
vn -0.5587 0.0057 -0.8293
vn -0.5573 0.0047 -0.8303
vn -0.5537 0.0019 -0.8327
vn 0.7268 -0.0031 0.6868
vn 0.7385 -0.0004 0.6743
vn 0.7447 0.0007 0.6674
vn 0.7387 -0.0004 0.6740
vn 0.7366 -0.0008 0.6763
vn 0.7252 0.0040 0.6885
vn 0.7412 -0.0014 0.6713
vn 0.7411 -0.0008 0.6714
vn 0.7428 -0.0035 0.6695
vn 0.7463 -0.0008 0.6656
vn 0.7292 0.0041 0.6843
vn 0.7386 0.0001 0.6742
vn 0.7372 0.0003 0.6757
vn 0.7407 0.0041 0.6718
vn 0.7472 -0.0000 0.6646
vn 0.9726 0.0075 -0.2323
vn 0.9726 0.0082 -0.2324
vn 0.9723 0.0088 -0.2335
vn 0.9716 -0.0042 -0.2364
vn 0.9712 -0.0012 -0.2381
vn 0.9714 -0.0040 -0.2375
vn 0.9709 -0.0046 -0.2393
vn 0.9725 -0.0011 -0.2331
vn 0.9719 -0.0020 -0.2353
vn 0.9707 -0.0073 -0.2403
vn 0.9735 0.0007 -0.2287
vn -0.9963 0.0040 0.0856
vn -0.9962 0.0033 0.0874
vn -0.9955 0.0006 0.0948
vn -0.9954 0.0001 0.0962
vn -0.9953 -0.0000 0.0967
vn -0.9953 -0.0000 0.0971
vn 0.9696 -0.0060 -0.2445
vn 0.9705 -0.0049 -0.2411
vn 0.9697 -0.0059 -0.2441
vn 0.9707 -0.0046 -0.2401
vn 0.9791 0.0087 -0.2032
vn 0.9727 0.0003 -0.2319
vn -0.9950 -0.0001 0.0996
vn -0.9958 -0.0008 0.0918
vn -0.9958 -0.0011 0.0918
vn -0.9956 -0.0004 0.0939
vn -0.9969 0.0039 0.0781
vn -0.9954 -0.0001 0.0961
vn 0.9722 -0.0012 -0.2340
vn 0.9726 0.0012 -0.2326
vn 0.9731 -0.0010 -0.2306
vn 0.9731 -0.0046 -0.2303
vn 0.9726 -0.0065 -0.2323
vn 0.9723 -0.0000 -0.2339
vn 0.9682 0.0237 -0.2491
vn 0.9691 0.0255 -0.2452
vn 0.9688 0.0247 -0.2466
vn 0.9692 0.0291 -0.2447
vn 0.9722 -0.0004 -0.2343
vn 0.9726 -0.0012 -0.2323
vn 0.9728 -0.0007 -0.2318
vn 0.9738 -0.0031 -0.2275
vn 0.9726 0.0003 -0.2324
vn 0.9717 0.0037 -0.2361
vn 0.9713 0.0045 -0.2379
vn 0.9712 0.0032 -0.2381
vn 0.9888 0.0069 0.1490
vn 0.9895 0.0006 0.1446
vn 0.9889 0.0083 0.1483
vn 0.9898 -0.0082 0.1419
vn 0.9897 -0.0074 0.1431
vn 0.9899 -0.0072 0.1416
vn 0.9896 -0.0060 0.1441
vn 0.9894 0.0009 0.1452
vn 0.9893 -0.0036 0.1458
vn -0.9589 0.0004 -0.2837
vn -0.9593 -0.0000 -0.2823
vn -0.9593 -0.0001 -0.2823
vn -0.9565 0.0032 -0.2918
vn -0.9586 0.0006 -0.2847
vn -0.9559 0.0040 -0.2938
vn 0.9904 -0.0060 0.1380
vn 0.9838 0.0087 0.1791
vn 0.9888 -0.0000 0.1493
vn -0.9601 -0.0000 -0.2798
vn -0.9574 -0.0011 -0.2888
vn -0.9574 -0.0015 -0.2887
vn -0.9583 -0.0004 -0.2858
vn -0.9538 0.0040 -0.3006
vn -0.9589 -0.0001 -0.2836
vn 0.9887 -0.0054 0.1495
vn 0.9888 -0.0066 0.1490
vn 0.9891 -0.0015 0.1471
vn 0.9889 0.0012 0.1485
vn 0.9884 0.0002 0.1517
vn 0.9901 0.0292 0.1372
vn 0.9886 -0.0012 0.1505
vn 0.9887 -0.0009 0.1498
vn 0.9881 -0.0029 0.1539
vn 0.9889 0.0005 0.1487
vn 0.9891 0.0011 0.1473
vn 0.9892 0.0010 0.1467
vn 0.9894 0.0016 0.1454
vn 0.8620 -0.0009 0.5068
vn 0.8612 -0.0009 0.5083
vn 0.8615 0.0003 0.5077
vn 0.8610 0.0035 0.5085
vn 0.8611 0.0028 0.5084
vn 0.8621 -0.0000 0.5068
vn 0.8612 -0.0006 0.5083
vn 0.8628 -0.0021 0.5056
vn 0.8626 -0.0029 0.5058
vn -0.7764 0.0041 -0.6303
vn -0.7776 0.0031 -0.6288
vn -0.7822 0.0005 -0.6230
vn -0.7837 0.0001 -0.6212
vn -0.7836 -0.0000 -0.6213
vn -0.7837 -0.0000 -0.6212
vn 0.8660 -0.0059 0.5000
vn 0.8705 -0.0086 0.4920
vn 0.8674 -0.0067 0.4975
vn 0.8719 -0.0094 0.4896
vn 0.8454 0.0088 0.5340
vn 0.8609 0.0004 0.5089
vn -0.7849 -0.0001 -0.6196
vn -0.7804 -0.0009 -0.6253
vn -0.7805 -0.0013 -0.6251
vn -0.7817 -0.0005 -0.6237
vn -0.7718 0.0040 -0.6359
vn -0.7830 -0.0001 -0.6220
vn 0.8622 -0.0016 0.5066
vn 0.8613 0.0012 0.5082
vn 0.8598 -0.0001 0.5106
vn 0.8610 -0.0054 0.5085
vn 0.8611 -0.0065 0.5083
vn 0.8610 -0.0005 0.5085
vn 0.8623 0.0009 0.5063
vn 0.8643 0.0145 0.5028
vn 0.8650 0.0133 0.5017
vn 0.8658 0.0128 0.5003
vn 0.8623 0.0003 0.5065
vn 0.8622 0.0004 0.5066
vn 0.8617 0.0017 0.5074
vn 0.8624 0.0007 0.5062
vn 0.6078 0.0028 0.7941
vn 0.6104 -0.0001 0.7921
vn 0.6086 0.0042 0.7935
vn 0.6103 -0.0027 0.7922
vn 0.6143 -0.0040 0.7890
vn 0.6102 -0.0022 0.7922
vn 0.6115 -0.0040 0.7912
vn 0.6133 -0.0084 0.7898
vn 0.6133 -0.0086 0.7898
vn 0.6052 0.0006 0.7961
vn 0.6103 -0.0020 0.7922
vn 0.6034 0.0012 0.7974
vn 0.6184 -0.0059 0.7859
vn 0.6074 -0.0019 0.7944
vn 0.5834 0.0088 0.8121
vn 0.6015 0.0002 0.7989
vn 0.6084 -0.0001 0.7936
vn 0.6079 -0.0004 0.7940
vn 0.5996 0.0004 0.8003
vn 0.6071 -0.0040 0.7946
vn 0.6086 -0.0067 0.7934
vn 0.6076 0.0017 0.7942
vn 0.6084 0.0012 0.7936
vn 0.6079 0.0009 0.7940
vn 0.6018 -0.0002 0.7987
vn 0.6028 -0.0002 0.7979
vn 0.6188 0.0190 0.7853
vn 0.6157 0.0221 0.7877
vn 0.6183 0.0193 0.7857
vn 0.6157 0.0227 0.7877
vn 0.6050 -0.0007 0.7962
vn 0.6075 -0.0000 0.7943
vn 0.6073 -0.0012 0.7945
vn 0.6094 0.0007 0.7929
vn 0.6107 0.0022 0.7919
vn 0.6110 0.0023 0.7916
vn 0.6112 0.0021 0.7914
vn 0.0210 -0.9997 -0.0117
vn 0.0211 -0.9997 -0.0129
vn 0.0242 -0.9997 -0.0101
vn 0.0262 -0.9996 -0.0089
vn 0.0253 -0.9996 -0.0088
vn 0.1419 -0.9888 -0.0464
vn 0.0584 0.9977 -0.0357
vn 0.0622 0.9971 -0.0429
vn 0.0596 0.9975 -0.0380
vn 0.0189 0.9997 -0.0132
vn 0.0636 0.9970 -0.0443
vn 0.0220 0.9997 -0.0108
vn 0.9340 -0.0483 -0.3540
vn 0.9429 -0.0002 -0.3330
vn 0.0256 -0.9997 0.0042
vn 0.0226 -0.9997 -0.0078
vn 0.0244 -0.9997 -0.0082
vn 0.0170 -0.9998 -0.0073
vn 0.0151 -0.9999 -0.0072
vn 0.0223 0.9997 -0.0080
vn 0.0332 0.9994 -0.0106
vn 0.0297 0.9995 -0.0095
vn 0.0230 0.9997 -0.0130
vn 0.0227 0.9996 -0.0139
vn 0.0246 0.9996 -0.0097
vn 0.9311 0.0409 -0.3625
vn 0.9152 -0.0131 -0.4028
vn 0.0865 -0.9957 -0.0332
vn 0.0194 -0.9997 -0.0119
vn 0.0043 -1.0000 -0.0079
vn 0.0139 -0.9999 -0.0082
vn 0.0074 -0.9999 -0.0080
vn 0.0162 -0.9998 -0.0083
vn 0.0229 0.9997 -0.0131
vn 0.0225 0.9997 -0.0138
vn 0.0224 0.9997 -0.0126
vn 0.0254 0.9996 -0.0112
vn 0.0374 0.9991 -0.0197
vn 0.0392 0.9990 -0.0216
vn 0.0336 0.9993 -0.0162
vn 0.0319 0.9994 -0.0148
vn -0.4917 -0.0003 -0.8707
vn -0.4939 -0.0003 -0.8695
vn -0.4971 -0.0003 -0.8677
vn -0.4827 0.0040 -0.8758
vn -0.4848 0.0032 -0.8746
vn -0.4909 0.0016 -0.8712
vn -0.4913 0.0009 -0.8710
vn -0.4977 -0.0000 -0.8674
vn -0.4933 0.0001 -0.8699
vn -0.4834 -0.0036 -0.8754
vn -0.4879 -0.0011 -0.8729
vn -0.4773 0.0020 -0.8788
vn -0.4799 0.0013 -0.8773
vn -0.4939 0.0003 -0.8695
vn -0.4962 0.0003 -0.8682
vn -0.4968 -0.0000 -0.8679
vn 0.2789 0.0209 0.9601
vn 0.2705 0.0041 0.9627
vn 0.2706 0.0045 0.9627
vn 0.2654 0.0002 0.9641
vn 0.2495 -0.0026 0.9684
vn 0.2659 -0.0006 0.9640
vn 0.2614 -0.0030 0.9652
vn 0.2642 -0.0017 0.9645
vn 0.2662 0.0002 0.9639
vn 0.2701 0.0030 0.9628
vn 0.2726 0.0031 0.9621
vn 0.2653 -0.0058 0.9641
vn 0.2661 -0.0068 0.9639
vn 0.2581 -0.0039 0.9661
vn 0.2470 -0.0007 0.9690
vn 0.2609 -0.0002 0.9654
vn 0.2555 -0.0022 0.9668
vn 0.2778 -0.0059 0.9606
vn 0.2637 -0.0015 0.9646
vn 0.2356 0.0086 0.9718
vn 0.2662 -0.0004 0.9639
vn 0.2396 0.0011 0.9709
vn 0.2451 0.0028 0.9695
vn 0.2972 -0.0510 0.9534
vn 0.2792 -0.0004 0.9602
vn 0.2699 -0.0017 0.9629
vn 0.2759 -0.0023 0.9612
vn 0.2681 -0.0026 0.9634
vn 0.2689 -0.0036 0.9632
vn 0.2569 0.0050 0.9664
vn 0.2550 0.0062 0.9669
vn 0.2567 0.0051 0.9665
vn 0.2663 0.0005 0.9639
vn -0.0000 1.0000 -0.0000
vn -0.8341 -0.0834 0.5452
vn 0.8645 -0.0880 -0.4949
vn 0.8529 -0.0000 -0.5221
vn -0.0000 1.0000 0.0001
vn 0.0006 1.0000 0.0006
vn -0.0003 1.0000 0.0005
vn -0.0004 1.0000 0.0004
vn -0.0000 1.0000 0.0006
vn -0.0000 1.0000 0.0004
vn 0.0002 1.0000 -0.0001
vn 0.0004 1.0000 -0.0000
vn 0.0003 1.0000 -0.0000
vn 0.0005 1.0000 0.0002
vn 0.0263 0.9995 -0.0162
vn 0.0272 0.9995 -0.0171
vn 0.0305 0.9995 -0.0119
vn 0.0296 0.9995 -0.0108
vn 0.0312 0.9994 -0.0141
vn 0.0014 1.0000 -0.0033
vn 0.0070 1.0000 -0.0019
vn 0.0024 1.0000 0.0007
vn 0.0004 1.0000 -0.0006
vn 0.0025 1.0000 0.0021
vn 0.0001 1.0000 0.0003
vn -0.0003 1.0000 -0.0001
vn -0.0000 1.0000 0.0003
vn 0.0120 0.9994 -0.0312
vn -0.0002 1.0000 -0.0002
vn -0.0464 0.9989 0.0070
vn -0.0543 0.9985 0.0003
vn -0.0528 0.9986 -0.0001
vn -0.0450 0.9989 0.0087
vn -0.0356 0.9983 0.0456
vn -0.0282 0.9994 -0.0175
vn 0.0066 1.0000 -0.0043
vn 0.0065 1.0000 -0.0032
vn 0.0056 1.0000 -0.0044
vn -0.0120 0.9999 -0.0096
vn -0.0113 0.9998 -0.0132
vn -0.0116 0.9999 -0.0112
vn 0.0046 0.9995 -0.0314
vn -0.0120 0.9999 -0.0090
vn -0.0036 1.0000 0.0019
vn -0.0006 1.0000 0.0018
vn -0.0008 1.0000 0.0075
vn 0.0479 0.9988 -0.0040
vn -0.0143 0.9999 0.0066
vn -0.0058 1.0000 0.0028
vn -0.0177 0.9998 0.0066
vn -0.0067 1.0000 0.0038
vn -0.0192 0.9998 0.0067
vn -0.0000 1.0000 0.0002
vn 0.0081 0.9999 -0.0117
vn 0.0042 0.9999 -0.0159
vn 0.0034 0.9998 -0.0171
vn 0.0002 1.0000 -0.0000
vn 0.0001 1.0000 0.0001
vn -0.0033 0.9994 -0.0349
vn -0.0058 0.9999 -0.0096
vn -0.0093 0.9999 -0.0073
vn -0.0061 1.0000 -0.0055
vn -0.0022 0.9999 -0.0120
vn 0.0089 0.9999 -0.0115
vn 0.0127 0.9998 -0.0177
vn 0.0026 0.9997 0.0242
vn 0.0140 0.9988 0.0463
vn 0.0002 1.0000 0.0002
vn -0.0001 1.0000 0.0003
vn -0.0000 -1.0000 -0.0000
vn 0.0014 -1.0000 -0.0006
vn -0.0015 -1.0000 -0.0036
vn 0.0041 -1.0000 -0.0005
vn 0.0046 -1.0000 0.0010
vn -0.0005 -1.0000 0.0004
vn -0.0009 -1.0000 0.0010
vn 0.0001 -1.0000 0.0012
vn 0.0010 -1.0000 -0.0004
vn 0.0007 -1.0000 -0.0000
vn 0.0026 -1.0000 -0.0000
vn -0.0009 -1.0000 -0.0005
vn 0.0001 -1.0000 -0.0000
vn -0.0019 -1.0000 0.0001
vn -0.0006 -1.0000 -0.0004
vn -0.0004 -1.0000 -0.0005
vn -0.0003 -1.0000 -0.0007
vn -0.0252 -0.9996 -0.0143
vn -0.0014 -1.0000 -0.0002
vn -0.0011 -1.0000 -0.0000
vn -0.0001 -1.0000 0.0001
vn -0.0000 -1.0000 0.0002
vn -0.0187 -0.9998 -0.0092
vn -0.0173 -0.9998 -0.0097
vn -0.0119 -0.9999 -0.0121
vn -0.0102 -0.9999 -0.0129
vn -0.1046 -0.9928 0.0588
vn 0.0126 -0.9999 0.0044
vn 0.0016 -0.9999 -0.0153
vn 0.0121 -0.9999 -0.0023
vn 0.0088 -1.0000 0.0008
vn 0.0111 -0.9999 -0.0015
vn 0.0143 -0.9999 -0.0052
vn -0.0006 -1.0000 -0.0024
vn -0.0034 -0.9999 -0.0110
vn 0.0147 -0.9999 -0.0057
vn 0.0014 -1.0000 0.0015
vn 0.0040 -1.0000 -0.0005
vn 0.0033 -1.0000 -0.0015
vn 0.0019 -1.0000 -0.0014
vn 0.0201 -0.9995 0.0247
vn 0.0290 -0.9996 -0.0070
vn 0.0021 -1.0000 -0.0003
vn 0.0057 -1.0000 -0.0062
vn 0.0070 -1.0000 -0.0026
vn 0.0065 -1.0000 -0.0032
vn 0.0044 -0.9999 -0.0097
vn 0.0418 -0.9986 0.0315
vn 0.0133 -0.9999 0.0050
vn -0.0195 -0.9976 0.0668
vn 0.0019 -1.0000 0.0020
vn -0.0064 -1.0000 0.0065
vn -0.0067 -1.0000 0.0067
vn -0.0082 -0.9999 0.0070
vn -0.0034 -1.0000 0.0025
vn -0.0010 -1.0000 0.0002
vn -0.0067 -1.0000 0.0024
vn -0.0000 -1.0000 -0.0002
vn 0.0003 -1.0000 0.0002
vn -0.0036 -1.0000 0.0059
vn -0.0009 -1.0000 0.0051
vn -0.0272 -0.9995 0.0189
vn -0.0280 -0.9994 0.0190
vn -0.0256 -0.9995 0.0206
vn -0.0253 -0.9995 0.0209
vn -0.0258 -0.9995 0.0209
vn 0.0003 -1.0000 0.0001
vn 0.0223 -0.9994 -0.0277
vn 0.0092 -1.0000 -0.0037
vn 0.0063 -1.0000 -0.0033
vn -0.0098 -0.9999 -0.0116
vn -0.0023 -1.0000 -0.0062
vn -0.0044 -1.0000 -0.0077
vn -0.0126 -0.9998 -0.0137
vn -0.0154 -0.9998 -0.0146
vn -0.0029 -0.9999 -0.0106
vn 0.0216 -0.9996 0.0164
vn 0.6508 -0.7115 -0.2649
vn 0.8830 -0.3448 -0.3185
vn 0.6152 -0.7333 -0.2894
vn 0.6715 0.6999 -0.2436
vn 0.7823 0.5368 -0.3160
vn 0.5982 0.7478 -0.2880
vn 0.6507 -0.7117 -0.2649
vn 0.8828 -0.3452 -0.3185
vn 0.6122 -0.7361 -0.2889
vn 0.6708 0.7003 -0.2440
vn 0.7816 0.5372 -0.3171
vn 0.5972 0.7484 -0.2884
vn 0.6487 -0.7137 -0.2643
vn 0.8831 -0.3446 -0.3185
vn 0.6684 0.7031 -0.2425
vn 0.7674 0.5628 -0.3073
vn 0.3956 0.8864 -0.2404
vn 0.5182 -0.7042 -0.4854
vn 0.7051 -0.3574 -0.6124
vn 0.4087 -0.7926 -0.4525
vn 0.5455 0.6885 -0.4779
vn 0.5370 0.7029 -0.4665
vn 0.4647 0.7101 -0.5289
vn 0.3718 0.8596 -0.3505
vn 0.5365 -0.7037 -0.4659
vn 0.5320 -0.7086 -0.4635
vn 0.5351 -0.7052 -0.4652
vn 0.5309 -0.7099 -0.4628
vn 0.4358 -0.6990 -0.5670
vn 0.5459 0.6879 -0.4784
vn 0.5355 0.7053 -0.4646
vn 0.4244 0.7125 -0.5588
vn 0.5209 -0.7028 -0.4846
vn 0.3144 -0.9159 -0.2494
vn 0.1351 -0.9724 -0.1900
vn 0.5441 0.6908 -0.4761
vn 0.4228 0.7125 -0.5600
vn 0.2236 -0.6159 -0.7555
vn 0.3943 -0.6092 -0.6881
vn 0.2448 0.8772 -0.4130
vn -0.0130 0.9907 -0.1355
vn 0.2068 0.8598 -0.4669
vn 0.2230 -0.6206 -0.7518
vn 0.3969 -0.6028 -0.6922
vn 0.2392 0.5769 -0.7810
vn 0.3897 0.6465 -0.6559
vn 0.2864 -0.7869 -0.5466
vn 0.3370 -0.1858 -0.9230
vn 0.0801 -0.9828 -0.1663
vn 0.2381 0.5706 -0.7859
vn 0.3880 0.6474 -0.6560
vn 0.0922 -0.3034 -0.9484
vn -0.0191 -0.7967 -0.6041
vn 0.1021 0.7038 -0.7031
vn -0.0319 0.7112 -0.7022
vn 0.0234 0.8595 -0.5105
vn 0.1065 -0.7086 -0.6975
vn -0.0783 -0.7014 -0.7085
vn 0.1021 0.7037 -0.7032
vn -0.0799 0.7104 -0.6993
vn 0.0638 -0.9049 -0.4208
vn -0.0336 -0.9728 -0.2292
vn 0.0906 0.2451 -0.9652
vn -0.0260 0.8007 -0.5985
vn -0.5515 -0.7001 0.4534
vn -0.7833 -0.2122 0.5843
vn -0.4610 -0.7762 0.4301
vn -0.2544 0.9464 0.1990
vn -0.5258 0.7529 0.3958
vn -0.6898 0.3199 0.6495
vn -0.5538 -0.6971 0.4553
vn -0.7866 -0.1984 0.5847
vn -0.4613 -0.7761 0.4300
vn -0.5352 0.7417 0.4043
vn -0.6942 0.3074 0.6508
vn -0.5334 0.7113 0.4578
vn -0.5499 -0.7003 0.4551
vn -0.7960 -0.1210 0.5931
vn -0.4709 -0.7652 0.4391
vn -0.0981 -0.9920 0.0788
vn -0.5339 0.7438 0.4022
vn -0.6949 0.3028 0.6523
vn -0.5356 0.7083 0.4598
vn -0.6542 -0.7377 0.1668
vn -0.8194 -0.5070 0.2674
vn -0.6413 -0.7267 0.2463
vn -0.4563 0.8849 0.0931
vn -0.0968 0.9899 0.1035
vn -0.5113 0.8440 0.1618
vn -0.6541 -0.7378 0.1668
vn -0.8195 -0.5069 0.2674
vn -0.6415 -0.7265 0.2463
vn -0.7054 0.6962 0.1330
vn -0.6309 0.7143 0.3028
vn -0.6346 -0.7557 0.1620
vn -0.7476 -0.6236 0.2285
vn -0.5734 -0.7901 0.2169
vn -0.7058 0.6961 0.1317
vn -0.6304 0.7143 0.3038
vn -0.9380 -0.3251 -0.1206
vn -0.6108 -0.7918 -0.0009
vn -0.7011 0.7022 -0.1242
vn -0.7045 0.7097 0.0083
vn -0.5092 0.8596 -0.0417
vn -0.6950 -0.7078 -0.1265
vn -0.7100 -0.7021 0.0548
vn -0.6984 0.7049 -0.1241
vn -0.7018 0.7100 0.0580
vn -0.4104 -0.9087 -0.0760
vn -0.2323 -0.9723 0.0268
vn -0.9625 0.2408 -0.1246
vn -0.6086 0.7935 0.0053
vn -0.7496 -0.6127 -0.2502
vn -0.6706 -0.6143 -0.4158
vn -0.3964 0.8826 -0.2528
vn -0.1413 0.9899 0.0066
vn -0.4623 0.8577 -0.2252
vn -0.7494 -0.6130 -0.2502
vn -0.6714 -0.6129 -0.4166
vn -0.5987 0.6974 -0.3939
vn -0.6625 0.7153 -0.2222
vn -0.5311 -0.7920 -0.3009
vn -0.9133 -0.1738 -0.3685
vn -0.1647 -0.9826 -0.0860
vn -0.5961 0.7016 -0.3905
vn -0.5961 0.7016 -0.3906
vn -0.6698 0.7085 -0.2222
vn -0.6141 -0.5940 -0.5198
vn -0.4520 -0.6393 -0.6220
vn -0.1961 0.9519 -0.2353
vn -0.4127 0.7537 -0.5114
vn -0.6596 0.3650 -0.6570
vn -0.6120 -0.5959 -0.5199
vn -0.4515 -0.6378 -0.6240
vn -0.6501 0.5115 -0.5620
vn -0.4236 0.6802 -0.5982
vn -0.4673 -0.7026 -0.5366
vn -0.2350 -0.9187 -0.3174
vn -0.1883 -0.9717 -0.1428
vn -0.6540 0.5066 -0.5618
vn -0.4235 0.6815 -0.5969
vn -0.1853 -0.7488 -0.6364
vn -0.2973 -0.5171 -0.8027
vn -0.2688 -0.7247 -0.6344
vn -0.1105 0.8780 -0.4657
vn -0.1034 0.9908 -0.0871
vn -0.1788 0.8481 -0.4988
vn -0.1840 -0.7507 -0.6345
vn -0.2972 -0.5169 -0.8028
vn -0.2686 -0.7252 -0.6339
vn -0.1543 0.6918 -0.7054
vn -0.3214 0.7151 -0.6207
vn -0.1858 -0.7485 -0.6366
vn -0.2533 -0.6227 -0.7403
vn -0.2344 -0.7905 -0.5658
vn -0.1555 0.6921 -0.7049
vn -0.3213 0.7151 -0.6208
vn 0.4474 0.0628 -0.8921
vn -0.0692 -0.0219 -0.9974
vn -0.6302 -0.0236 0.7761
vn -0.9868 0.0627 -0.1491
vn -0.5103 -0.0003 -0.8600
vn -0.5226 0.0025 -0.8526
vn -0.5237 0.0052 -0.8519
vn -0.5217 0.0018 -0.8531
vn -0.4967 -0.0207 -0.8677
vn -0.5171 0.0179 -0.8557
vn -0.5233 -0.0083 -0.8521
vn -0.5173 -0.0047 -0.8558
vn -0.5192 -0.0064 -0.8546
vn -0.5247 -0.0016 -0.8513
vn -0.4847 -0.0567 -0.8728
vn -0.7806 0.0325 -0.6242
vn -0.6187 0.0181 -0.7854
vn -0.6475 -0.0375 -0.7612
vn -0.7319 -0.0368 -0.6805
vn -0.8107 0.0007 -0.5854
vn -0.7489 -0.0590 -0.6600
vn -0.8222 -0.0033 -0.5692
vn -0.7984 0.0136 -0.6020
vn -0.7117 0.0140 -0.7024
vn -0.6970 -0.0135 -0.7170
vn -0.6154 0.0404 -0.7872
vn -0.6441 -0.0260 -0.7645
vn -0.4740 -0.0259 -0.8802
vn -0.5596 0.0571 -0.8268
vn -0.7933 0.0036 -0.6088
vn -0.8466 -0.0324 -0.5313
vn -0.8880 -0.0150 -0.4596
vn -0.8728 0.0330 -0.4870
vn -0.8870 0.0624 -0.4576
vn -0.7394 -0.0104 -0.6732
vn -0.8883 -0.0103 -0.4591
vn -0.8650 0.0594 -0.4983
vn -0.9188 0.0310 -0.3936
vn -0.9346 -0.0301 -0.3543
vn -0.6330 -0.0144 -0.7740
vn -0.7955 0.0010 -0.6060
vn -0.8395 -0.0070 -0.5433
vn -0.7535 0.0260 -0.6569
vn -0.8666 0.0261 -0.4983
vn -0.8766 0.0001 -0.4812
vn -0.9228 -0.0008 -0.3853
vn -0.9213 0.0041 -0.3889
vn -0.9225 -0.0003 -0.3860
vn -0.9521 0.0343 -0.3038
vn -0.9832 -0.0298 -0.1800
vn -0.9518 0.0100 -0.3064
vn -0.9538 0.0091 -0.3002
vn -0.9532 0.0094 -0.3021
vn -0.9213 0.0049 -0.3888
vn -0.9549 0.0049 -0.2969
vn -0.9814 -0.0039 -0.1921
vn -0.9512 0.0103 -0.3084
vn -0.9197 0.0102 -0.3925
vn -0.9200 0.0088 -0.3918
vn -0.9199 0.0094 -0.3921
vn -0.9201 0.0087 -0.3917
vn -0.9726 -0.0291 -0.2307
vn -0.9647 -0.0004 -0.2634
vn -0.9998 -0.0162 -0.0126
vn -0.9991 0.0168 0.0386
vn -0.9979 0.0079 0.0635
vn -0.9964 0.0039 0.0849
vn -0.9998 0.0040 0.0169
vn -0.9998 0.0001 0.0192
vn -0.9998 0.0033 0.0170
vn -0.9998 -0.0002 0.0198
vn -0.9940 0.0011 -0.1092
vn -0.9735 0.0039 -0.2285
vn -0.8867 -0.0150 -0.4621
vn -0.9931 -0.0154 -0.1159
vn -0.9935 -0.0220 -0.1117
vn -0.9931 -0.0164 -0.1158
vn -0.9936 -0.0228 -0.1108
vn -0.9995 -0.0257 0.0164
vn -0.9994 -0.0281 0.0188
vn -0.9995 -0.0258 0.0175
vn -0.9948 -0.0109 -0.1015
vn -0.9537 -0.0111 -0.3006
vn -0.9684 0.0039 -0.2494
vn -0.9337 -0.0110 -0.3578
vn -1.0000 -0.0000 -0.0038
vn -0.9999 0.0112 -0.0121
vn -0.9996 0.0112 0.0247
vn -0.9724 -0.0039 0.2331
vn -0.7916 -0.0238 0.6106
vn -0.9994 -0.0288 0.0188
vn -0.9946 -0.0216 -0.1020
vn -0.9918 -0.0030 0.1276
vn -0.9319 -0.0120 0.3625
vn -0.9766 0.0433 0.2108
vn -0.8787 0.0184 0.4769
vn -0.9976 -0.0078 0.0685
vn -0.9405 0.0214 0.3392
vn -0.9701 0.0215 0.2418
vn -0.9661 -0.0001 0.2580
vn -0.9249 -0.0006 0.3803
vn -0.9297 0.0236 0.3675
vn -0.8735 -0.0006 0.4868
vn -0.8736 0.0070 0.4866
vn -0.8733 -0.0005 0.4872
vn -0.8721 0.0005 0.4893
vn -0.8651 -0.0102 0.5014
vn -0.8656 -0.0099 0.5007
vn -0.8661 -0.0001 0.4998
vn -0.8897 -0.0542 0.4532
vn -0.9701 0.0209 0.2419
vn -0.9707 0.0249 0.2389
vn -0.9701 0.0214 0.2416
vn -0.9708 0.0253 0.2386
vn -0.9244 0.0234 0.3806
vn -0.9186 -0.0019 0.3951
vn -0.8657 -0.0018 0.5005
vn -0.6517 0.0360 0.7576
vn -0.6013 -0.0016 0.7990
vn -0.6024 -0.0013 0.7982
vn -0.6098 0.0004 0.7926
vn -0.8635 -0.0019 0.5044
vn -0.8633 -0.0083 0.5046
vn -0.8632 -0.0073 0.5048
vn -0.8953 0.0234 0.4449
vn -0.8665 0.0010 0.4992
vn -0.8658 -0.0020 0.5004
vn -0.8023 -0.0025 0.5969
vn -0.8047 0.0025 0.5937
vn -0.8028 -0.0019 0.5963
vn -0.8046 0.0036 0.5939
vn -0.7272 -0.0037 0.6864
vn -0.7271 -0.0040 0.6865
vn -0.7270 -0.0043 0.6866
vn -0.7269 -0.0045 0.6867
vn -0.5779 -0.0045 0.8161
vn -0.5999 -0.0014 0.8001
vn -0.9843 0.0209 0.1754
vn -0.9942 -0.0063 0.1076
vn -0.9585 0.0263 0.2840
vn -0.9700 0.0261 0.2419
vn -0.9652 -0.0001 0.2617
vn -0.9249 -0.0006 0.3802
vn -0.9306 0.0283 0.3649
vn -0.8721 0.0284 0.4885
vn -0.8637 -0.0000 0.5041
vn -0.8037 -0.0003 0.5951
vn -0.8056 0.0021 0.5924
vn -0.8042 -0.0001 0.5944
vn -0.8052 0.0037 0.5930
vn -0.7270 -0.0037 0.6866
vn -0.7278 -0.0024 0.6858
vn -0.7273 -0.0036 0.6863
vn -0.7277 -0.0021 0.6859
vn -0.5993 -0.0020 0.8005
vn -0.5821 -0.0065 0.8131
vn -0.6359 0.0230 0.7714
vn -0.7371 0.0228 0.6754
vn -0.8038 0.0036 0.5948
vn -0.8028 -0.0005 0.5963
vn -0.8041 0.0024 0.5944
vn -0.8022 -0.0005 0.5971
vn -0.8739 0.0007 0.4860
vn -0.8761 0.0096 0.4821
vn -0.2087 -0.0343 -0.9774
vn -0.1575 0.0003 -0.9875
vn -0.2005 -0.0073 -0.9797
vn -0.2414 0.0427 -0.9695
vn -0.5763 0.0306 -0.8167
vn -0.3946 0.0305 -0.9183
vn -0.4103 -0.0007 -0.9119
vn -0.2937 -0.0002 -0.9559
vn -0.2707 0.0292 -0.9622
vn -0.1094 0.0289 -0.9936
vn -0.1321 -0.0079 -0.9912
vn -0.2751 0.0212 -0.9612
vn -0.2866 0.0215 -0.9578
vn -0.2833 0.0214 -0.9588
vn -0.2730 0.0217 -0.9618
vn -0.2901 -0.0002 -0.9570
vn -0.4089 -0.0007 -0.9126
vn -0.3948 0.0272 -0.9184
vn -0.5080 0.0271 -0.8609
vn -0.5246 -0.0002 -0.8513
vn -0.6433 -0.0000 -0.7656
vn -0.6442 -0.0025 -0.7648
vn -0.6429 -0.0008 -0.7659
vn -0.6446 -0.0030 -0.7645
vn -0.7107 0.0016 -0.7035
vn -0.7060 0.0083 -0.7081
vn -0.7101 0.0024 -0.7041
vn -0.7065 0.0093 -0.7077
vn -0.7827 0.0093 -0.6223
vn -0.8289 -0.0032 -0.5593
vn -0.7895 0.0042 -0.6137
vn -0.7094 0.0044 -0.7047
vn -0.5217 0.0062 -0.8531
vn -0.5216 0.0057 -0.8532
vn -0.4212 0.0013 -0.9070
vn -0.4091 0.0237 -0.9122
vn -0.2740 0.0249 -0.9614
vn -0.2729 0.0265 -0.9617
vn -0.2738 0.0253 -0.9615
vn -0.2716 0.0281 -0.9620
vn -0.2191 0.0281 -0.9753
vn 0.1905 -0.0335 -0.9811
vn 0.2233 -0.0044 -0.9747
vn 0.2258 -0.0030 -0.9742
vn 0.2338 0.0015 -0.9723
vn 0.2255 0.0013 -0.9742
vn 0.2227 0.0017 -0.9749
vn 0.2234 0.0016 -0.9747
vn 0.1198 0.0594 -0.9910
vn -0.0698 0.0170 -0.9974
vn 0.2451 -0.0052 -0.9695
vn 0.0722 -0.0054 -0.9974
vn 0.0753 0.0002 -0.9972
vn 0.0718 -0.0045 -0.9974
vn 0.0762 0.0007 -0.9971
vn -0.0529 -0.0005 -0.9986
vn -0.0503 0.0033 -0.9987
vn -0.0524 0.0002 -0.9986
vn -0.0500 0.0040 -0.9987
vn -0.1208 0.0039 -0.9927
vn -0.1061 0.0065 -0.9943
vn -0.1800 0.0005 -0.9837
vn 0.2232 -0.0045 -0.9748
vn 0.0877 -0.0047 -0.9961
vn 0.0746 -0.0233 -0.9969
vn -0.0496 -0.0259 -0.9984
vn -0.0501 -0.0260 -0.9984
vn -0.0531 -0.0259 -0.9983
vn 0.5061 -0.0355 -0.8617
vn 0.2693 0.0323 -0.9625
vn 0.2642 0.0083 -0.9644
vn 0.2629 0.0080 -0.9648
vn 0.2650 0.0084 -0.9642
vn 0.1449 -0.0273 -0.9891
vn 0.3259 -0.0275 -0.9450
vn 0.3623 0.0300 -0.9316
vn 0.4695 0.0623 -0.8807
vn 0.4276 -0.0105 -0.9039
vn 0.6255 -0.0103 -0.7801
vn 0.5712 0.0037 -0.8208
vn 0.6805 -0.0099 -0.7327
vn 0.4280 -0.0102 -0.9037
vn 0.4334 -0.0008 -0.9012
vn 0.4278 -0.0088 -0.9038
vn 0.4345 0.0005 -0.9007
vn 0.3600 -0.0009 -0.9330
vn 0.3648 0.0078 -0.9310
vn 0.3605 0.0006 -0.9328
vn 0.3658 0.0080 -0.9307
vn 0.2622 0.0080 -0.9650
vn 0.1621 -0.0032 -0.9868
vn -0.0510 -0.0250 -0.9984
vn -0.0549 -0.0264 -0.9981
vn -0.1633 -0.0039 -0.9866
vn -0.3539 0.0150 -0.9352
vn -0.0221 0.0155 -0.9996
vn -0.0341 -0.0003 -0.9994
vn 0.0719 -0.0039 -0.9974
vn 0.0722 -0.0048 -0.9974
vn 0.2100 -0.0049 -0.9777
vn 0.2326 0.0003 -0.9726
vn 0.0215 -0.0121 -0.9997
vn 0.2555 0.0040 -0.9668
vn 0.3621 0.0041 -0.9321
vn 0.3545 -0.0078 -0.9350
vn 0.4290 -0.0248 -0.9030
vn 0.4695 0.0322 -0.8823
vn 0.6467 0.0316 -0.7621
vn 0.8369 -0.0002 -0.5474
vn 0.8365 -0.0019 -0.5480
vn 0.8333 0.0020 -0.5528
vn 0.8332 0.0044 -0.5529
vn 0.8330 0.0052 -0.5533
vn 0.8333 0.0012 -0.5528
vn 0.8344 0.0005 -0.5512
vn 0.8425 -0.0271 -0.5380
vn 0.7658 -0.0011 -0.6430
vn 0.7567 -0.0233 -0.6533
vn 0.6566 -0.0256 -0.7538
vn 0.6072 0.0188 -0.7943
vn 0.5097 -0.0086 -0.8603
vn 0.5812 0.0005 -0.8137
vn 0.5563 0.0003 -0.8310
vn 0.6345 -0.0594 -0.7706
vn 0.8057 0.0451 -0.5906
vn 0.8427 -0.0045 -0.5383
vn 0.7556 -0.0045 -0.6550
vn 0.7571 -0.0000 -0.6533
vn 0.7556 -0.0037 -0.6550
vn 0.7575 0.0006 -0.6528
vn 0.6544 -0.0003 -0.7562
vn 0.6555 0.0037 -0.7552
vn 0.6541 0.0012 -0.7564
vn 0.6565 0.0039 -0.7543
vn 0.5862 0.0039 -0.8102
vn 0.5876 0.0044 -0.8092
vn 0.5877 0.0020 -0.8090
vn 0.5920 0.0065 -0.8059
vn 0.9777 -0.0219 -0.2086
vn 0.8977 0.0142 -0.4403
vn 0.8934 -0.0001 -0.4492
vn 0.9420 0.0035 -0.3357
vn 0.9417 0.0024 -0.3365
vn 0.9419 0.0035 -0.3359
vn 0.9417 0.0023 -0.3364
vn 0.9855 0.0013 -0.1698
vn 0.9854 0.0012 -0.1704
vn 0.9854 0.0012 -0.1703
vn 0.9845 0.0005 -0.1752
vn 0.9837 -0.0014 -0.1798
vn 0.9824 0.0016 -0.1868
vn 0.9833 -0.0006 -0.1820
vn 0.9416 -0.0004 -0.3366
vn 0.9423 0.0034 -0.3349
vn 0.9417 0.0002 -0.3365
vn 0.9424 0.0036 -0.3345
vn 0.8939 -0.0000 -0.4483
vn 0.8944 0.0019 -0.4472
vn 0.8939 0.0004 -0.4482
vn 0.8946 0.0023 -0.4469
vn 0.8331 0.0007 -0.5531
vn 0.8336 -0.0006 -0.5524
vn 0.8354 0.0010 -0.5497
vn 0.8354 0.0141 -0.5494
vn 0.8305 -0.0012 -0.5570
vn 0.8305 -0.0023 -0.5570
vn 0.8308 -0.0088 -0.5565
vn 0.8303 -0.0090 -0.5573
vn 0.6746 0.0049 -0.7381
vn 0.5973 0.0049 -0.8020
vn 0.5248 -0.0039 -0.8512
vn 0.6323 0.0154 -0.7746
vn 0.6777 0.0153 -0.7352
vn 0.6690 0.0002 -0.7432
vn 0.7578 0.0003 -0.6525
vn 0.7561 -0.0029 -0.6545
vn 0.7574 -0.0000 -0.6529
vn 0.7562 -0.0036 -0.6543
vn 0.8940 0.0018 -0.4480
vn 0.8938 0.0011 -0.4485
vn 0.8939 0.0016 -0.4482
vn 0.9417 0.0021 -0.3365
vn 0.9419 0.0036 -0.3358
vn 0.9417 0.0021 -0.3364
vn 0.9820 0.0025 -0.1889
vn 0.9755 0.0226 -0.2188
vn -0.8904 -0.0186 0.4547
vn -0.8910 -0.0172 0.4537
vn -0.8909 -0.0172 0.4538
vn -0.8876 0.0008 0.4607
vn -0.8903 0.0050 0.4554
vn -0.8900 0.0042 0.4560
vn -0.8973 -0.0004 0.4415
vn -0.8882 0.0012 0.4594
vn -0.8867 0.0004 0.4623
vn -0.8916 -0.0167 0.4525
vn -0.8887 -0.0024 0.4586
vn -0.5113 -0.3995 -0.7609
vn -0.3897 -0.6072 -0.6924
vn -0.3701 -0.7839 -0.4986
vn -0.2070 -0.9005 -0.3824
vn -0.8873 -0.0014 0.4611
vn -0.8878 -0.0009 0.4603
vn -0.8867 -0.0002 0.4623
vn -0.8885 -0.0009 0.4588
vn -0.8875 0.0026 0.4608
vn -0.8876 0.0022 0.4607
vn -0.8873 0.0029 0.4612
vn -0.8907 -0.0042 0.4545
vn -0.8912 -0.0046 0.4536
vn -0.9659 0.0233 0.2578
vn -0.2602 0.9007 -0.3480
vn -0.3134 0.7498 -0.5828
vn -0.4397 0.6072 -0.6618
vn -0.4453 0.3969 -0.8026
vn -0.6597 -0.0228 0.7512
vn -0.6582 -0.0235 0.7524
vn -0.6583 -0.0235 0.7524
vn -0.6573 -0.0253 0.7532
vn -0.6510 -0.0012 0.7591
vn -0.6511 -0.0011 0.7590
vn -0.6499 0.0002 0.7600
vn -0.6535 0.0009 0.7569
vn -0.6498 0.0010 0.7601
vn -0.6541 0.0048 0.7564
vn -0.7856 -0.1579 -0.5982
vn -0.7510 -0.4148 -0.5137
vn -0.6225 -0.6050 -0.4964
vn -0.5287 -0.7843 -0.3245
vn -0.3130 -0.9089 -0.2756
vn -0.6525 0.0042 0.7577
vn -0.6543 0.0026 0.7562
vn -0.6533 0.0042 0.7571
vn -0.6490 -0.0003 0.7608
vn -0.6503 -0.0001 0.7597
vn -0.6489 -0.0001 0.7609
vn -0.6536 0.0028 0.7568
vn -0.6508 0.0019 0.7593
vn -0.3615 0.9019 -0.2363
vn -0.4645 0.7836 -0.4125
vn -0.6555 0.6073 -0.4488
vn -0.7103 0.4156 -0.5680
vn -0.7976 0.1698 -0.5789
vn -0.3335 -0.0419 0.9418
vn -0.3365 -0.0367 0.9410
vn -0.3342 -0.0408 0.9416
vn -0.3265 -0.0016 0.9452
vn -0.3298 -0.0006 0.9440
vn -0.3355 0.0005 0.9420
vn -0.3370 -0.0355 0.9408
vn -0.3245 -0.0100 0.9458
vn -0.3169 -0.0000 0.9485
vn -0.3170 0.0001 0.9484
vn -0.3168 -0.0000 0.9485
vn -0.3167 -0.0001 0.9485
vn -0.3387 0.0009 0.9409
vn -0.8848 -0.4153 -0.2115
vn -0.7369 -0.6444 -0.2041
vn -0.6048 -0.7906 -0.0959
vn -0.4228 -0.8972 -0.1275
vn -0.9103 -0.3287 -0.2516
vn -0.3250 0.0058 0.9457
vn -0.3245 0.0094 0.9458
vn -0.3213 0.0051 0.9470
vn -0.3171 -0.0001 0.9484
vn -0.3185 -0.0010 0.9479
vn -0.3169 0.0004 0.9484
vn -0.3247 0.0047 0.9458
vn -0.3167 0.0015 0.9485
vn -0.9576 0.1646 -0.2365
vn -0.4327 0.8976 -0.0837
vn -0.5979 0.7744 -0.2067
vn -0.7760 0.6072 -0.1707
vn -0.8714 0.4157 -0.2605
vn 0.0567 0.0008 0.9984
vn 0.0548 0.0002 0.9985
vn 0.0608 0.0007 0.9982
vn 0.0586 0.0016 0.9983
vn 0.0600 0.0006 0.9982
vn 0.0624 -0.0000 0.9981
vn 0.0619 0.0002 0.9981
vn 0.0561 -0.0081 0.9984
vn 0.0538 -0.0122 0.9985
vn 0.0537 -0.0127 0.9985
vn 0.0531 -0.0130 0.9985
vn -0.9208 -0.3751 0.1067
vn -0.9078 -0.4017 0.1206
vn -0.7091 -0.6968 0.1081
vn -0.6098 -0.7920 0.0302
vn -0.3373 -0.9400 0.0502
vn 0.0589 -0.0026 0.9983
vn 0.0620 -0.0011 0.9981
vn 0.0607 -0.0012 0.9982
vn 0.0618 -0.0011 0.9981
vn 0.0584 0.0011 0.9983
vn 0.0516 -0.0005 0.9987
vn 0.0527 0.0062 0.9986
vn 0.0582 0.0019 0.9983
vn 0.0548 0.0041 0.9985
vn -0.9779 0.1526 0.1429
vn -0.9060 0.4148 0.0845
vn -0.7833 0.6074 0.1324
vn -0.5979 0.8015 0.0130
vn -0.3966 0.9141 0.0848
vn 0.4224 -0.0188 0.9062
vn 0.4214 -0.0185 0.9067
vn 0.4215 -0.0185 0.9067
vn 0.4207 -0.0177 0.9070
vn 0.4270 -0.0029 0.9042
vn 0.4292 0.0009 0.9032
vn 0.4238 0.0050 0.9058
vn 0.4244 0.0044 0.9055
vn 0.4279 0.0013 0.9038
vn 0.4304 0.0003 0.9026
vn 0.4093 -0.0003 0.9124
vn -0.2690 -0.9498 0.1597
vn -0.7783 -0.3992 0.4847
vn -0.7066 -0.6051 0.3668
vn -0.6189 -0.6968 0.3625
vn -0.4031 -0.8967 0.1829
vn 0.4289 -0.0002 0.9033
vn 0.4280 -0.0009 0.9038
vn 0.4306 -0.0001 0.9025
vn 0.4256 -0.0013 0.9049
vn 0.4289 0.0017 0.9034
vn 0.4290 0.0029 0.9033
vn 0.4289 0.0018 0.9033
vn 0.4282 0.0010 0.9037
vn 0.4219 -0.0035 0.9066
vn 0.4211 -0.0040 0.9070
vn 0.4146 0.0019 0.9100
vn -0.3553 0.9012 0.2484
vn -0.5944 0.7485 0.2941
vn -0.6587 0.6451 0.3872
vn -0.8211 0.3660 0.4379
vn -0.8105 0.3835 0.4427
vn -0.5244 0.5081 0.6833
vn 0.7442 -0.0025 0.6679
vn 0.7129 0.0040 0.7013
vn 0.7385 -0.0003 0.6743
vn 0.7380 -0.0003 0.6748
vn 0.7387 -0.0003 0.6741
vn 0.6545 0.0576 0.7539
vn 0.7395 0.0020 0.6731
vn 0.7390 -0.0001 0.6737
vn 0.7389 -0.0003 0.6738
vn -0.5887 -0.4456 0.6744
vn -0.5725 -0.4211 0.7035
vn -0.4024 -0.8123 0.4223
vn -0.4045 -0.8137 0.4175
vn -0.4030 -0.8122 0.4218
vn -0.4043 -0.8140 0.4172
vn 0.7520 0.0030 0.6591
vn 0.7370 -0.0001 0.6759
vn 0.7361 -0.0010 0.6769
vn 0.7359 -0.0003 0.6771
vn 0.7360 -0.0000 0.6770
vn 0.7297 0.0064 0.6837
vn 0.7313 0.0047 0.6820
vn 0.7277 -0.0237 0.6855
vn 0.7359 -0.0019 0.6771
vn -0.9959 0.0009 0.0910
vn -0.9960 -0.0000 0.0889
vn -0.9953 0.0007 0.0964
vn -0.9955 0.0011 0.0952
vn -0.9957 0.0020 0.0930
vn -0.9957 -0.0056 0.0924
vn -0.9960 -0.0126 0.0889
vn -0.9958 -0.0072 0.0917
vn -0.9961 -0.0135 0.0877
vn -0.9952 -0.0005 0.0983
vn -0.9952 -0.0004 0.0976
vn -0.1572 -0.1575 -0.9749
vn -0.1401 -0.3893 -0.9104
vn -0.1518 -0.4153 -0.8969
vn -0.1202 -0.7908 -0.6001
vn -0.1205 -0.7906 -0.6004
vn -0.1203 -0.7907 -0.6003
vn -0.1207 -0.7904 -0.6005
vn -0.9963 -0.0004 0.0860
vn -0.9961 0.0028 0.0879
vn -0.9953 -0.0014 0.0966
vn -0.9965 0.0166 0.0823
vn -0.9954 0.0027 0.0958
vn -0.9955 0.0082 0.0944
vn -0.9959 0.0035 0.0905
vn -0.9952 -0.0010 0.0977
vn -0.9952 -0.0010 0.0978
vn -0.1772 0.1507 -0.9726
vn -0.1163 0.4149 -0.9024
vn -0.1597 0.6072 -0.7783
vn -0.0471 0.7841 -0.6188
vn -0.0929 0.8987 -0.4286
vn -0.9534 -0.0288 -0.3004
vn -0.9542 -0.0299 -0.2977
vn -0.9539 -0.0293 -0.2986
vn -0.9543 -0.0325 -0.2972
vn -0.9573 -0.0057 -0.2889
vn -0.9572 -0.0064 -0.2893
vn -0.9565 -0.0042 -0.2917
vn -0.9572 -0.0004 -0.2894
vn -0.9584 -0.0019 -0.2855
vn -0.9585 0.0011 -0.2849
vn -0.9590 0.0002 -0.2833
vn 0.2234 -0.3186 -0.9212
vn 0.1805 -0.4156 -0.8915
vn 0.1782 -0.6435 -0.7444
vn 0.0759 -0.7912 -0.6068
vn 0.1220 -0.9108 -0.3943
vn -0.9574 0.0060 -0.2888
vn -0.9561 0.0053 -0.2929
vn -0.9570 0.0079 -0.2900
vn -0.9589 0.0002 -0.2838
vn -0.9583 -0.0007 -0.2857
vn -0.9590 0.0001 -0.2835
vn -0.9565 0.0044 -0.2918
vn -0.9589 0.0015 -0.2838
vn 0.2005 0.1601 -0.9665
vn 0.2301 0.4154 -0.8801
vn 0.1435 0.6073 -0.7814
vn 0.1879 0.7833 -0.5925
vn 0.0508 0.9150 -0.4002
vn -0.7753 -0.0188 -0.6313
vn -0.7759 -0.0197 -0.6306
vn -0.7766 -0.0201 -0.6296
vn -0.7803 -0.0026 -0.6254
vn -0.7814 0.0007 -0.6241
vn -0.7772 0.0050 -0.6292
vn -0.7777 0.0045 -0.6286
vn -0.7803 0.0010 -0.6254
vn -0.7823 0.0001 -0.6229
vn -0.7693 -0.0006 -0.6389
vn 0.5704 -0.1584 -0.8059
vn 0.4872 -0.4148 -0.7685
vn 0.4744 -0.6049 -0.6396
vn 0.3061 -0.7840 -0.5400
vn 0.2629 -0.9114 -0.3167
vn -0.7766 -0.0003 -0.6299
vn -0.7812 -0.0015 -0.6242
vn -0.7833 -0.0008 -0.6217
vn -0.7779 -0.0021 -0.6284
vn -0.7770 -0.0016 -0.6295
vn -0.7773 -0.0016 -0.6292
vn -0.7813 0.0027 -0.6241
vn -0.7814 0.0031 -0.6240
vn -0.7813 0.0026 -0.6242
vn -0.7812 0.0022 -0.6243
vn -0.7534 0.0049 -0.6575
vn 0.2099 0.9014 -0.3788
vn 0.4053 0.7483 -0.5251
vn 0.4258 0.6072 -0.6708
vn 0.5430 0.4154 -0.7298
vn 0.5505 0.1688 -0.8176
vn -0.4976 0.0013 -0.8674
vn -0.4902 -0.0009 -0.8716
vn -0.4848 -0.0004 -0.8746
vn -0.4853 -0.0006 -0.8744
vn -0.4879 -0.0082 -0.8729
vn -0.4871 -0.0089 -0.8733
vn -0.4872 -0.0094 -0.8732
vn -0.4859 -0.0124 -0.8739
vn -0.4886 -0.0002 -0.8725
vn -0.4925 -0.0010 -0.8703
vn -0.4920 -0.0011 -0.8706
vn -0.4905 0.0006 -0.8715
vn 0.7691 -0.3917 -0.5050
vn 0.7698 -0.3906 -0.5048
vn 0.7653 -0.3973 -0.5065
vn 0.7643 -0.3985 -0.5069
vn 0.4995 -0.7908 -0.3539
vn 0.4995 -0.7907 -0.3540
vn 0.4995 -0.7907 -0.3539
vn 0.4995 -0.7906 -0.3541
vn -0.4935 -0.0019 -0.8697
vn -0.4923 -0.0003 -0.8704
vn -0.4882 -0.0025 -0.8727
vn -0.4915 -0.0006 -0.8709
vn -0.4873 -0.0032 -0.8732
vn -0.4917 0.0028 -0.8707
vn -0.4915 0.0025 -0.8709
vn -0.4917 0.0027 -0.8707
vn -0.4917 0.0030 -0.8708
vn -0.4725 0.0011 -0.8813
vn 0.3755 0.8987 -0.2265
vn 0.2289 0.9486 -0.2186
vn 0.6036 0.6978 -0.3858
vn 0.6459 0.6074 -0.4624
vn 0.7867 0.3967 -0.4729
vn 0.9065 0.3778 -0.1882
vn 0.8776 0.4201 -0.2308
vn 0.5591 0.8122 -0.1665
vn 0.5758 0.8041 -0.1480
vn 0.8720 -0.4289 -0.2359
vn 0.7306 -0.0125 0.6827
vn 0.9135 0.0084 0.4067
vn 0.9828 -0.0136 -0.1842
vn 0.9973 0.0099 0.0730
vn 0.8043 0.0073 -0.5942
vn 0.6155 -0.0057 -0.7881
vn 0.5326 0.0030 -0.8464
vn -0.2858 -0.0123 -0.9582
vn -0.1548 0.0012 -0.9880
vn -0.4924 0.0039 -0.8704
vn -0.9423 -0.0138 -0.3345
vn -0.8159 0.0108 -0.5781
vn -0.9957 0.0073 0.0920
vn -0.9278 -0.0051 0.3732
vn -0.8928 0.0024 0.4505
vn -0.2281 -0.0135 0.9735
vn -0.3797 0.0018 0.9251
vn 0.6545 -0.0009 0.7560
vn 0.3870 0.0128 0.9220
vn -0.0319 0.0025 0.9995
vn -0.0261 0.9992 -0.0305
vn -0.0137 0.9999 -0.0087
vn 0.6204 0.0057 0.7842
vn 0.9854 -0.0045 0.1704
vn 0.9525 0.0049 0.3045
vn 0.9157 -0.0062 -0.4018
vn 0.7241 0.0096 -0.6896
vn 0.1843 -0.0096 -0.9828
vn -0.2351 0.0096 -0.9719
vn -0.7589 -0.0096 -0.6511
vn -0.9350 0.0062 -0.3545
vn -0.9363 -0.0048 0.3511
vn -0.9434 -0.0034 0.3317
vn -0.2848 0.0034 0.9586
vn -0.3022 0.0047 0.9532
vn 0.4014 -0.0061 0.9159
vn 0.6895 0.0096 0.7242
vn 0.9828 -0.0096 0.1843
vn 0.9719 0.0096 -0.2351
vn 0.7381 -0.0059 -0.6746
vn 0.2823 0.0064 -0.9593
vn 0.1093 -0.0029 -0.9940
vn -0.6897 0.0034 -0.7241
vn -0.7590 -0.0034 -0.6511
vn -0.9717 0.0034 0.2363
vn -0.9470 -0.0026 0.3212
vn -0.2801 0.0032 0.9600
vn -0.3021 0.0047 0.9533
vn 0.4022 -0.0062 0.9155
vn 0.7873 -0.0071 0.6165
vn 0.6153 -0.0057 -0.7883
vn 0.8045 0.0073 -0.5939
vn 0.5326 0.0029 -0.8464
vn -0.2859 -0.0123 -0.9582
vn -0.4928 0.0039 -0.8701
vn -0.8157 0.0108 -0.5784
vn -0.9635 -0.0200 -0.2670
vn -0.9958 0.0115 0.0909
vn -0.7132 -0.0222 0.7006
vn -0.8924 0.0089 0.4511
vn -0.3739 0.0127 0.9274
vn 0.6550 0.0058 0.7556
vn 0.3873 0.0062 0.9219
vn 0.1817 -0.0077 0.9833
vn -0.0292 0.0075 0.9995
vn 0.0185 0.9997 0.0135
vn -0.0018 0.9999 0.0156
vn -0.0056 0.9999 0.0132
vn -0.0011 0.9999 0.0152
vn -0.0061 0.9999 0.0126
vn 0.6900 0.0034 0.7238
vn 0.7575 -0.0034 0.6528
vn 0.9720 0.0034 -0.2351
vn 0.9434 -0.0034 -0.3317
vn 0.3541 0.0029 -0.9352
vn 0.3022 -0.0000 -0.9532
vn -0.3509 -0.0000 -0.9364
vn -0.4019 -0.0029 -0.9157
vn -0.9352 0.0029 -0.3541
vn -0.9533 -0.0000 -0.3021
vn -0.9363 -0.0000 0.3513
vn -0.9155 -0.0029 0.4022
vn -0.2808 0.0034 0.9598
vn -0.1973 -0.0024 0.9803
vn 0.8010 -0.0061 0.5986
vn 0.9597 0.0096 0.2809
vn 0.9925 -0.0040 -0.1220
vn 0.7659 0.0037 -0.6430
vn 0.7113 -0.0000 -0.7029
vn 0.1642 -0.0000 -0.9864
vn 0.1098 -0.0029 -0.9940
vn -0.6895 0.0034 -0.7243
vn -0.6745 0.0048 -0.7382
vn -0.9939 -0.0062 -0.1098
vn -0.9719 0.0096 0.2351
vn -0.6509 -0.0096 0.7591
vn -0.3541 0.0062 0.9352
vn 0.3509 -0.0048 0.9364
vn 0.2147 0.0048 0.9767
vn 0.7303 -0.0125 0.6830
vn 0.9818 -0.0138 -0.1897
vn 0.9966 0.0107 0.0817
vn 0.9125 0.0086 0.4089
vn 0.8037 0.0071 -0.5949
vn 0.5330 0.0029 -0.8461
vn -0.4930 0.0039 -0.8700
vn -0.8157 0.0108 -0.5783
vn -0.9276 -0.0051 0.3735
vn -0.8929 0.0024 0.4502
vn -0.3791 0.0018 0.9253
vn 0.6546 -0.0009 0.7560
vn -0.0318 0.0025 0.9995
vn -0.0025 0.9997 0.0231
vn -0.0003 0.9998 0.0212
vn -0.0048 0.9997 0.0245
vn -0.0049 0.9997 0.0253
vn -0.4019 -0.0062 -0.9157
vn 0.3022 0.0048 -0.9532
vn 0.2824 0.0034 -0.9593
vn 0.7588 -0.0034 0.6513
vn 0.6897 0.0034 0.7241
vn -0.1094 -0.0029 0.9940
vn -0.1642 -0.0000 0.9864
vn -0.7385 -0.0000 0.6743
vn -0.7743 0.0029 0.6328
vn -0.9829 -0.0034 -0.1843
vn -0.9865 -0.0048 -0.1637
vn -0.6326 0.0062 -0.7745
vn 0.1098 -0.0062 -0.9939
vn 0.7382 0.0048 -0.6745
vn 0.7241 0.0034 -0.6897
vn 0.9940 -0.0029 0.1098
vn 0.9593 0.0064 0.2823
vn 0.6745 -0.0059 0.7382
vn 0.3510 0.0059 0.9364
vn -0.1843 -0.0064 0.9828
vn -0.3541 0.0029 0.9352
vn -0.9433 -0.0034 0.3318
vn -0.9364 -0.0048 0.3510
vn -0.9352 0.0062 -0.3541
vn -0.7589 -0.0096 -0.6512
vn -0.2760 0.0125 -0.9611
vn 0.0527 -0.0084 -0.9986
vn 0.6106 0.0136 -0.7918
vn 0.3880 -0.0099 -0.9216
vn 0.8949 -0.0073 -0.4463
vn 0.9817 0.0056 -0.1902
vn 0.9960 -0.0029 -0.0897
vn 0.7236 0.0122 0.6901
vn 0.8097 -0.0012 0.5868
vn 0.5512 -0.0039 0.8343
vn -0.1303 0.0138 0.9914
vn 0.1441 -0.0108 0.9895
vn -0.5348 -0.0073 0.8450
vn -0.7544 0.0051 0.6564
vn -0.8068 -0.0023 0.5908
vn -0.9709 0.0135 -0.2391
vn -0.9966 -0.0018 -0.0826
vn -0.3758 0.0010 -0.9267
vn -0.6455 -0.0128 -0.7637
vn -0.9048 -0.0025 -0.4258
vn -0.0655 -0.9974 0.0304
vn -0.0198 -0.9997 -0.0162
vn 0.0657 -0.9974 -0.0297
vn -0.2764 0.0126 -0.9610
vn 0.0528 -0.0084 -0.9986
vn 0.3884 -0.0099 -0.9215
vn 0.9620 0.0028 -0.2729
vn 0.9088 -0.0088 -0.4172
vn 0.9324 0.0059 0.3613
vn 0.9860 -0.0054 0.1665
vn 0.8231 -0.0110 0.5678
vn 0.3673 0.0068 0.9301
vn 0.5506 -0.0070 0.8348
vn -0.2336 0.0088 0.9723
vn 0.1449 -0.0071 0.9894
vn -0.5346 -0.0073 0.8451
vn -0.7542 0.0051 0.6566
vn -0.8068 -0.0024 0.5908
vn -0.3761 0.0009 -0.9266
vn -0.6453 -0.0128 -0.7638
vn -0.0319 -0.9991 -0.0269
vn 0.0125 -0.9998 -0.0151
vn 0.0282 -0.9996 0.0062
vn 0.3882 -0.0099 -0.9215
vn 0.9817 0.0056 -0.1901
vn 0.8947 -0.0074 -0.4467
vn 0.9959 -0.0029 -0.0900
vn 0.7260 0.0119 0.6876
vn 0.5507 -0.0043 0.8347
vn 0.1456 -0.0104 0.9893
vn -0.1017 0.0124 0.9947
vn -0.5394 -0.0072 0.8420
vn -0.6125 -0.0028 0.7905
vn -0.8078 -0.0088 0.5893
vn -0.9416 0.0115 0.3364
vn -0.9446 0.0060 -0.3281
vn -0.9967 -0.0072 -0.0812
vn -0.6452 -0.0128 -0.7639
vn -0.0431 -0.9987 -0.0263
vn 0.0249 -0.9997 -0.0007
vn 0.0655 -0.9978 -0.0141
vn -0.8455 0.0013 0.5339
vn -0.8436 0.0018 0.5369
vn -0.8488 0.0061 0.5287
vn -0.8468 0.0307 0.5310
vn -0.8486 0.0002 0.5291
vn -0.8496 0.0075 0.5273
vn -0.8488 0.0002 0.5287
vn 0.8600 -0.0013 -0.5102
vn 0.8618 -0.0018 -0.5072
vn 0.8572 -0.0010 -0.5150
vn 0.8630 -0.0867 -0.4977
vn 0.8573 -0.0014 -0.5148
vn 0.8572 -0.0005 -0.5150
vn 0.8570 -0.0004 -0.5153
vn -0.9006 -0.0063 0.4345
vn -0.9120 0.0398 0.4082
vn -0.9754 -0.0156 0.2200
vn -0.9841 0.1125 0.1378
vn -0.9961 -0.0864 -0.0150
vn -0.9676 0.0439 -0.2488
vn -0.9417 0.1637 -0.2939
vn -0.8800 -0.0837 -0.4676
vn -0.7323 0.0471 -0.6794
vn -0.7377 0.0265 -0.6746
vn -0.5218 -0.0347 -0.8524
vn -0.4877 0.0541 -0.8714
vn -0.0676 -0.0277 -0.9973
vn -0.0222 0.0729 -0.9971
vn -0.3033 -0.0309 -0.9524
vn -0.2556 0.0786 -0.9636
vn 0.4024 -0.0172 -0.9153
vn 0.4348 0.0606 -0.8985
vn 0.1722 -0.0245 -0.9848
vn 0.2131 0.0669 -0.9747
vn 0.6333 0.0498 -0.7723
vn 0.6093 -0.0172 -0.7927
vn 0.7767 0.0414 -0.6286
vn 0.7968 -0.0107 -0.6042
vn -0.6461 -0.0060 0.7633
vn -0.7872 -0.0709 0.6126
vn -0.6490 0.0492 0.7592
vn 0.8813 -0.1105 -0.4595
vn 0.9717 0.0473 -0.2312
vn 0.9771 -0.0017 -0.2129
vn -0.6351 -0.0000 0.7724
vn -0.4440 -0.0000 0.8960
vn -0.4443 -0.0000 0.8959
vn -0.2338 -0.0000 0.9723
vn -0.0113 -0.0000 0.9999
vn 0.2111 -0.0000 0.9775
vn 0.2114 -0.0000 0.9774
vn 0.4236 -0.0000 0.9059
vn 0.6143 -0.0000 0.7891
vn 0.6142 -0.0000 0.7892
vn 0.7745 -0.0000 0.6326
vn 0.8959 -0.0000 0.4443
vn 0.9723 -0.0000 0.2338
vn 0.9810 -0.0153 0.1933
vn 0.9998 0.0154 0.0113
vn 0.9863 -0.0205 -0.1639
vn 0.9735 0.0060 -0.2285
vn -0.8099 0.1103 0.5761
vn -0.6476 -0.0474 0.7605
vn -0.6336 0.0017 0.7736
vn 0.9035 0.0713 -0.4226
vn 0.9712 -0.0496 -0.2331
vn 0.9766 -0.0000 -0.2151
vn 0.9999 -0.0000 0.0113
vn 0.8960 -0.0000 0.4440
vn 0.2116 -0.0000 0.9774
vn -0.2738 0.0153 0.9617
vn -0.4443 -0.0153 0.8958
vn -0.5945 0.0204 0.8039
vn -0.9003 0.0107 0.4351
vn -0.9128 -0.0411 0.4063
vn -0.9831 0.0171 0.1822
vn -0.9758 -0.0500 0.2130
vn -0.9982 0.0170 -0.0575
vn -0.9980 -0.0601 -0.0212
vn -0.9555 0.0242 -0.2941
vn -0.9651 -0.0670 -0.2532
vn -0.8577 0.0277 -0.5134
vn -0.8782 -0.0727 -0.4728
vn -0.7103 0.0312 -0.7032
vn -0.7433 -0.0839 -0.6637
vn -0.5643 0.0388 -0.8246
vn -0.4838 -0.1223 -0.8666
vn -0.2707 0.1135 -0.9559
vn -0.0692 -0.1649 -0.9839
vn -0.0164 -0.0395 -0.9991
vn 0.2176 0.0850 -0.9723
vn 0.3924 -0.1618 -0.9055
vn 0.4405 -0.0483 -0.8964
vn 0.7966 0.0066 -0.6044
vn 0.7463 -0.1093 -0.6566
vn 0.6367 0.0882 -0.7661
vn 0.8648 0.0833 -0.4952
vn -0.8338 0.0881 0.5449
vn -0.8529 -0.0000 0.5221
vn 0.0003 1.0000 0.0002
vn -0.0001 1.0000 0.0001
vn -0.0000 -1.0000 0.0001
vn 0.0002 -1.0000 -0.0000
vn 0.0003 -1.0000 -0.0000
vn -0.0000 -1.0000 0.0003
vn 0.0388 0.9738 -0.2240
vn 0.1871 0.9822 0.0187
vn -0.7160 0.6955 0.0603
vn -0.1323 0.9912 0.0035
vn -0.6157 0.7879 -0.0075
vn 0.6599 0.5964 -0.4570
vn 0.5152 0.6947 0.5020
vn 0.4420 0.7213 0.5333
vn 0.2598 0.6148 0.7446
vn 0.0113 0.6871 0.7265
vn -0.4322 0.3043 0.8489
vn -0.2786 0.6761 0.6821
vn -0.0729 0.7570 0.6494
vn 0.0294 0.9756 0.2175
vn -0.4530 0.7819 0.4283
vn -0.6904 0.6115 0.3865
vn -0.7926 0.3425 0.5045
vn -0.9422 0.3351 -0.0004
vn -0.8099 0.3106 -0.4975
vn -0.6849 0.5540 -0.4732
vn -0.1819 0.9831 0.0206
vn -0.2330 0.9042 -0.3579
vn -0.3692 0.7336 -0.5706
vn -0.3788 0.7265 -0.5734
vn -0.3698 0.7330 -0.5709
vn -0.3687 0.7337 -0.5708
vn -0.1129 0.6062 -0.7872
vn -0.0752 0.2860 -0.9553
vn 0.0463 0.9841 -0.1717
vn 0.1634 0.8186 -0.5506
vn 0.3812 0.6303 -0.6763
vn 0.4093 0.3536 -0.8411
vn 0.8100 0.3145 -0.4950
vn 0.9434 0.3313 -0.0126
vn 0.7918 0.6098 0.0343
vn 0.5469 0.8194 -0.1718
vn 0.3255 0.9403 -0.0992
vn 0.5877 0.7279 0.3533
vn 0.6342 0.6983 0.3319
vn -0.5402 0.7318 -0.4156
vn 0.0359 0.9848 -0.1699
vn 0.1110 0.9098 0.4000
vn -0.1301 0.9906 -0.0412
vn 0.1526 0.9853 0.0763
vn 0.1422 0.9870 0.0752
vn 0.1512 0.9859 0.0721
vn -0.7994 0.5993 0.0429
vn 0.5826 0.6901 -0.4293
vn 0.5553 0.6159 0.5589
vn 0.2196 0.7094 0.6697
vn 0.1760 0.7381 0.6513
vn 0.0070 0.6302 0.7764
vn -0.4327 0.3044 0.8486
vn -0.3219 0.5966 0.7351
vn -0.0967 0.9775 0.1873
vn -0.3739 0.8169 0.4392
vn -0.6513 0.7324 0.1983
vn -0.6384 0.6926 0.3359
vn -0.7924 0.3425 0.5048
vn -0.9422 0.3350 -0.0004
vn -0.8099 0.3105 -0.4976
vn -0.5204 0.7450 -0.4174
vn -0.3942 0.6765 -0.6221
vn -0.1246 0.7175 -0.6853
vn -0.1248 0.7173 -0.6855
vn -0.1245 0.7174 -0.6854
vn -0.1245 0.7179 -0.6849
vn 0.4043 0.7578 -0.5121
vn 0.3699 0.6814 -0.6315
vn 0.4093 0.3535 -0.8411
vn 0.8076 0.3209 -0.4947
vn 0.9443 0.3287 -0.0154
vn 0.7907 0.6114 0.0332
vn 0.5979 0.7900 -0.1356
vn 0.1393 0.9874 0.0751
vn 0.6248 0.7046 0.3364
vn 0.6377 0.6960 0.3301
vn -0.5581 0.6950 -0.4533
vn -0.7938 0.6066 0.0441
vn 0.6525 0.6064 -0.4544
vn 0.5242 0.6786 0.5145
vn 0.2493 0.6414 0.7256
vn 0.0169 0.7315 0.6816
vn -0.4292 0.3078 0.8491
vn -0.2883 0.6570 0.6966
vn -0.0459 0.7794 0.6248
vn -0.6045 0.7274 0.3248
vn -0.5976 0.7442 0.2983
vn -0.7939 0.3358 0.5068
vn -0.9423 0.3347 -0.0004
vn -0.5805 0.6856 -0.4394
vn -0.5636 0.8036 -0.1912
vn -0.1579 0.9869 0.0314
vn -0.4139 0.6241 -0.6627
vn -0.0830 0.9727 -0.2165
vn -0.0508 0.7856 -0.6167
vn -0.1225 0.6976 -0.7059
vn 0.3819 0.7179 -0.5820
vn 0.3647 0.7018 -0.6119
vn 0.8076 0.3210 -0.4947
vn 0.9443 0.3286 -0.0154
vn 0.7422 0.6687 0.0441
vn 0.5769 0.8069 -0.1271
vn 0.1766 0.9804 -0.0874
vn 0.5478 0.7501 0.3705
vn 0.6243 0.7105 0.3248
vn -0.2037 -0.9749 0.0898
vn -0.1060 -0.9845 -0.1398
vn 0.0341 -0.9821 0.1850
vn -0.4022 -0.5961 0.6949
vn 0.6715 -0.6552 -0.3462
vn -0.2454 -0.6159 -0.7486
vn -0.4966 -0.7094 -0.5002
vn -0.5011 -0.7477 -0.4357
vn -0.6577 -0.6687 -0.3468
vn -0.9525 -0.3046 -0.0005
vn -0.7661 -0.6404 -0.0552
vn -0.5130 -0.8415 0.1694
vn -0.6432 -0.6306 0.4344
vn -0.8097 -0.3426 0.4765
vn -0.4278 -0.3356 0.8392
vn 0.0743 -0.3050 0.9495
vn 0.1149 -0.5894 0.7996
vn -0.1262 -0.8193 0.5594
vn -0.0720 -0.9403 0.3326
vn 0.3908 -0.7400 0.5474
vn 0.3677 -0.6894 0.6242
vn 0.5683 -0.7203 0.3978
vn 0.5697 -0.7012 0.4286
vn 0.8167 -0.2862 0.5011
vn 0.2164 -0.9763 0.0086
vn 0.6710 -0.7348 -0.0994
vn 0.7305 -0.6815 -0.0425
vn 0.7306 -0.6815 -0.0425
vn 0.9352 -0.3536 0.0178
vn 0.8077 -0.3212 -0.4944
vn 0.4428 -0.3289 -0.8341
vn 0.2834 -0.6931 -0.6628
vn 0.3540 -0.8129 -0.4625
vn -0.0069 -0.7060 -0.7082
vn -0.0083 -0.7066 -0.7075
vn -0.0088 -0.7057 -0.7084
vn -0.0051 -0.7051 -0.7091
vn -0.1753 -0.9842 -0.0238
vn -0.0223 -0.9828 0.1831
vn -0.0212 -0.9833 0.1805
vn -0.0221 -0.9829 0.1831
vn 0.1117 -0.9749 -0.1924
vn -0.0849 -0.9485 -0.3052
vn -0.4002 -0.6067 0.6868
vn 0.6715 -0.6551 -0.3463
vn -0.2068 -0.7078 -0.6754
vn -0.2295 -0.7517 -0.6183
vn -0.5264 -0.6547 -0.5425
vn -0.6310 -0.6994 -0.3355
vn -0.9525 -0.3044 -0.0006
vn -0.7936 -0.6064 -0.0494
vn -0.6266 -0.7183 -0.3024
vn -0.5644 -0.8044 0.1854
vn -0.5435 -0.7148 0.4399
vn -0.5821 -0.7000 0.4137
vn -0.8098 -0.3426 0.4763
vn -0.4279 -0.3351 0.8394
vn 0.0751 -0.3105 0.9476
vn 0.1169 -0.6047 0.7879
vn -0.0524 -0.8171 0.5741
vn -0.0210 -0.9835 0.1798
vn 0.4113 -0.6049 0.6819
vn 0.3322 -0.9042 0.2683
vn 0.5411 -0.7146 0.4434
vn 0.5264 -0.7442 0.4112
vn 0.8167 -0.2861 0.5011
vn 0.1988 -0.9800 0.0123
vn 0.6711 -0.7346 -0.0998
vn 0.7306 -0.6815 -0.0423
vn 0.4429 -0.3289 -0.8341
vn 0.3195 -0.6308 -0.7071
vn 0.3458 -0.8153 -0.4644
vn 0.0059 -0.6016 -0.7987
vn 0.1920 -0.7422 0.6421
vn -0.0920 -0.9874 -0.1290
vn -0.0007 -0.9807 0.1957
vn -0.3762 -0.7057 0.6003
vn -0.3534 -0.7223 0.5945
vn 0.7264 -0.6105 -0.3156
vn -0.2453 -0.6160 -0.7486
vn -0.4965 -0.7094 -0.5003
vn -0.5011 -0.7477 -0.4358
vn -0.7660 -0.6404 -0.0552
vn -0.5291 -0.8338 0.1575
vn -0.5888 -0.6930 0.4160
vn -0.8096 -0.3424 0.4767
vn 0.0751 -0.3104 0.9476
vn 0.1257 -0.6710 0.7307
vn 0.3707 -0.6841 0.6282
vn 0.5764 -0.7125 0.4001
vn 0.5778 -0.6923 0.4323
vn 0.1736 -0.9847 0.0179
vn 0.6820 -0.7241 -0.1024
vn 0.7644 -0.6430 0.0486
vn 0.8422 -0.3139 -0.4383
vn 0.4429 -0.3288 -0.8341
vn 0.2890 -0.6835 -0.6703
vn 0.3518 -0.8137 -0.4628
vn -0.0263 -0.7016 -0.7121
vn -0.0034 -0.6908 -0.7231
vn 0.0145 -0.9670 -0.2543
vn -0.0332 -0.9912 -0.1284
vn -0.2214 -0.9619 -0.1606
vn -0.2205 -0.9506 0.2184
vn -0.1149 -0.9820 -0.1498
vn -0.2332 0.9666 -0.1059
vn -0.0951 0.9906 -0.0988
vn 0.0084 0.9620 -0.2730
vn 0.2936 0.9499 -0.1069
vn -0.0661 0.9816 -0.1791
vn 0.4557 -0.8468 -0.2746
vn 0.4336 -0.8668 -0.2461
vn 0.7628 -0.4589 -0.4555
vn 0.7345 -0.5271 -0.4273
vn 0.6562 -0.6393 -0.4010
vn 0.5365 0.7443 -0.3978
vn 0.6226 0.6833 -0.3814
vn 0.4436 0.8585 -0.2574
vn 0.4585 0.8440 -0.2782
vn 0.8327 0.1612 -0.5297
vn 0.7508 0.4996 -0.4321
vn -0.4455 0.8512 0.2774
vn -0.4174 0.8668 0.2730
vn -0.7525 0.4588 0.4725
vn -0.7148 0.5268 0.4600
vn -0.6557 0.6390 0.4022
vn -0.5775 -0.7604 0.2972
vn -0.6167 -0.6907 0.3776
vn -0.4336 -0.8577 0.2763
vn -0.4501 -0.8485 0.2783
vn -0.8318 -0.2642 0.4882
vn -0.7293 -0.4998 0.4673
vn 0.3799 -0.6838 0.6230
vn 0.4203 -0.6771 0.6041
vn -0.3854 0.6852 -0.6180
vn 0.8469 0.0039 -0.5318
vn 0.8499 0.0817 -0.5206
vn 0.8187 0.0299 -0.5735
vn -0.3633 0.7067 -0.6071
vn 0.8475 0.1104 -0.5192
vn 0.8201 0.0573 -0.5694
vn 0.8515 -0.0000 -0.5244
vn 0.8480 -0.0101 -0.5299
vn 0.8516 -0.0009 -0.5241
vn 0.3722 -0.7062 0.6022
vn 0.3794 -0.7067 0.5972
vn 0.3768 -0.7065 0.5990
vn 0.3697 -0.7061 0.6039
vn 0.3685 0.7094 0.6009
vn 0.8519 0.0005 -0.5237
vn 0.8517 -0.0001 -0.5241
vn 0.8498 0.0064 -0.5271
vn 0.8693 0.0644 -0.4902
vn 0.9368 -0.0730 -0.3422
vn -0.3626 -0.7067 -0.6075
vn 0.8522 0.0042 -0.5233
vn 0.8519 0.0040 -0.5236
vn 0.8525 0.0045 -0.5226
vn 0.7455 -0.1165 -0.6563
vn 0.8530 0.0049 -0.5219
vn -0.3732 -0.6855 -0.6251
vn 0.3969 0.6811 0.6153
vn 0.3792 0.6839 0.6233
vn 0.3554 -0.1969 -0.9137
vn 0.5951 -0.0205 -0.8034
vn 0.6356 0.0040 -0.7720
vn 0.5866 0.6835 0.4343
vn 0.5880 0.6831 0.4332
vn 0.5902 0.6824 0.4312
vn 0.5916 0.6820 0.4300
vn 0.5824 0.7066 0.4019
vn 0.5697 0.7054 0.4217
vn 0.5937 -0.0686 -0.8018
vn 0.5650 -0.0365 -0.8243
vn 0.5904 0.0065 -0.8071
vn 0.4276 0.1994 -0.8817
vn -0.5613 -0.7066 -0.4308
vn -0.5625 0.7070 -0.4288
vn 0.6203 -0.0000 -0.7844
vn 0.5993 -0.0304 -0.8000
vn 0.5472 0.0570 -0.8350
vn 0.5915 0.1101 -0.7988
vn 0.5708 -0.7063 0.4187
vn 0.5756 -0.7067 0.4114
vn 0.5738 -0.7066 0.4141
vn 0.5692 -0.7061 0.4212
vn 0.5885 -0.6831 0.4325
vn 0.5886 -0.6831 0.4324
vn 0.5884 -0.6832 0.4325
vn 0.5887 -0.6830 0.4323
vn -0.5971 0.6831 -0.4205
vn 0.6551 -0.0335 -0.7548
vn 0.5929 0.0820 -0.8011
vn 0.5473 0.0338 -0.8362
vn -0.0411 -0.2148 -0.9758
vn 0.2510 -0.0205 -0.9678
vn 0.1987 -0.0462 -0.9790
vn 0.7137 0.6809 0.1643
vn 0.7072 0.6835 0.1811
vn 0.6906 0.7066 0.1543
vn 0.6861 0.7055 0.1776
vn 0.1055 0.2009 -0.9739
vn 0.2598 0.0277 -0.9653
vn 0.2148 -0.0366 -0.9760
vn 0.2500 -0.0692 -0.9658
vn -0.6805 -0.7070 -0.1923
vn -0.6825 0.7069 -0.1860
vn 0.2747 -0.0000 -0.9615
vn 0.2528 -0.0259 -0.9672
vn 0.1943 0.0573 -0.9793
vn 0.2490 0.1106 -0.9622
vn 0.6861 -0.7063 0.1744
vn 0.6878 -0.7067 0.1658
vn 0.6872 -0.7065 0.1691
vn 0.6855 -0.7061 0.1775
vn 0.7089 -0.6844 0.1705
vn -0.7048 0.6849 -0.1849
vn 0.2554 -0.0255 -0.9665
vn 0.3644 0.0848 -0.9274
vn 0.2416 -0.0184 -0.9702
vn -0.2874 -0.1171 -0.9506
vn -0.1303 -0.0042 -0.9915
vn -0.0860 0.0180 -0.9961
vn -0.7225 -0.6837 0.1032
vn 0.7273 0.6661 -0.1654
vn 0.7233 0.6831 -0.1011
vn 0.6980 0.7066 -0.1163
vn 0.7027 0.7055 -0.0923
vn -0.3049 0.1996 -0.9312
vn -0.1359 0.0064 -0.9907
vn -0.1661 -0.0362 -0.9854
vn -0.1299 -0.0692 -0.9891
vn -0.7030 -0.7066 0.0800
vn -0.7025 0.7069 0.0821
vn -0.0991 -0.0000 -0.9951
vn -0.1248 -0.0300 -0.9917
vn -0.1865 0.0571 -0.9808
vn -0.1293 0.1106 -0.9854
vn 0.7015 -0.7063 -0.0955
vn 0.6998 -0.7067 -0.1039
vn 0.7005 -0.7065 -0.1006
vn 0.7021 -0.7061 -0.0920
vn 0.7230 -0.6828 -0.1046
vn 0.7272 -0.6696 -0.1512
vn -0.7220 0.6868 0.0841
vn -0.0082 -0.0710 -0.9974
vn -0.1287 0.1539 -0.9797
vn -0.2426 0.0530 -0.9687
vn -0.6266 -0.1166 -0.7705
vn -0.4921 0.0006 -0.8705
vn -0.4106 0.0466 -0.9106
vn -0.6371 -0.6845 0.3542
vn 0.6336 0.6823 -0.3648
vn 0.6351 0.6837 -0.3594
vn 0.6347 0.6833 -0.3610
vn 0.6331 0.6820 -0.3661
vn 0.6134 0.7094 -0.3472
vn -0.6015 0.2008 -0.7732
vn -0.4840 0.0271 -0.8746
vn -0.4596 0.0644 -0.8858
vn -0.3090 -0.0734 -0.9482
vn -0.6231 -0.7070 0.3345
vn -0.6197 0.7066 0.3416
vn -0.6951 -0.3165 -0.6455
vn -0.5001 -0.0097 -0.8659
vn -0.5403 0.0570 -0.8395
vn -0.4891 0.1106 -0.8652
vn 0.6148 -0.7062 -0.3510
vn 0.6101 -0.7067 -0.3582
vn 0.6118 -0.7065 -0.3557
vn 0.6163 -0.7061 -0.3486
vn 0.6335 -0.6822 -0.3652
vn 0.6329 -0.6818 -0.3669
vn 0.6324 -0.6815 -0.3683
vn 0.6341 -0.6826 -0.3632
vn -0.6508 0.6877 0.3218
vn -0.3852 -0.0685 -0.9203
vn -0.4864 0.1516 -0.8605
vn -0.5860 0.0530 -0.8086
vn 0.5310 0.7069 0.4671
vn -0.6456 0.1103 0.7557
vn -0.6040 0.0572 0.7949
vn -0.6547 -0.0324 0.7552
vn -0.6759 -0.0000 0.7370
vn -0.5402 -0.7063 -0.4576
vn -0.5456 -0.7067 -0.4504
vn -0.5435 -0.7065 -0.4532
vn -0.5382 -0.7061 -0.4601
vn -0.5531 0.7066 -0.4414
vn -0.5386 0.7055 -0.4606
vn -0.6138 0.0496 0.7879
vn -0.6452 0.0063 0.7640
vn -0.6210 -0.0365 0.7830
vn -0.6480 -0.0693 0.7585
vn 0.5302 -0.7067 0.4685
vn -0.5127 -0.1166 0.8506
vn -0.6497 -0.0027 0.7602
vn -0.7080 0.0373 0.7052
vn 0.5601 -0.6835 0.4681
vn -0.5590 0.6827 -0.4705
vn -0.5548 0.6838 -0.4740
vn -0.5560 0.6835 -0.4729
vn -0.5599 0.6824 -0.4700
vn -0.3256 0.7094 -0.6251
vn -0.7945 0.2011 0.5731
vn -0.8912 0.0278 0.4527
vn -0.9013 0.0642 0.4285
vn -0.9585 -0.0731 0.2755
vn 0.3124 -0.7070 0.6345
vn 0.3199 0.7066 0.6312
vn -0.8817 0.1105 0.4587
vn -0.8579 0.0571 0.5107
vn -0.8829 -0.0100 0.4694
vn -0.6643 -0.3219 0.6747
vn -0.3292 -0.7062 -0.6268
vn -0.3370 -0.7067 -0.6221
vn -0.3341 -0.7065 -0.6238
vn -0.3267 -0.7061 -0.6282
vn -0.5621 -0.6845 -0.4643
vn 0.5591 0.6837 0.4689
vn -0.6452 -0.0172 0.7638
vn -0.6475 -0.0187 0.7618
vn -0.6469 -0.0184 0.7624
vn -0.7344 0.0848 0.6734
vn -0.6446 -0.0167 0.7644
vn -0.7211 -0.1968 0.6643
vn -0.8871 -0.0222 0.4611
vn -0.8565 -0.0511 0.5136
vn -0.3415 0.6833 -0.6453
vn -0.3422 0.6832 -0.6451
vn -0.3419 0.6832 -0.6452
vn -0.3412 0.6833 -0.6455
vn -0.0911 0.7067 -0.7017
vn -0.0676 0.7055 -0.7055
vn -0.9930 -0.0692 0.0953
vn -0.9906 -0.0364 0.1317
vn -0.9948 0.0063 0.1013
vn -0.9413 0.1994 0.2724
vn 0.0557 -0.7066 0.7054
vn 0.0578 0.7069 0.7049
vn -0.9980 -0.0000 0.0635
vn -0.9955 -0.0306 0.0898
vn -0.9867 0.0573 0.1523
vn -0.9893 0.1105 0.0950
vn -0.0707 -0.7063 -0.7043
vn -0.0791 -0.7068 -0.7030
vn -0.0761 -0.7066 -0.7035
vn -0.0674 -0.7061 -0.7049
vn -0.3396 -0.6830 -0.6467
vn -0.3407 -0.6827 -0.6464
vn -0.3414 -0.6825 -0.6463
vn -0.3391 -0.6829 -0.6470
vn 0.3358 0.6857 0.6458
vn -0.9254 -0.0480 0.3758
vn -0.8759 0.1589 0.4557
vn -0.8267 0.0578 0.5597
vn -0.9598 -0.1170 0.2551
vn -0.9954 -0.0031 0.0953
vn -0.9988 0.0225 0.0445
vn 0.0767 -0.6838 0.7257
vn -0.1354 0.6659 -0.7337
vn -0.0704 0.6831 -0.7269
vn 0.1784 0.7066 -0.6848
vn 0.2018 0.7055 -0.6794
vn -0.9564 -0.0693 -0.2836
vn -0.9678 -0.0364 -0.2490
vn -0.9555 0.0282 -0.2937
vn -0.9695 0.2009 -0.1404
vn -0.2162 -0.7070 0.6733
vn -0.2102 0.7069 0.6754
vn -0.9528 0.1104 -0.2827
vn -0.9719 0.0572 -0.2285
vn -0.9576 -0.0266 -0.2869
vn -0.9510 -0.0000 -0.3093
vn 0.1981 -0.7063 -0.6796
vn 0.1898 -0.7067 -0.6816
vn 0.1929 -0.7066 -0.6808
vn 0.2013 -0.7061 -0.6789
vn -0.0717 -0.6830 -0.7269
vn -0.0701 -0.6833 -0.7267
vn -0.0696 -0.6833 -0.7268
vn -0.0723 -0.6828 -0.7270
vn 0.0599 0.6867 0.7245
vn -0.9971 -0.0706 -0.0268
vn -0.9921 0.0820 0.0954
vn -0.9867 0.0274 0.1603
vn -0.9773 -0.2116 0.0025
vn -0.9585 -0.0201 -0.2844
vn -0.9708 -0.0443 -0.2357
vn 0.1817 0.6795 -0.7108
vn 0.2060 0.6835 -0.7003
vn 0.4220 0.7066 -0.5680
vn 0.4416 0.7054 -0.5544
vn -0.7931 0.0191 -0.6088
vn -0.7860 0.0065 -0.6183
vn -0.8042 -0.0366 -0.5933
vn -0.7805 -0.0692 -0.6214
vn -0.4499 -0.7067 0.5461
vn -0.4481 0.7069 0.5472
vn -0.7612 -0.0000 -0.6486
vn -0.7782 -0.0312 -0.6273
vn -0.8156 0.0574 -0.5758
vn -0.7779 0.1103 -0.6186
vn 0.4384 -0.7063 -0.5559
vn 0.4311 -0.7067 -0.5610
vn 0.4339 -0.7066 -0.5590
vn 0.4408 -0.7061 -0.5542
vn 0.1932 -0.6843 -0.7031
vn -0.9642 0.0087 -0.2650
vn -0.8921 0.2236 -0.3927
vn -0.9799 0.0436 -0.1949
vn -0.9008 -0.1960 -0.3875
vn -0.7822 -0.0207 -0.6227
vn -0.7580 -0.0025 -0.6523
vn 0.4485 0.6823 -0.5774
vn 0.4542 0.6841 -0.5707
vn 0.4522 0.6835 -0.5730
vn 0.4471 0.6818 -0.5790
vn 0.4403 -0.6843 -0.5813
vn -0.4380 0.6821 0.5856
vn -0.7346 -0.0517 -0.6766
vn -0.6984 0.0849 -0.7107
vn -0.7846 -0.0140 -0.6199
vn -0.8909 0.0161 -0.4540
vn -0.8809 0.0244 -0.4727
vn -0.8939 0.0202 -0.4478
vn -0.9909 -0.0189 -0.1331
vn -0.9737 0.0208 0.2270
vn -0.9461 -0.0039 0.3238
vn -0.9123 -0.0254 -0.4088
vn -0.8755 -0.0083 -0.4832
vn -0.9384 -0.0123 -0.3454
vn -0.9899 0.0196 -0.1407
vn -0.9512 -0.0158 0.3081
vn -0.9602 -0.0059 0.2792
vn 0.0506 0.0254 -0.9984
vn -0.0330 0.0082 -0.9994
vn 0.6849 0.0058 -0.7286
vn 0.7068 0.0157 -0.7073
vn 0.3247 -0.0196 -0.9456
vn 0.1191 0.0123 -0.9928
vn 0.0008 -0.0160 -0.9999
vn 0.7184 0.0039 -0.6956
vn 0.6448 -0.0208 -0.7640
vn 0.3319 0.0190 -0.9431
vn 0.0075 -0.0202 -0.9998
vn -0.0209 -0.0245 -0.9995
vn 0.7297 -0.0049 0.6837
vn 0.7493 -0.0224 0.6618
vn 0.5222 0.0244 0.8525
vn 0.3115 -0.0283 0.9498
vn 0.2451 0.0023 0.9695
vn 0.9997 -0.0030 0.0247
vn 0.9979 0.0038 0.0649
vn 0.8484 0.0031 -0.5294
vn 0.8413 -0.0051 -0.5405
vn 0.1979 -0.0052 -0.9802
vn 0.2420 0.0042 -0.9703
vn -0.5194 0.0059 -0.8545
vn -0.5284 -0.0053 -0.8490
vn -0.9802 -0.0052 -0.1978
vn -0.9703 0.0042 -0.2419
vn -0.8614 0.0057 0.5079
vn -0.8551 -0.0019 0.5184
vn -0.4169 -0.0023 0.9089
vn -0.3821 0.0046 0.9241
vn -0.0038 -1.0000 -0.0011
vn -0.0066 -0.9999 0.0083
vn -0.0041 -1.0000 0.0012
vn -0.0041 -0.9999 0.0107
vn 0.0095 -1.0000 0.0014
vn 0.0090 -1.0000 -0.0032
vn -0.0022 -1.0000 -0.0054
vn 0.0054 -0.9999 -0.0092
vn 0.0066 -1.0000 -0.0018
vn 0.0070 -1.0000 -0.0010
vn 0.0079 -1.0000 0.0004
vn 0.0079 -1.0000 0.0007
vn -0.0082 -1.0000 0.0048
vn -0.0087 -1.0000 0.0045
vn -0.0093 -0.9999 0.0044
vn -0.0022 -1.0000 -0.0057
vn -0.0039 -1.0000 -0.0066
vn -0.0039 -1.0000 -0.0065
vn 0.0121 -0.9998 0.0158
vn 0.0118 -0.9998 0.0143
vn 0.0176 -0.9998 0.0087
vn 0.0087 -0.9998 0.0164
vn 0.0116 -0.9998 0.0175
vn 0.0090 -0.9998 0.0177
vn 0.0107 -0.9998 0.0188
vn 0.0113 -0.9998 0.0133
vn 0.0026 -0.9998 0.0190
vn 0.0030 -0.9998 0.0184
vn -0.0038 -0.9999 0.0159
vn 0.0006 -0.9999 0.0152
vn 0.0019 -0.9999 0.0152
vn -0.0126 -0.9999 0.0074
vn -0.0025 -0.9998 0.0191
vn 0.0007 1.0000 -0.0037
vn 0.0091 0.9999 -0.0045
vn 0.0033 1.0000 -0.0028
vn 0.0050 0.9999 -0.0093
vn 0.0086 1.0000 -0.0022
vn 0.0203 0.9997 0.0128
vn 0.0056 1.0000 -0.0036
vn 0.0054 1.0000 -0.0046
vn -0.0038 1.0000 0.0062
vn -0.0039 1.0000 -0.0044
vn -0.0038 1.0000 -0.0045
vn -0.0039 1.0000 -0.0062
vn -0.0038 1.0000 -0.0061
vn 0.0132 0.9999 0.0111
vn 0.0140 0.9999 0.0097
vn 0.0147 0.9999 0.0028
vn 0.0144 0.9999 0.0001
vn 0.0145 0.9999 -0.0004
vn 0.0003 0.9999 0.0131
vn -0.0049 0.9999 0.0110
vn -0.0053 0.9999 0.0111
vn -0.0042 0.9999 0.0120
vn -0.0076 0.9999 0.0078
vn -0.0023 1.0000 0.0070
vn 0.0107 0.9998 0.0161
vn 0.0126 0.9999 0.0104
vn 0.0107 0.9999 0.0130
vn 0.0098 0.9999 0.0141
vn 0.8979 -0.0049 -0.4402
vn 0.9379 0.0074 -0.3468
vn 0.9578 -0.0059 -0.2875
vn 0.9913 0.0007 -0.1318
vn 0.9911 0.0003 -0.1331
vn 0.9907 -0.0006 -0.1360
vn 0.9905 -0.0011 -0.1375
vn 0.9999 0.0030 0.0142
vn 0.9999 0.0035 0.0118
vn 0.9998 0.0017 0.0193
vn 0.8874 0.0130 0.4608
vn 0.9443 -0.0053 0.3290
vn 0.9712 0.0040 0.2383
vn 0.9713 0.0039 0.2378
vn 0.9714 0.0037 0.2373
vn 0.9716 0.0036 0.2366
vn 0.9998 0.0010 0.0217
vn 0.5709 0.0097 0.8209
vn 0.6677 -0.0069 0.7444
vn 0.7497 0.0061 0.6618
vn 0.7627 0.0008 0.6467
vn 0.8570 -0.0029 0.5152
vn 0.0117 0.0027 0.9999
vn 0.0558 -0.0083 0.9984
vn 0.2359 -0.0019 0.9718
vn 0.2365 -0.0021 0.9716
vn 0.2372 -0.0022 0.9714
vn 0.2379 -0.0024 0.9713
vn 0.3642 0.0027 0.9313
vn 0.3646 0.0027 0.9312
vn 0.3656 0.0024 0.9308
vn 0.3660 0.0022 0.9306
vn 0.5229 -0.0042 0.8524
vn -0.4256 -0.0053 0.9049
vn -0.3593 0.0127 0.9331
vn -0.2477 -0.0062 0.9688
vn -0.1337 0.0033 0.9910
vn -0.1169 -0.0003 0.9931
vn -0.7432 0.0015 0.6690
vn -0.7233 -0.0073 0.6905
vn -0.5656 -0.0022 0.8247
vn -0.5670 -0.0017 0.8237
vn -0.5708 -0.0002 0.8211
vn -0.5723 0.0004 0.8200
vn 0.8555 0.0006 -0.5178
vn 0.8467 0.0098 -0.5319
vn -0.8475 -0.0011 0.5309
vn -0.8458 0.0008 0.5336
vn -0.8472 -0.0008 0.5313
vn -0.8454 0.0012 0.5341
vn -0.6520 -0.6580 0.3767
vn -0.6048 -0.7096 0.3615
vn -0.7042 -0.6854 -0.1850
vn -0.7203 -0.6639 -0.2012
vn -0.2802 -0.7139 0.6417
vn -0.3186 -0.6764 0.6641
vn -0.3894 -0.6547 -0.6478
vn -0.3716 -0.7017 -0.6079
vn 0.5328 -0.7024 0.4720
vn 0.6130 -0.4931 0.6173
vn 0.3093 -0.8059 0.5048
vn 0.2088 -0.5421 0.8139
vn 0.2067 -0.6526 0.7290
vn 0.1849 -0.6855 -0.7042
vn 0.2013 -0.6636 -0.7205
vn 0.7183 -0.6941 0.0489
vn 0.7356 -0.6744 0.0631
vn 0.6244 -0.6792 -0.3858
vn 0.6030 -0.7025 -0.3780
vn 0.1783 0.7024 0.6891
vn 0.2714 0.4928 0.8267
vn 0.3093 0.8058 0.5050
vn 0.6344 0.5371 0.5559
vn 0.5476 0.6645 0.5084
vn 0.7153 0.6982 0.0282
vn 0.7311 0.6820 0.0177
vn -0.2830 0.6940 0.6620
vn -0.2781 0.6746 0.6839
vn 0.6318 0.6581 -0.4095
vn 0.6006 0.7045 -0.3781
vn -0.6105 0.7029 0.3650
vn -0.6274 0.6791 0.3810
vn 0.1553 0.6855 -0.7113
vn 0.1481 0.6635 -0.7334
vn -0.7113 0.6855 -0.1553
vn -0.7333 0.6636 -0.1480
vn -0.4002 0.6545 -0.6415
vn -0.3724 0.7019 -0.6072
vn 0.0538 0.8875 0.4576
vn -0.2338 0.9325 0.2753
vn 0.4127 -0.8870 0.2073
vn 0.4750 -0.8778 0.0618
vn 0.4725 -0.8393 -0.2690
vn 0.2974 0.8202 0.4888
vn 0.3247 0.7829 0.5306
vn -0.3641 -0.0046 0.9314
vn -0.3071 -0.0003 0.9517
vn 0.9872 0.0002 0.1593
vn 0.9951 0.0045 0.0986
vn 0.3001 -0.8203 0.4870
vn 0.3249 -0.7833 0.5301
vn -0.5799 -0.7589 0.2964
vn -0.6118 -0.7338 0.2954
vn -0.7436 -0.6473 0.1676
vn -0.6455 -0.7625 0.0430
vn -0.7195 -0.6944 -0.0108
vn -0.6562 -0.7366 -0.1641
vn -0.6619 -0.7302 -0.1693
vn -0.6572 -0.7354 -0.1654
vn -0.6637 -0.7283 -0.1705
vn -0.6710 -0.6501 -0.3566
vn -0.4877 -0.7833 -0.3855
vn -0.5300 -0.6914 -0.4909
vn -0.3047 -0.7161 -0.6279
vn -0.2891 -0.8054 -0.5175
vn -0.1930 -0.6582 -0.7276
vn 0.0020 -0.7610 -0.6487
vn -0.0134 -0.7926 -0.6096
vn 0.1617 -0.6543 -0.7388
vn 0.2907 -0.7628 -0.5776
vn 0.2762 -0.7776 -0.5649
vn 0.5345 -0.7415 -0.4056
vn 0.5171 -0.7548 -0.4035
vn 0.4851 -0.6417 -0.5941
vn 0.5273 0.7590 -0.3818
vn 0.5413 0.7338 -0.4107
vn 0.4872 0.6474 -0.5861
vn 0.3318 0.7623 -0.5557
vn 0.3175 0.6943 -0.6459
vn 0.1521 0.7365 -0.6591
vn 0.1500 0.7301 -0.6666
vn 0.1514 0.7353 -0.6606
vn 0.1496 0.7283 -0.6687
vn -0.0125 0.6502 -0.7597
vn -0.1217 0.7835 -0.6093
vn -0.1957 0.6923 -0.6945
vn -0.4199 0.7176 -0.5557
vn -0.3418 0.7951 -0.5010
vn -0.5615 0.6608 -0.4980
vn -0.5787 0.7611 -0.2930
vn -0.5369 0.7926 -0.2890
vn -0.7316 0.6542 -0.1919
vn -0.6466 0.7628 -0.0036
vn -0.6285 0.7777 -0.0109
vn -0.6044 0.7413 0.2918
vn -0.5943 0.7551 0.2768
vn -0.7496 0.6417 0.1620
s 1
usemtl 材质
f 10//1 1//2 2//3
f 3//4 4//5 5//6
f 8//7 9//8 10//1
f 14//9 12//10 15//11
f 15//11 12//10 16//12
f 15//11 16//12 17//13
f 7//14 18//15 6//16
f 19//17 3//4 12//10
f 12//10 3//4 5//6
f 20//18 16//12 12//10
f 20//18 12//10 11//19
f 13//16 21//20 6//16
f 15//11 22//21 14//9
f 11//19 12//10 21//20
f 21//20 12//10 5//6
f 21//20 5//6 23//22
f 21//20 23//22 6//16
f 6//16 23//22 24//23
f 6//16 24//23 7//14
f 8//7 10//1 6//16
f 6//16 10//1 2//3
f 6//16 2//3 13//16
f 16//12 20//18 2//3
f 2//3 20//18 13//16
f 25//24 26//24 27//24
f 27//25 26//25 28//25
f 27//26 28//26 29//26
f 29//27 28//27 30//27
f 30//28 28//28 31//28
f 32//29 33//29 25//29
f 25//30 33//30 26//30
f 34//31 35//31 32//31
f 32//32 35//32 33//32
f 36//33 37//33 34//33
f 34//34 37//34 35//34
f 38//35 39//35 36//35
f 36//36 39//36 37//36
f 40//37 41//37 38//37
f 38//38 41//38 39//38
f 42//39 43//39 40//39
f 40//40 43//40 41//40
f 30//41 31//41 42//41
f 42//42 31//42 43//42
f 46//43 47//44 48//45
f 49//46 44//47 45//48
f 49//46 45//48 50//49
f 49//46 50//49 51//50
f 51//50 50//49 52//51
f 46//43 48//45 53//52
f 46//43 53//52 44//47
f 44//47 53//52 45//48
f 54//53 55//54 56//55
f 56//55 55//54 57//56
f 56//55 57//56 58//57
f 58//57 57//56 59//58
f 59//58 57//56 47//44
f 59//58 47//44 46//43
f 50//49 60//59 52//51
f 52//51 60//59 54//53
f 52//51 54//53 61//60
f 61//60 54//53 56//55
f 64//61 65//62 66//63
f 63//64 62//65 67//66
f 72//67 65//62 64//61
f 72//67 64//61 62//65
f 72//67 62//65 63//64
f 70//68 73//69 71//69
f 71//69 73//69 65//62
f 65//62 73//69 66//63
f 69//70 68//71 74//72
f 69//70 74//72 75//73
f 75//73 74//72 76//73
f 76//73 74//72 70//68
f 76//73 70//68 71//69
f 62//65 77//74 67//66
f 67//66 77//74 78//75
f 68//71 69//70 78//75
f 78//75 69//70 79//76
f 78//75 79//76 67//66
f 80//77 46//77 81//77
f 81//78 46//78 44//78
f 65//79 82//79 71//79
f 71//80 82//80 83//80
f 233//81 86//81 87//81
f 153//82 105//82 106//82
f 111//83 112//83 113//83
f 117//84 115//84 118//84
f 118//85 115//85 119//85
f 118//86 119//87 120//88
f 120//88 119//87 116//89
f 122//90 121//90 114//90
f 125//91 126//91 127//91
f 129//92 128//92 130//92
f 129//93 130//93 131//93
f 133//94 132//94 131//94
f 134//95 135//95 111//95
f 133//96 131//96 130//96
f 112//97 111//97 135//97
f 137//98 126//98 138//98
f 138//99 126//99 147//99
f 143//100 110//100 139//100
f 110//101 143//101 109//101
f 145//102 146//102 144//102
f 144//103 146//103 141//103
f 144//104 141//104 142//104
f 144//105 142//105 148//105
f 148//106 142//106 140//106
f 148//107 140//107 147//107
f 150//108 151//108 152//108
f 154//109 155//109 156//109
f 156//110 155//110 108//110
f 150//111 155//111 151//111
f 151//112 155//112 154//112
f 108//113 155//113 107//113
f 157//114 105//114 153//114
f 159//115 160//115 161//115
f 162//116 101//116 163//116
f 163//117 101//117 103//117
f 103//118 102//118 104//118
f 103//119 101//119 102//119
f 100//120 164//120 166//120
f 166//121 165//121 100//121
f 168//122 160//122 169//122
f 171//123 172//123 99//123
f 173//124 99//124 98//124
f 173//125 98//125 174//125
f 98//126 99//126 172//126
f 176//127 177//127 178//127
f 178//128 177//128 175//128
f 178//129 175//129 179//129
f 181//130 183//130 182//130
f 182//131 183//131 184//131
f 183//132 1429//132 185//132
f 186//133 85//133 97//133
f 84//134 187//135 85//136
f 85//136 187//135 97//137
f 193//138 194//139 195//140
f 195//140 194//139 95//141
f 189//142 192//142 190//142
f 190//143 192//143 193//143
f 193//144 192//144 194//144
f 196//145 94//145 197//145
f 200//146 85//146 201//146
f 201//147 85//148 202//149
f 203//150 93//150 204//150
f 204//151 205//151 206//151
f 205//152 207//152 206//153
f 205//152 208//154 207//152
f 204//155 93//155 205//155
f 211//156 210//156 92//156
f 211//157 92//157 209//157
f 91//158 90//158 217//158
f 219//159 220//159 216//159
f 216//160 220//160 91//160
f 91//161 220//161 90//161
f 221//162 222//162 219//162
f 223//163 224//163 222//163
f 222//164 224//164 219//164
f 221//165 219//165 218//165
f 221//166 218//166 227//166
f 225//167 226//167 232//167
f 228//168 229//168 230//168
f 231//169 230//169 232//169
f 234//170 235//170 236//170
f 236//171 235//171 89//171
f 228//172 235//172 229//172
f 229//173 235//173 234//173
f 89//174 235//174 88//174
f 237//175 86//175 233//175
f 115//176 117//176 238//176
f 240//177 239//177 226//177
f 226//178 239//178 241//178
f 187//179 84//179 188//179
f 188//180 84//180 96//180
f 85//181 200//182 84//183
f 84//183 200//182 199//184
f 84//185 199//185 189//185
f 189//186 199//186 198//186
f 189//187 198//187 192//187
f 192//188 198//188 191//188
f 191//189 198//189 197//189
f 191//190 197//190 94//190
f 202//149 213//191 201//147
f 201//192 213//192 212//192
f 201//193 212//193 203//193
f 203//194 212//194 209//194
f 203//195 209//195 93//195
f 93//196 209//196 92//196
f 214//197 226//197 225//197
f 214//198 225//198 215//198
f 215//199 225//199 227//199
f 215//200 227//200 216//200
f 216//201 227//201 218//201
f 216//202 218//202 219//202
f 232//203 226//203 241//203
f 232//204 241//204 231//204
f 230//205 231//205 237//205
f 230//206 237//206 228//206
f 228//207 237//207 233//207
f 240//208 126//208 239//208
f 239//209 126//209 125//209
f 239//210 125//210 238//210
f 238//211 125//211 124//211
f 238//212 124//212 123//212
f 238//213 123//213 115//213
f 115//214 123//214 114//214
f 114//215 123//215 122//215
f 127//216 126//216 137//216
f 127//217 137//217 136//217
f 127//218 136//218 128//218
f 128//219 136//219 135//219
f 128//220 135//220 130//220
f 130//221 135//221 134//221
f 138//222 147//222 140//222
f 139//223 140//223 142//223
f 139//224 142//224 143//224
f 143//225 142//225 141//225
f 147//226 160//226 149//226
f 149//227 160//227 159//227
f 149//228 159//228 152//228
f 152//229 159//229 158//229
f 152//230 158//230 157//230
f 152//231 157//231 150//231
f 150//232 157//232 153//232
f 161//233 160//233 168//233
f 161//234 168//234 167//234
f 161//235 167//235 162//235
f 162//236 167//236 164//236
f 162//237 164//237 101//237
f 101//238 164//238 100//238
f 169//239 183//239 181//239
f 169//240 181//240 170//240
f 170//241 181//241 180//241
f 170//242 180//242 171//242
f 171//243 180//243 179//243
f 171//244 179//244 172//244
f 172//245 179//245 175//245
f 109//246 242//246 110//246
f 402//247 243//247 244//247
f 245//248 246//248 247//248
f 250//249 251//249 252//249
f 257//250 258//250 259//250
f 265//251 266//251 267//251
f 294//252 273//252 274//252
f 282//253 279//253 283//253
f 286//254 285//254 287//254
f 277//255 290//255 283//255
f 283//256 290//256 282//256
f 279//257 282//257 278//257
f 275//258 276//258 291//258
f 291//259 276//259 293//259
f 286//260 297//260 298//260
f 286//261 298//261 285//261
f 285//262 298//262 299//262
f 277//263 300//263 292//263
f 294//264 274//264 301//264
f 301//265 274//265 295//265
f 302//266 270//266 303//266
f 271//267 272//267 270//267
f 270//268 272//268 303//268
f 305//269 307//269 306//269
f 306//270 307//270 308//270
f 307//271 309//271 310//271
f 313//272 312//273 329//274
f 314//275 315//275 316//275
f 316//276 315//276 313//276
f 319//277 317//277 320//277
f 319//278 320//278 321//278
f 322//279 323//279 268//279
f 319//280 318//280 317//280
f 324//281 268//281 323//281
f 268//282 324//282 325//282
f 268//283 325//283 269//283
f 323//284 322//284 326//284
f 328//285 329//285 330//285
f 330//286 329//287 331//288
f 263//289 264//289 333//289
f 333//290 264//290 267//290
f 267//291 264//291 265//291
f 335//292 336//292 334//292
f 334//293 262//293 335//293
f 261//294 263//294 337//294
f 340//295 339//295 341//295
f 344//296 345//296 346//296
f 345//297 344//297 347//297
f 347//298 344//298 343//298
f 348//299 257//299 349//299
f 259//300 260//300 257//300
f 257//301 260//301 349//301
f 367//302 355//302 351//302
f 356//303 357//303 352//303
f 357//304 356//304 358//304
f 359//305 360//305 361//305
f 357//306 353//306 352//306
f 360//307 359//307 362//307
f 255//308 363//308 364//308
f 364//309 363//309 365//309
f 367//310 366//310 368//310
f 256//311 255//311 370//311
f 256//312 363//312 255//312
f 372//313 253//313 371//313
f 253//314 372//314 373//314
f 253//315 373//315 254//315
f 374//316 372//316 371//316
f 374//317 371//317 375//317
f 377//318 367//318 378//318
f 378//319 367//319 379//319
f 381//320 249//320 252//320
f 252//321 249//321 250//321
f 382//322 383//322 384//322
f 383//323 386//323 385//323
f 383//324 385//324 384//324
f 390//325 392//325 391//325
f 392//326 390//326 389//326
f 393//327 245//327 394//327
f 247//328 248//328 245//328
f 245//329 248//329 394//329
f 396//330 397//330 398//330
f 400//331 401//331 244//331
f 244//332 401//332 402//332
f 403//333 289//333 280//333
f 280//334 404//334 403//334
f 280//335 281//335 404//335
f 404//336 281//336 405//336
f 404//337 405//337 406//337
f 362//338 359//338 407//338
f 322//339 317//339 326//339
f 326//340 317//340 318//340
f 326//341 318//341 327//341
f 327//342 318//342 316//342
f 394//343 392//343 389//343
f 394//344 389//344 393//344
f 393//345 389//345 388//345
f 393//346 388//346 395//346
f 395//347 388//347 396//347
f 396//348 388//348 387//348
f 313//272 329//274 316//349
f 316//350 329//350 328//350
f 316//351 328//351 327//351
f 303//352 301//352 295//352
f 303//353 295//353 302//353
f 302//354 295//354 304//354
f 304//355 295//355 296//355
f 304//356 296//356 305//356
f 305//357 296//357 297//357
f 305//358 297//358 307//358
f 291//359 277//359 275//359
f 275//360 277//360 292//360
f 277//361 283//361 300//361
f 300//362 283//362 299//362
f 299//363 283//363 284//363
f 299//364 284//364 285//364
f 289//365 403//365 401//365
f 289//366 401//366 400//366
f 289//367 400//367 288//367
f 288//368 400//368 399//368
f 288//369 399//369 287//369
f 287//370 399//370 398//370
f 287//371 398//371 286//371
f 286//372 398//372 397//372
f 387//373 409//373 397//373
f 387//374 397//374 396//374
f 384//375 249//375 381//375
f 384//376 381//376 382//376
f 382//377 381//377 380//377
f 382//378 380//378 408//378
f 408//379 380//379 409//379
f 409//380 380//380 378//380
f 409//381 378//381 379//381
f 371//382 364//382 375//382
f 375//383 364//383 365//383
f 375//384 365//384 376//384
f 376//385 365//385 377//385
f 377//386 365//386 366//386
f 377//387 366//387 367//387
f 361//388 360//388 352//388
f 361//389 352//389 353//389
f 361//390 353//390 369//390
f 369//391 353//391 354//391
f 369//392 354//392 368//392
f 368//393 354//393 355//393
f 368//394 355//394 367//394
f 349//395 347//395 343//395
f 349//396 343//396 348//396
f 348//397 343//397 342//397
f 348//398 342//398 350//398
f 350//399 342//399 351//399
f 351//400 342//400 340//400
f 351//401 340//401 341//401
f 334//402 263//402 262//402
f 262//403 263//403 261//403
f 263//404 333//404 337//404
f 337//405 333//405 332//405
f 337//406 332//406 338//406
f 338//407 332//407 339//407
f 339//408 332//408 330//408
f 339//409 330//286 331//288
f 311//410 329//410 312//410
f 104//411 102//411 410//411
f 104//412 410//412 411//412
f 411//413 410//413 412//413
f 411//414 412//415 413//416
f 413//416 412//415 414//417
f 416//418 417//418 418//418
f 416//419 418//419 415//419
f 415//420 418//421 419//422
f 419//422 418//421 420//423
f 415//424 419//424 421//424
f 423//425 422//425 424//425
f 820//426 424//426 425//426
f 425//427 424//427 422//427
f 425//428 422//428 426//428
f 425//429 426//430 427//416
f 427//416 426//430 428//417
f 430//431 431//431 432//431
f 432//432 431//432 433//432
f 430//433 434//434 431//435
f 431//435 434//434 429//436
f 431//437 429//437 816//437
f 436//438 435//438 437//438
f 429//439 434//439 438//439
f 817//440 439//440 440//440
f 440//441 435//441 436//441
f 440//442 436//442 441//442
f 443//443 444//443 445//443
f 445//432 444//432 446//432
f 443//444 336//444 444//444
f 444//445 336//445 335//445
f 444//446 335//446 442//446
f 259//447 447//447 260//447
f 448//448 825//449 449//450
f 449//450 825//449 450//451
f 107//452 449//452 108//452
f 108//453 449//454 450//455
f 108//453 450//455 156//456
f 156//457 450//457 451//457
f 824//458 454//458 453//458
f 453//459 454//459 455//459
f 455//460 454//460 456//460
f 458//461 457//461 459//461
f 460//462 823//463 461//464
f 461//464 823//463 462//465
f 457//466 461//466 462//466
f 457//467 462//467 459//467
f 459//468 462//468 463//468
f 1089//469 818//470 464//471
f 464//471 818//470 465//472
f 466//473 803//473 1089//473
f 466//474 1089//475 467//476
f 467//476 1089//475 464//477
f 469//478 468//478 470//478
f 466//479 467//479 471//479
f 802//480 472//480 473//480
f 473//481 468//481 469//481
f 473//482 469//482 474//482
f 1093//483 812//483 447//483
f 447//484 812//484 475//484
f 258//485 1092//485 259//485
f 259//486 1092//486 1093//486
f 259//487 1093//487 447//487
f 476//488 362//488 407//488
f 109//489 477//489 242//489
f 478//490 809//491 479//490
f 479//490 809//491 480//492
f 480//493 242//493 477//493
f 480//494 477//494 479//494
f 482//495 481//495 483//495
f 807//496 484//496 483//496
f 483//497 484//497 485//497
f 483//498 485//498 482//498
f 485//499 484//499 486//499
f 488//500 487//500 489//500
f 490//501 808//502 491//503
f 491//503 808//502 492//504
f 790//505 489//505 492//505
f 492//506 489//506 487//506
f 492//507 487//507 491//507
f 804//508 493//508 494//508
f 494//509 493//509 495//509
f 495//510 497//511 494//512
f 494//512 497//511 496//513
f 494//514 496//514 786//514
f 499//515 498//515 500//515
f 496//516 497//516 501//516
f 787//517 502//517 503//517
f 503//518 498//518 499//518
f 503//519 499//519 504//519
f 798//520 505//520 507//520
f 507//521 505//521 506//521
f 476//522 407//522 507//522
f 506//523 476//523 507//523
f 271//524 508//524 272//524
f 95//525 194//525 509//525
f 510//526 511//527 512//528
f 512//528 511//527 513//529
f 509//530 512//530 95//530
f 95//531 512//528 513//529
f 95//531 513//529 195//532
f 515//533 514//533 516//533
f 517//534 515//534 516//534
f 517//535 516//535 518//535
f 517//536 518//536 519//536
f 521//537 520//537 522//537
f 523//526 524//538 525//539
f 525//539 524//538 526//540
f 520//541 525//542 526//543
f 520//541 526//543 522//544
f 527//545 528//546 529//547
f 527//545 529//547 530//548
f 529//547 531//549 530//548
f 530//548 531//549 532//550
f 534//551 533//551 535//551
f 532//552 531//552 536//552
f 537//553 533//553 534//553
f 537//554 538//554 539//554
f 537//555 534//555 540//555
f 541//556 542//556 508//556
f 541//557 508//558 543//559
f 543//559 508//558 271//560
f 207//561 208//561 544//561
f 545//562 207//563 546//564
f 546//564 207//563 544//565
f 546//564 544//565 547//566
f 754//567 550//567 549//567
f 549//568 550//568 551//568
f 551//569 550//569 552//569
f 553//570 554//570 555//570
f 556//571 554//572 557//573
f 557//573 554//572 553//574
f 557//575 553//575 558//575
f 749//576 559//576 560//576
f 560//577 559//577 561//577
f 561//578 563//579 560//580
f 560//580 563//579 562//581
f 560//582 562//582 763//582
f 565//583 564//583 566//583
f 562//584 563//584 567//584
f 569//585 568//585 570//585
f 570//586 564//587 569//588
f 569//588 564//587 565//589
f 743//590 571//590 572//590
f 572//577 571//577 573//577
f 573//591 293//592 572//593
f 572//593 293//592 276//594
f 572//595 276//595 574//595
f 90//596 575//596 217//596
f 576//597 740//598 577//598
f 577//598 740//598 578//599
f 578//600 217//600 575//600
f 578//601 575//601 577//601
f 738//602 581//602 582//602
f 582//603 581//603 579//603
f 582//604 579//604 580//604
f 582//605 580//605 583//605
f 579//606 581//606 584//606
f 586//607 585//607 587//607
f 588//597 739//608 589//609
f 589//609 739//608 590//610
f 751//611 587//611 590//611
f 590//612 587//612 585//612
f 590//613 585//613 589//613
f 735//614 591//614 592//614
f 592//615 591//615 593//615
f 593//616 595//617 592//618
f 592//618 595//617 594//619
f 592//620 594//620 747//620
f 597//621 596//621 598//621
f 594//622 595//622 599//622
f 746//623 600//623 601//623
f 601//624 596//624 597//624
f 601//625 597//625 602//625
f 729//626 603//626 605//626
f 605//627 603//627 604//627
f 405//628 281//628 605//628
f 604//629 406//629 605//629
f 605//630 406//630 405//630
f 247//631 606//631 248//631
f 607//632 726//633 608//634
f 608//634 726//633 609//635
f 88//636 608//637 89//638
f 89//638 608//637 609//639
f 89//638 609//639 236//640
f 236//641 609//641 610//641
f 725//642 613//642 612//642
f 612//643 613//643 614//643
f 614//644 613//644 615//644
f 617//645 616//645 618//645
f 619//632 724//646 620//647
f 620//647 724//646 621//648
f 616//649 620//649 621//649
f 616//650 621//650 618//650
f 618//651 621//651 622//651
f 720//652 623//652 624//652
f 624//653 623//653 625//653
f 625//654 627//655 624//656
f 624//656 627//655 626//657
f 624//658 626//658 733//658
f 629//659 628//659 630//659
f 626//660 627//660 631//660
f 734//661 632//661 633//661
f 633//662 628//662 629//662
f 633//663 629//663 634//663
f 714//664 635//664 636//664
f 636//665 635//665 606//665
f 247//666 246//666 637//666
f 636//667 606//667 247//667
f 636//668 247//668 637//668
f 386//669 638//669 385//669
f 116//670 119//670 639//670
f 640//671 711//672 641//673
f 641//673 711//672 1133//674
f 639//675 641//675 116//675
f 116//676 641//677 1133//678
f 116//676 1133//678 120//679
f 120//680 1133//680 1132//680
f 643//681 644//681 645//681
f 643//682 645//682 642//682
f 642//683 645//683 646//683
f 642//684 646//684 647//684
f 649//685 648//685 650//685
f 651//686 709//687 652//688
f 652//688 709//687 1136//689
f 648//690 652//690 1136//690
f 648//691 1136//691 650//691
f 650//692 1136//692 653//692
f 1138//693 704//693 654//693
f 654//694 704//694 655//694
f 656//695 718//695 1138//695
f 656//696 1138//697 657//698
f 657//698 1138//697 654//699
f 659//700 658//700 660//700
f 656//701 657//701 661//701
f 717//702 662//702 663//702
f 663//703 658//703 659//703
f 663//704 659//704 664//704
f 1142//705 698//705 638//705
f 638//706 698//706 665//706
f 386//707 1141//707 1142//707
f 386//708 1142//708 638//708
f 133//709 666//709 132//709
f 667//710 668//711 669//712
f 669//712 670//713 132//714
f 132//715 666//715 667//715
f 669//712 132//714 667//710
f 793//716 673//716 672//716
f 672//717 673//717 674//717
f 674//718 673//718 675//718
f 676//719 677//719 678//719
f 676//720 679//720 680//720
f 680//721 681//722 677//723
f 680//721 677//723 676//724
f 682//725 683//726 684//727
f 685//728 788//728 686//728
f 686//729 682//729 685//729
f 685//730 682//725 684//727
f 685//731 684//731 702//731
f 688//732 687//732 689//732
f 684//733 683//733 690//733
f 692//734 691//734 693//734
f 693//735 687//736 692//737
f 692//737 687//736 688//738
f 694//739 254//739 373//739
f 695//740 782//740 696//740
f 696//729 694//741 695//742
f 695//742 694//741 373//743
f 695//744 373//744 697//744
f 665//745 698//746 251//747
f 378//748 380//749 700//750
f 700//750 380//749 699//751
f 699//751 380//749 381//752
f 699//751 381//752 252//753
f 699//751 252//753 251//747
f 699//751 251//747 698//746
f 703//754 702//754 691//754
f 684//755 690//756 702//757
f 702//757 690//756 701//758
f 691//759 702//757 701//758
f 659//760 660//761 664//762
f 664//762 660//761 705//763
f 660//764 655//764 705//764
f 705//765 655//765 704//765
f 706//766 708//767 681//768
f 707//769 671//769 706//769
f 706//766 671//770 708//767
f 678//771 677//772 708//767
f 708//767 677//772 681//768
f 647//773 646//773 645//773
f 709//774 651//775 647//776
f 710//777 709//774 647//776
f 710//778 647//778 645//778
f 711//779 640//779 121//780
f 125//781 712//782 124//783
f 124//783 712//782 123//784
f 123//785 712//786 713//787
f 713//787 711//779 121//780
f 713//787 121//780 122//788
f 713//787 122//788 123//785
f 714//789 391//790 635//791
f 387//792 388//793 716//794
f 716//794 388//793 715//795
f 715//795 388//793 389//796
f 715//795 389//796 390//797
f 715//795 390//797 391//790
f 715//795 391//790 714//789
f 661//798 718//799 656//800
f 719//801 662//802 717//802
f 718//799 661//798 719//801
f 718//799 719//801 717//802
f 629//803 630//804 634//805
f 634//805 630//804 721//806
f 630//807 623//807 721//807
f 721//808 623//808 720//808
f 653//809 722//810 644//811
f 653//809 644//811 723//812
f 649//813 650//813 723//813
f 723//812 650//814 653//809
f 615//815 613//816 725//817
f 724//818 619//819 615//815
f 725//817 724//818 615//815
f 726//820 607//821 87//822
f 241//823 727//824 231//825
f 231//825 727//824 237//826
f 237//827 727//828 728//829
f 728//829 726//820 87//822
f 728//829 87//822 86//830
f 728//829 86//830 237//827
f 729//831 243//832 603//833
f 398//834 399//835 731//836
f 731//836 399//835 400//837
f 731//836 400//837 730//838
f 730//838 400//837 244//839
f 730//838 244//839 243//832
f 730//838 243//832 729//831
f 626//840 631//841 733//842
f 733//842 631//841 732//843
f 734//844 733//842 732//843
f 734//844 732//843 632//844
f 597//845 598//845 602//845
f 598//846 591//846 602//846
f 602//847 591//847 735//847
f 736//848 611//849 622//850
f 622//850 611//849 737//851
f 617//852 618//852 737//852
f 737//851 618//853 622//850
f 584//854 581//855 738//856
f 739//857 588//858 584//854
f 738//856 739//857 584//854
f 221//859 227//860 741//861
f 741//861 227//860 225//862
f 742//863 740//864 576//865
f 742//863 576//865 223//866
f 742//863 223//866 222//867
f 221//868 741//869 742//863
f 221//868 742//863 222//867
f 743//870 278//871 571//872
f 745//873 284//874 283//875
f 745//873 283//875 744//876
f 744//876 283//875 279//877
f 744//876 279//877 278//871
f 744//876 278//871 743//870
f 594//878 599//879 747//880
f 747//880 599//879 748//881
f 746//882 747//880 748//881
f 746//882 748//881 600//883
f 565//884 566//885 569//886
f 569//886 566//885 750//887
f 566//888 559//888 750//888
f 750//889 559//889 749//889
f 586//890 587//890 753//890
f 753//891 587//892 751//893
f 752//894 583//895 751//893
f 751//893 583//895 753//891
f 557//896 558//897 552//898
f 552//898 550//899 754//900
f 755//901 557//896 754//900
f 754//900 557//896 552//898
f 213//902 758//903 212//904
f 757//905 546//906 756//907
f 212//904 758//903 209//908
f 209//909 758//910 756//907
f 546//906 547//911 756//907
f 756//907 547//911 210//912
f 756//907 210//912 211//913
f 756//907 211//913 209//909
f 541//914 273//915 542//916
f 761//917 296//918 295//919
f 761//917 295//919 760//920
f 760//920 295//919 274//921
f 760//920 274//921 273//915
f 760//920 273//915 541//914
f 760//920 541//914 759//922
f 764//923 763//923 568//923
f 568//924 763//925 762//926
f 562//927 567//928 763//925
f 763//925 567//928 762//926
f 534//929 535//929 540//929
f 540//930 535//930 766//930
f 535//931 528//931 766//931
f 766//932 528//933 527//934
f 766//932 527//934 765//935
f 767//936 768//937 556//938
f 769//939 548//939 767//939
f 767//936 548//940 768//937
f 555//941 554//942 768//937
f 768//937 554//942 556//938
f 519//943 518//943 516//943
f 524//944 523//944 519//944
f 771//945 524//946 770//947
f 770//947 524//946 519//948
f 770//949 519//949 516//949
f 200//950 774//951 199//952
f 199//952 774//951 198//953
f 198//953 774//951 775//954
f 773//955 511//956 772//957
f 511//956 510//958 772//957
f 772//957 510//958 196//959
f 772//960 196//961 775//954
f 775//954 196//961 197//962
f 775//954 197//962 198//953
f 776//963 777//963 526//963
f 776//964 778//965 514//966
f 776//964 514//966 777//967
f 521//968 522//968 777//968
f 777//969 522//969 526//969
f 779//970 780//971 538//972
f 532//973 536//973 530//973
f 530//974 536//975 781//976
f 530//974 781//976 780//971
f 538//972 780//971 781//976
f 538//972 781//976 539//977
f 782//978 370//979 696//980
f 366//981 365//982 784//983
f 784//983 365//982 783//984
f 783//984 365//982 363//985
f 363//985 256//986 783//984
f 783//984 256//986 370//987
f 783//988 370//979 782//978
f 496//989 501//990 786//991
f 786//991 501//990 785//992
f 787//993 786//991 785//992
f 787//993 785//992 502//994
f 688//995 689//996 692//997
f 692//997 689//996 789//998
f 689//999 686//999 789//999
f 789//1000 686//1000 788//1000
f 791//1001 481//1002 790//1003
f 790//1003 481//1002 792//1004
f 488//1005 489//1005 792//1005
f 792//1004 489//1006 790//1003
f 675//1007 673//1008 793//1009
f 680//1010 679//1011 675//1007
f 794//1012 680//1010 793//1009
f 793//1009 680//1010 675//1007
f 135//1013 136//1014 796//1015
f 796//1015 136//1014 137//1016
f 795//1017 669//1018 797//1019
f 797//1019 669//1018 668//1020
f 797//1019 668//1020 113//1021
f 797//1019 113//1021 112//1022
f 135//1023 796//1024 797//1019
f 135//1023 797//1019 112//1022
f 798//1025 358//1026 505//1027
f 355//1028 354//1029 800//1030
f 800//1030 354//1029 353//1031
f 800//1030 353//1031 799//1032
f 799//1032 353//1031 357//1033
f 799//1032 357//1033 358//1026
f 799//1032 358//1026 798//1025
f 801//1034 472//1035 802//1036
f 471//1037 803//1038 466//1039
f 803//1038 471//1037 801//1034
f 803//1038 801//1034 802//1036
f 499//1040 500//1040 504//1040
f 500//1041 493//1041 504//1041
f 504//1042 493//1042 804//1042
f 805//1043 452//1044 463//1045
f 463//1045 452//1044 806//1046
f 458//1047 459//1047 806//1047
f 806//1046 459//1048 463//1045
f 808//1049 490//1050 486//1051
f 486//1051 484//1052 807//1053
f 807//1053 808//1049 486//1051
f 810//1054 148//1054 147//1054
f 811//1055 809//1056 478//1057
f 811//1055 478//1057 145//1058
f 811//1055 145//1058 144//1059
f 148//1060 810//1061 811//1055
f 148//1060 811//1055 144//1059
f 340//1062 342//1063 814//1064
f 475//1065 812//1066 346//1067
f 814//1064 342//1063 813//1068
f 813//1068 342//1063 343//1069
f 813//1068 343//1069 344//1070
f 813//1068 344//1070 346//1067
f 813//1068 346//1067 812//1066
f 429//1071 438//1072 816//1073
f 816//1073 438//1072 815//1074
f 817//1075 816//1073 815//1074
f 817//1075 815//1074 439//1076
f 469//1077 470//1078 474//1079
f 474//1079 470//1078 819//1080
f 470//1081 465//1081 819//1081
f 819//1082 465//1082 818//1082
f 822//1083 417//1084 820//1085
f 820//1085 417//1084 821//1086
f 423//1087 424//1087 821//1087
f 821//1086 424//1088 820//1085
f 456//1089 454//1090 824//1091
f 823//1092 460//1093 456//1089
f 824//1091 823//1092 456//1089
f 825//1094 448//1094 106//1095
f 159//1096 826//1097 158//1097
f 158//1097 826//1097 157//1098
f 157//1099 826//1100 827//1101
f 827//1101 825//1094 106//1095
f 827//1101 106//1095 105//1102
f 827//1101 105//1102 157//1099
f 446//1103 266//1104 445//1105
f 330//1106 332//1107 830//1108
f 830//1108 332//1107 829//1109
f 829//1109 332//1107 333//1110
f 829//1109 333//1110 267//1111
f 829//1112 267//1113 266//1104
f 829//1112 266//1104 446//1103
f 829//1112 446//1103 828//1114
f 436//1115 437//1115 441//1115
f 441//1116 437//1116 832//1116
f 437//1117 432//1117 832//1117
f 832//1118 432//1119 433//1120
f 832//1118 433//1120 831//1121
f 427//1122 428//1123 421//1124
f 421//1124 419//1125 420//1126
f 834//1127 427//1122 833//1128
f 833//1128 427//1122 421//1124
f 833//1128 421//1124 420//1126
f 164//1129 167//1130 836//1131
f 836//1131 167//1130 168//1132
f 835//1133 413//1120 837//1134
f 837//1134 413//1120 414//1135
f 837//1134 414//1135 165//1136
f 837//1134 165//1136 166//1137
f 164//1138 836//1139 837//1134
f 164//1138 837//1134 166//1137
f 838//1140 839//1141 840//1142
f 840//1142 841//1143 173//1144
f 173//1145 174//1145 838//1145
f 840//1142 173//1144 838//1140
f 842//1146 843//1147 844//1148
f 845//1149 844//1149 846//1149
f 846//1150 844//1148 843//1147
f 846//1151 843//1151 847//1151
f 845//1152 846//1152 848//1152
f 849//1153 850//1153 851//1153
f 849//1154 852//1154 853//1154
f 853//1155 854//1156 850//1157
f 853//1155 850//1157 849//1158
f 855//1159 856//1160 857//1161
f 858//1162 859//1163 855//1159
f 858//1162 855//1159 860//1164
f 860//1164 855//1159 857//1161
f 862//1165 861//1165 863//1165
f 857//1166 856//1166 864//1166
f 865//1167 866//1167 867//1167
f 867//1168 866//1168 868//1168
f 868//1169 861//1170 867//1171
f 867//1171 861//1170 862//1172
f 870//1173 871//1174 869//1175
f 870//1173 869//1175 872//1176
f 872//1177 869//1178 269//1179
f 872//1177 269//1179 325//1180
f 875//1181 874//1182 865//1183
f 857//1184 864//1185 860//1186
f 860//1186 864//1185 873//1187
f 860//1186 873//1187 874//1182
f 865//1183 874//1182 873//1187
f 865//1183 873//1187 866//1188
f 876//1189 878//1190 854//1191
f 851//1192 850//1193 878//1190
f 878//1190 850//1193 854//1191
f 877//1194 843//1195 876//1189
f 876//1189 843//1195 878//1190
f 878//1190 843//1195 842//1196
f 180//1197 181//1197 179//1197
f 179//1198 181//1199 881//1200
f 880//1201 840//1201 879//1201
f 840//1202 839//1203 879//1204
f 879//1204 839//1203 176//1205
f 879//1204 176//1205 881//1200
f 881//1200 176//1205 178//1206
f 881//1200 178//1206 179//1198
f 848//1207 846//1207 847//1207
f 853//1208 852//1209 848//1210
f 883//1211 853//1211 882//1211
f 882//1212 853//1208 848//1210
f 882//1212 848//1210 847//1213
f 862//1214 863//1214 867//1214
f 867//1215 863//1215 885//1215
f 863//1216 859//1216 885//1216
f 885//1217 859//1217 858//1217
f 885//1218 858//1218 884//1218
f 886//1219 870//1219 887//1219
f 888//1220 316//1220 318//1220
f 888//1221 318//1222 886//1223
f 886//1223 318//1222 319//1224
f 319//1224 321//1225 886//1223
f 886//1226 321//1227 871//1228
f 886//1226 871//1228 870//1229
f 889//1230 890//1230 891//1230
f 891//1230 890//1230 892//1230
f 894//1230 893//1230 895//1230
f 896//1230 897//1230 898//1230
f 898//1230 897//1230 899//1230
f 898//1230 899//1230 900//1230
f 900//1230 899//1230 901//1230
f 900//1230 901//1230 902//1230
f 902//1230 901//1230 903//1230
f 902//1230 903//1230 904//1230
f 904//1230 903//1230 905//1230
f 904//1230 905//1230 891//1230
f 891//1230 905//1230 889//1230
f 895//1230 906//1230 894//1230
f 894//1230 906//1230 907//1230
f 894//1230 907//1230 908//1230
f 908//1230 907//1230 909//1230
f 908//1230 909//1230 910//1230
f 910//1230 909//1230 911//1230
f 910//1230 911//1230 912//1230
f 910//1230 912//1230 896//1230
f 896//1230 912//1230 913//1230
f 896//1230 913//1230 897//1230
f 2//1231 1//1231 914//1231
f 915//1232 17//1232 916//1232
f 916//1233 17//1233 16//1233
f 917//1230 918//1230 919//1230
f 963//1230 923//1230 240//1234
f 240//1234 923//1230 924//1230
f 240//1234 924//1230 922//1235
f 925//1236 926//1230 927//1237
f 927//1237 926//1230 928//1230
f 963//1230 928//1230 923//1230
f 929//1238 925//1236 126//1239
f 930//1240 931//1241 226//1242
f 226//1242 931//1241 933//1243
f 932//1230 240//1234 933//1243
f 933//1243 240//1234 226//1242
f 932//1230 934//1230 240//1234
f 240//1234 934//1230 963//1230
f 963//1230 934//1230 935//1230
f 963//1230 935//1230 936//1230
f 921//1230 936//1230 930//1240
f 937//1244 183//1245 169//1246
f 937//1244 169//1246 938//1247
f 938//1247 169//1246 160//1248
f 939//1249 914//1250 183//1251
f 940//1230 939//1249 941//1252
f 942//1230 943//1230 944//1230
f 941//1252 939//1249 183//1251
f 941//1252 183//1251 937//1253
f 943//1230 945//1254 944//1230
f 944//1230 945//1254 160//1255
f 160//1255 945//1254 946//1256
f 947//1257 160//1257 147//1257
f 948//57 949//1258 160//1255
f 160//1255 949//1258 944//1230
f 949//1258 950//1230 944//1230
f 944//1230 950//1230 951//1230
f 956//1259 226//1260 214//1261
f 956//1259 214//1261 957//1262
f 957//1263 214//1263 955//1263
f 955//1264 214//1264 213//1264
f 954//1230 919//1230 958//1230
f 958//1230 919//1230 921//1230
f 959//1230 960//1230 961//1230
f 961//1230 960//1230 962//1230
f 964//1230 963//1230 936//1230
f 964//1230 936//1230 918//1230
f 944//1230 951//1230 965//1230
f 966//1230 967//1230 961//1230
f 961//1230 967//1230 928//1230
f 961//1230 928//1230 959//1230
f 959//1230 928//1230 963//1230
f 928//1230 967//1230 968//1230
f 928//1230 968//1230 927//1237
f 951//1230 927//1237 965//1230
f 966//1230 961//1230 969//1230
f 914//1250 1//1265 1429//1266
f 1429//1266 1//1265 10//1267
f 914//1250 1429//1266 183//1251
f 970//1230 971//1230 944//1230
f 941//1252 942//1230 940//1230
f 940//1230 942//1230 944//1230
f 940//1230 944//1230 972//1230
f 972//1230 944//1230 971//1230
f 961//1230 970//1230 969//1230
f 969//1230 970//1230 944//1230
f 919//1230 973//1230 974//1230
f 919//1230 974//1230 975//1230
f 919//1230 975//1230 962//1230
f 962//1230 975//1230 976//1230
f 962//1230 976//1230 961//1230
f 977//1230 919//1230 978//1230
f 978//1268 919//1269 213//1270
f 980//1230 981//1235 982//1230
f 982//1230 981//1235 973//1230
f 982//1230 973//1230 919//1230
f 982//1230 919//1230 977//1230
f 202//1271 983//1271 213//1271
f 213//1270 983//1272 978//1268
f 85//1273 979//1274 984//1275
f 85//1276 984//1276 202//1276
f 186//1277 915//1278 85//1273
f 85//1273 915//1278 981//1235
f 85//1273 981//1235 979//1274
f 979//1274 981//1235 980//1230
f 186//1277 15//1279 17//1280
f 186//1277 17//1280 915//1278
f 15//1279 186//1277 1427//1281
f 930//1240 226//1242 921//1230
f 921//1230 226//1242 920//1282
f 929//1238 126//1239 922//1235
f 922//1235 126//1239 240//1234
f 985//1283 147//1284 991//1285
f 985//1230 986//1230 952//1230
f 986//1230 987//1230 952//1230
f 952//1230 987//1230 927//1237
f 927//1237 987//1230 988//1230
f 927//1237 988//1230 989//1240
f 927//1237 989//1240 126//1239
f 927//1237 126//1239 925//1236
f 989//1240 990//1286 126//1239
f 126//1239 990//1286 991//1287
f 126//1288 991//1288 147//1288
f 147//1289 952//1290 953//1291
f 147//1289 953//1291 947//1292
f 147//1284 985//1283 952//1293
f 947//56 948//57 160//1255
f 10//1294 1428//1294 1429//1294
f 921//1230 919//1230 936//1230
f 936//1230 919//1230 918//1230
f 962//1230 917//1230 919//1230
f 213//1295 919//1295 954//1295
f 213//1296 954//1296 955//1296
f 226//1242 956//1297 920//1282
f 952//1230 927//1237 951//1230
f 160//1255 946//1256 938//1298
f 994//1299 995//1299 992//1299
f 992//1299 995//1299 993//1299
f 995//1299 994//1299 998//1300
f 998//1300 999//1299 1000//1299
f 997//1299 996//1299 1001//1299
f 1001//1299 996//1299 1002//1299
f 1003//1299 996//1299 999//1299
f 999//1299 996//1299 997//1299
f 999//1299 997//1299 1000//1299
f 1006//1299 1004//1299 996//1299
f 1006//1299 996//1299 1003//1299
f 1005//1301 1007//1299 1008//1299
f 1005//1301 1008//1299 1009//1299
f 999//1299 1010//1302 1003//1299
f 367//1303 1011//1304 1012//1305
f 367//1303 1012//1305 1013//1306
f 1014//1307 1015//1299 998//1300
f 998//1300 1015//1299 999//1299
f 1010//1302 999//1299 1011//1304
f 1016//1308 379//1309 1013//1306
f 1013//1306 379//1309 367//1303
f 286//1310 1017//72 1018//1311
f 286//1310 1018//1311 992//1299
f 397//1312 1019//1313 1021//1314
f 397//1312 1021//1314 286//1310
f 286//1310 1021//1314 1017//72
f 1022//1299 1023//1315 992//1299
f 1018//1311 1024//1299 992//1299
f 992//1299 1024//1299 1022//1299
f 397//1316 409//1316 1025//1316
f 1025//1317 1026//1318 397//1312
f 397//1312 1026//1318 1023//1315
f 1027//1299 1028//1319 998//1300
f 998//1300 1028//1319 379//1309
f 998//1300 379//1309 1014//1307
f 1014//1307 379//1309 1016//1308
f 379//1309 1028//1319 1029//1320
f 379//1321 1029//1322 409//1323
f 409//1323 1029//1322 1025//1324
f 998//1300 994//1299 1027//1299
f 1030//1325 351//1325 341//1325
f 339//1326 1032//1326 1031//1326
f 1009//1299 1033//1299 1034//1299
f 1009//1299 1034//1299 1005//1301
f 1005//1301 1034//1299 1035//1299
f 1030//1327 1036//1327 351//1327
f 1037//1328 331//1329 329//1330
f 1037//1328 329//1330 1038//1331
f 1039//1332 1040//1299 1005//1301
f 339//1333 1039//1332 1005//1301
f 1005//1301 1004//1299 1007//1299
f 1038//1331 329//1330 311//1334
f 1038//1335 311//1336 1041//1337
f 1005//1301 1040//1299 1042//1299
f 1005//1301 1042//1299 1043//1299
f 1043//1299 1042//1299 1044//1299
f 1044//1299 1042//1299 1041//1337
f 1044//1299 1041//1337 1045//1338
f 1045//1338 1041//1337 311//1336
f 1031//1339 341//1339 339//1339
f 367//1340 1046//1340 1047//1340
f 1011//1304 367//1303 1010//1302
f 1010//1302 367//1303 1047//1341
f 351//1342 1048//1343 1049//1344
f 351//1342 1049//1344 367//1345
f 1047//1341 1050//1299 1010//1302
f 1010//1302 1050//1299 1051//1299
f 1010//1346 1051//1346 351//1346
f 351//1347 1051//1347 1048//1347
f 1049//1348 1052//1348 367//1348
f 367//1349 1052//1349 1046//1349
f 1053//1299 1020//1299 1023//1315
f 1023//1315 1020//1299 1019//1313
f 1023//1315 1019//1313 397//1312
f 3//1350 1426//1351 309//1352
f 3//1350 309//1352 4//1353
f 4//1353 309//1352 1054//1354
f 1054//1354 1055//1355 1056//1356
f 1056//1356 1055//1355 1057//1299
f 1056//1356 1057//1299 1058//1299
f 1058//1299 1057//1299 1059//1299
f 992//1299 1059//1299 1060//1299
f 992//1299 1060//1299 1061//1357
f 307//1358 1055//1355 309//1352
f 309//1352 1055//1355 1054//1354
f 1055//1355 307//1358 1062//1359
f 1062//1360 307//1361 297//1362
f 1062//1360 297//1362 1063//1363
f 1063//1363 297//1362 286//1364
f 1063//1365 286//1310 1061//1357
f 1064//1299 1065//1299 992//1299
f 992//1299 1065//1299 1066//1299
f 992//1299 1066//1299 1058//1299
f 996//1299 1064//1299 1002//1299
f 1002//1299 1064//1299 992//1299
f 1002//1299 992//1299 993//1299
f 1043//1299 1067//1299 1005//1301
f 1005//1301 1067//1299 1068//1299
f 1005//1301 1068//1299 1004//1299
f 1004//1299 1068//1299 1069//1299
f 1004//1299 1069//1299 996//1299
f 1425//1366 7//1366 311//1366
f 311//1336 7//1367 24//1368
f 311//1336 24//1368 1045//1338
f 286//1310 992//1299 1061//1357
f 1059//1299 992//1299 1058//1299
f 992//1299 1023//1315 994//1299
f 1022//1299 1053//1299 1023//1315
f 1009//1369 1010//1370 351//1371
f 1009//1369 351//1371 1033//1372
f 1033//1373 351//1373 1036//1373
f 331//1374 1037//1299 1039//1332
f 331//1374 1039//1332 339//1333
f 339//1375 1005//1375 1032//1375
f 1032//1299 1005//1301 1035//1299
f 840//1376 880//1376 841//1376
f 841//1377 880//1377 1070//1377
f 841//1378 1070//1378 1071//1378
f 882//1379 847//1379 1072//1379
f 1072//1380 847//1380 843//1380
f 1072//1381 843//1381 877//1381
f 853//1382 883//1382 854//1382
f 854//1383 883//1383 1073//1383
f 854//1384 1073//1384 876//1384
f 884//1385 858//1385 1074//1385
f 1074//1386 858//1386 860//1386
f 1074//1387 860//1387 874//1387
f 867//1388 885//1388 865//1388
f 865//1389 885//1389 1075//1389
f 865//1378 1075//1378 875//1378
f 887//1390 870//1390 1077//1390
f 1077//1391 870//1391 872//1391
f 1077//1392 872//1392 1076//1392
f 413//1393 835//1393 411//1393
f 411//1394 835//1394 1078//1394
f 411//1395 1078//1395 1079//1395
f 833//1396 420//1396 1080//1396
f 1080//1397 420//1397 418//1397
f 1080//1398 418//1398 822//1398
f 822//1399 418//1399 417//1399
f 427//1400 834//1401 425//1402
f 425//1402 834//1401 1081//1403
f 425//1404 1081//1404 820//1404
f 831//1405 433//1405 1082//1405
f 1082//1406 433//1406 431//1406
f 1082//1407 431//1407 816//1407
f 441//1408 832//1408 1083//1408
f 440//1409 441//1409 1083//1409
f 440//1410 1083//1410 817//1410
f 828//1411 446//1411 1084//1411
f 1084//1406 446//1406 444//1406
f 1084//1412 444//1412 442//1412
f 451//1413 450//1413 1085//1413
f 450//1414 825//1414 1085//1414
f 1086//1415 824//1415 453//1415
f 1086//1416 453//1416 452//1416
f 805//1417 1086//1417 452//1417
f 463//1418 462//1418 1087//1418
f 462//1419 823//1419 1087//1419
f 803//1420 1088//1420 1089//1420
f 1088//1421 818//1421 1089//1421
f 474//1422 819//1422 1090//1422
f 474//1423 1090//1423 802//1423
f 473//1424 474//1424 802//1424
f 1092//1425 1091//1425 1093//1425
f 1091//1426 812//1426 1093//1426
f 480//1427 809//1427 1094//1427
f 480//1428 1094//1428 1095//1428
f 1096//1429 807//1429 483//1429
f 1096//1430 483//1430 791//1430
f 791//1431 483//1431 481//1431
f 492//1432 808//1432 1097//1432
f 492//1433 1097//1433 790//1433
f 1098//1434 804//1434 494//1434
f 1098//1435 494//1435 786//1435
f 503//1436 504//1436 1099//1436
f 503//1437 1099//1437 787//1437
f 1100//1438 798//1438 507//1438
f 1100//1439 507//1439 1101//1439
f 511//1440 773//1440 513//1440
f 513//1441 773//1441 1102//1441
f 513//1442 1102//1442 1103//1442
f 778//1443 516//1443 514//1443
f 770//1444 516//1444 1104//1444
f 1104//1445 516//1445 778//1445
f 524//1446 771//1446 526//1446
f 526//1447 771//1447 1105//1447
f 526//1448 1105//1448 776//1448
f 765//1449 527//1449 1106//1449
f 1106//1450 527//1450 780//1450
f 780//1451 527//1451 530//1451
f 540//1452 766//1452 538//1452
f 538//1453 766//1453 1107//1453
f 538//1454 1107//1454 779//1454
f 537//1455 540//1455 538//1455
f 759//1456 541//1456 1108//1456
f 1108//1457 541//1457 1109//1457
f 1109//1458 541//1458 543//1458
f 546//1459 757//1459 1110//1459
f 546//1460 1110//1460 545//1460
f 545//1461 1110//1461 1111//1461
f 1112//1462 754//1462 549//1462
f 1112//1463 549//1463 548//1463
f 769//1464 1112//1464 548//1464
f 557//1465 755//1465 1113//1465
f 557//1466 1113//1466 556//1466
f 556//1467 1113//1467 767//1467
f 1114//1468 749//1468 560//1468
f 1114//1469 560//1469 763//1469
f 569//1470 750//1470 1115//1470
f 569//1471 1115//1471 568//1471
f 568//1472 1115//1472 764//1472
f 1116//1473 743//1473 572//1473
f 1116//1474 572//1474 574//1474
f 578//1475 740//1475 1117//1475
f 578//1476 1117//1476 1118//1476
f 1119//1477 738//1477 582//1477
f 1119//1478 582//1478 752//1478
f 752//1479 582//1479 583//1479
f 590//1480 739//1480 1120//1480
f 590//1481 1120//1481 751//1481
f 1121//1482 735//1482 592//1482
f 1121//1483 592//1483 747//1483
f 601//1484 602//1484 1122//1484
f 601//1485 1122//1485 746//1485
f 1123//1486 729//1486 605//1486
f 1123//1487 605//1487 1124//1487
f 610//1488 609//1488 1125//1488
f 609//1489 726//1489 1125//1489
f 1126//1490 725//1490 612//1490
f 1126//1491 612//1491 611//1491
f 736//1492 1126//1492 611//1492
f 622//1493 621//1493 1127//1493
f 621//1494 724//1494 1127//1494
f 1128//1495 720//1495 624//1495
f 1128//1496 624//1496 733//1496
f 634//1497 721//1497 1129//1497
f 634//1498 1129//1498 734//1498
f 633//1499 634//1499 734//1499
f 1130//1500 714//1501 636//1501
f 1130//1502 636//1502 637//1502
f 1131//1503 1132//1503 1133//1503
f 1133//1504 711//1504 1131//1504
f 722//1505 645//1505 644//1505
f 710//1506 645//1506 1134//1506
f 1134//1507 645//1507 722//1507
f 1135//1508 653//1508 1136//1508
f 1136//1509 709//1509 1135//1509
f 718//1510 1137//1510 1138//1510
f 1137//1511 704//1511 1138//1511
f 664//1512 705//1512 1139//1512
f 663//1513 664//1513 1139//1513
f 663//1514 1139//1514 717//1514
f 1141//1515 1140//1515 1142//1515
f 1140//1516 698//1516 1142//1516
f 669//1517 795//1517 1143//1517
f 669//1518 1143//1518 670//1518
f 670//1519 1143//1519 1144//1519
f 1145//1520 793//1520 672//1520
f 1145//1521 672//1521 671//1521
f 707//1522 1145//1522 671//1522
f 680//1523 794//1523 1146//1523
f 680//1524 1146//1524 681//1524
f 681//1525 1146//1525 706//1525
f 1147//1526 788//1526 685//1526
f 1147//1527 685//1527 702//1527
f 692//1528 789//1528 1148//1528
f 692//1529 1148//1529 691//1529
f 691//1530 1148//1530 703//1530
f 1149//1531 782//1531 695//1531
f 1149//1532 695//1532 697//1532
f 825//1533 827//1533 1151//1533
f 1101//1534 1152//1534 1153//1534
f 1109//1535 1154//1535 1155//1535
f 740//1536 742//1536 1156//1536
f 707//1537 706//1537 709//1537
f 710//1538 1157//1539 1144//1540
f 703//1541 699//1541 698//1541
f 698//1542 705//1542 703//1542
f 703//1543 705//1544 704//1545
f 703//1543 704//1545 702//1546
f 697//1547 1178//1547 699//1547
f 1158//1548 1132//1548 1159//1548
f 705//1549 698//1549 1139//1549
f 1139//1550 698//1550 1140//1550
f 1139//1551 1140//1551 717//1551
f 1160//1552 1159//1552 1141//1552
f 1160//1553 1141//1553 1181//1553
f 653//1554 1159//1554 722//1554
f 722//1555 1159//1555 1132//1555
f 722//1556 1132//1556 1131//1556
f 722//1557 1131//1557 1134//1557
f 1134//1558 1131//1558 710//1558
f 710//1559 1131//1559 711//1559
f 710//1560 711//1560 1157//1560
f 1157//1561 711//1561 713//1561
f 724//1562 725//1562 1159//1562
f 1160//1563 715//1563 714//1563
f 724//1564 720//1564 1127//1564
f 1127//1565 720//1565 1128//1565
f 728//1566 1159//1566 726//1566
f 726//1567 1159//1567 725//1567
f 726//1568 725//1568 1125//1568
f 1125//1569 725//1569 1126//1569
f 1125//1570 1126//1570 610//1570
f 610//1571 1126//1571 736//1571
f 724//1572 1159//1572 720//1572
f 720//1573 1159//1573 1160//1573
f 720//1574 1160//1574 721//1574
f 721//1575 1160//1575 714//1575
f 721//1576 714//1576 1129//1576
f 1129//1577 714//1577 1130//1577
f 1129//1578 1130//1579 734//1580
f 1161//1581 610//1581 1156//1581
f 1156//1582 610//1582 736//1582
f 1156//1583 736//1584 622//1585
f 1130//1579 637//1586 734//1580
f 734//1587 637//1587 1156//1587
f 734//1588 1156//1588 733//1588
f 733//1589 1156//1583 622//1585
f 733//1590 622//1591 1128//1592
f 1128//1592 622//1591 1127//1593
f 730//1594 729//1594 1162//1594
f 1162//1595 729//1595 1156//1595
f 1162//1596 1156//1596 637//1596
f 1163//1597 1164//1597 1118//1597
f 751//1598 1163//1598 752//1598
f 752//1599 1163//1599 1118//1599
f 752//1600 1118//1601 1119//1602
f 1119//1602 1118//1601 1117//1603
f 1119//1604 1117//1604 738//1604
f 735//1605 1156//1605 602//1605
f 602//1606 1156//1606 729//1606
f 602//1607 729//1608 1122//1609
f 1122//1609 729//1608 1123//1610
f 1122//1611 1123//1612 746//1613
f 1117//1614 740//1614 738//1614
f 738//1615 740//1615 1156//1615
f 738//1616 1156//1616 739//1616
f 739//1617 1156//1617 735//1617
f 739//1614 735//1614 1120//1614
f 1120//1604 735//1604 1121//1604
f 1120//1618 1121//1618 751//1618
f 751//1619 1121//1619 747//1619
f 751//1620 747//1620 1163//1620
f 1163//1621 747//1621 746//1621
f 1163//1622 746//1622 1124//1622
f 1124//1623 746//1613 1123//1612
f 744//1624 743//1624 1163//1624
f 744//1625 1163//1625 1165//1625
f 1165//1626 1163//1626 1124//1626
f 757//1627 756//1627 1163//1627
f 772//1628 1166//1628 1111//1628
f 749//1629 1163//1629 750//1629
f 750//1630 1163//1630 743//1630
f 750//1631 743//1631 1115//1631
f 1115//1632 743//1632 1116//1632
f 1115//1633 1116//1633 764//1633
f 764//1634 1116//1634 574//1634
f 770//1635 769//1636 771//1637
f 771//1637 769//1636 767//1638
f 760//1639 759//1640 574//1641
f 760//1642 574//1642 1189//1642
f 757//1643 754//1644 1110//1645
f 1110//1645 754//1644 1112//1646
f 1110//1647 1112//1647 1111//1647
f 1111//1648 1112//1648 769//1648
f 1111//1649 769//1649 772//1649
f 1167//1650 1192//1650 1103//1650
f 1167//1651 780//1652 779//1653
f 763//1654 764//1655 765//1656
f 765//1657 764//1657 574//1657
f 765//1658 574//1641 766//1659
f 766//1659 574//1641 759//1640
f 766//1660 759//1661 1107//1662
f 1107//1662 759//1661 1108//1663
f 1107//1664 1108//1665 779//1666
f 779//1666 1108//1665 1109//1667
f 779//1668 1109//1668 1167//1668
f 1167//1669 1109//1669 1155//1669
f 757//1670 1163//1670 754//1670
f 754//1671 1163//1671 755//1671
f 755//1672 1163//1672 749//1672
f 755//1673 749//1673 1113//1673
f 1113//1674 749//1674 1114//1674
f 1113//1675 1114//1675 767//1675
f 767//1676 1114//1676 763//1676
f 767//1677 763//1677 771//1677
f 771//1678 763//1654 765//1656
f 771//1679 765//1680 1105//1681
f 1105//1681 765//1680 1106//1682
f 1105//1683 1106//1684 776//1685
f 776//1685 1106//1684 780//1686
f 776//1687 780//1652 1167//1651
f 776//1688 1167//1688 778//1688
f 778//1689 1167//1689 1103//1689
f 778//1690 1103//1690 1104//1690
f 1104//1664 1103//1664 1102//1664
f 1104//1691 1102//1692 770//1693
f 770//1693 1102//1692 773//1694
f 770//1635 773//1695 769//1636
f 769//1636 773//1695 772//1696
f 1153//1697 783//1697 782//1697
f 1168//1698 1153//1698 788//1698
f 788//1699 1153//1699 789//1699
f 795//1700 797//1700 1168//1700
f 697//1701 699//1701 703//1701
f 697//1702 703//1702 1149//1702
f 1149//1703 703//1703 1148//1703
f 1149//1704 1148//1704 782//1704
f 782//1705 1148//1705 789//1705
f 782//1706 789//1706 1153//1706
f 793//1707 1168//1707 794//1707
f 794//1708 1168//1709 788//1710
f 794//1708 788//1710 1146//1711
f 1146//1712 788//1712 1147//1712
f 1146//1713 1147//1713 706//1713
f 706//1714 1147//1714 702//1714
f 706//1715 702//1715 709//1715
f 709//1716 702//1546 704//1545
f 709//1717 704//1718 1135//1719
f 1135//1719 704//1718 1137//1720
f 1135//1721 1137//1722 653//1723
f 653//1723 1137//1722 718//1724
f 653//1725 718//1725 1159//1725
f 1159//1726 718//1726 717//1726
f 1159//1727 717//1727 1141//1727
f 1141//1728 717//1728 1140//1728
f 709//1729 710//1538 707//1730
f 707//1730 710//1538 1144//1540
f 707//1731 1144//1731 1145//1731
f 1145//1732 1144//1732 1143//1732
f 1145//1733 1143//1734 793//1735
f 793//1735 1143//1734 795//1736
f 793//1737 795//1737 1168//1737
f 1150//1738 799//1738 798//1738
f 1150//1739 504//1740 804//1741
f 808//1742 807//1743 1169//1744
f 809//1745 811//1745 1169//1745
f 1168//1746 1170//1746 1095//1746
f 809//1747 1169//1747 807//1747
f 809//1748 807//1749 1094//1750
f 1094//1750 807//1749 1096//1751
f 1094//1752 1096//1753 1095//1754
f 1095//1754 1096//1753 791//1755
f 1095//1756 791//1756 1168//1756
f 1168//1757 791//1757 790//1757
f 1168//1758 790//1758 1153//1758
f 504//1740 1150//1739 798//1759
f 504//1760 798//1760 1099//1760
f 1099//1761 798//1761 1100//1761
f 1099//1762 1100//1763 787//1764
f 1171//1765 813//1765 812//1765
f 1169//1766 1172//1766 451//1766
f 463//1767 1169//1768 805//1769
f 805//1770 1169//1770 451//1770
f 805//1771 451//1771 1086//1771
f 1086//1772 451//1772 1085//1772
f 1086//1773 1085//1773 824//1773
f 1085//1774 825//1774 824//1774
f 824//1775 825//1775 1151//1775
f 824//1776 1151//1776 823//1776
f 823//1777 1151//1777 818//1777
f 823//1778 818//1779 1087//1780
f 1087//1780 818//1779 1088//1781
f 1087//1782 1088//1783 463//1784
f 463//1784 1088//1783 803//1785
f 463//1767 803//1786 1169//1768
f 1169//1787 803//1787 802//1787
f 1100//1763 1101//1788 787//1764
f 787//1764 1101//1788 1153//1789
f 787//1790 1153//1790 786//1790
f 786//1791 1153//1791 790//1791
f 786//1792 790//1792 1098//1792
f 1098//1793 790//1793 1097//1793
f 1098//1751 1097//1794 804//1749
f 804//1749 1097//1794 808//1795
f 804//1796 808//1796 1150//1796
f 1150//1797 808//1742 1169//1744
f 1150//1798 1169//1798 1092//1798
f 1092//1799 1169//1799 802//1799
f 1092//1800 802//1800 1091//1800
f 1091//1801 802//1801 1090//1801
f 1091//1802 1090//1802 812//1802
f 812//1803 1090//1803 819//1803
f 812//1804 819//1804 1171//1804
f 831//1805 877//1806 876//1807
f 833//1808 1173//1809 1071//1810
f 833//1808 1071//1810 834//1811
f 1076//1812 1174//1812 829//1812
f 832//1813 828//1813 1083//1813
f 1083//1814 828//1814 1084//1814
f 1083//1815 1084//1815 817//1815
f 1151//1816 1175//1816 1079//1816
f 819//1817 818//1817 1171//1817
f 1171//1818 818//1818 1151//1818
f 1171//1819 1151//1819 442//1819
f 1171//1820 442//1820 1201//1820
f 837//1821 1173//1821 835//1821
f 835//1822 1173//1822 833//1822
f 835//1823 833//1824 1078//1825
f 1078//1825 833//1824 1080//1826
f 1078//1827 1080//1828 1079//1829
f 1079//1829 1080//1828 822//1830
f 1079//1831 822//1832 1151//1833
f 1151//1833 822//1832 820//1834
f 1176//1835 886//1835 887//1835
f 1076//1836 875//1836 1077//1836
f 1077//1837 875//1837 1075//1837
f 1077//1838 1075//1839 887//1840
f 887//1840 1075//1839 885//1841
f 887//1842 885//1843 1176//1844
f 1176//1844 885//1843 884//1845
f 1176//1844 884//1845 1205//1846
f 882//1847 1205//1846 883//1848
f 883//1848 1205//1846 884//1845
f 883//1849 884//1850 1073//1851
f 1073//1851 884//1850 1074//1852
f 1073//1853 1074//1854 876//1855
f 876//1855 1074//1854 874//1856
f 876//1807 874//1857 831//1805
f 831//1805 874//1857 875//1858
f 831//1805 875//1858 832//1859
f 832//1860 875//1860 1076//1860
f 832//1861 1076//1862 828//1863
f 828//1863 1076//1862 829//1864
f 1084//1865 442//1865 817//1865
f 817//1866 442//1866 1151//1866
f 817//1867 1151//1867 816//1867
f 816//1868 1151//1868 820//1868
f 816//1869 820//1869 1082//1869
f 1082//1870 820//1870 1081//1870
f 1082//1871 1081//1872 831//1873
f 831//1873 1081//1872 834//1874
f 831//1805 834//1811 877//1806
f 877//1806 834//1811 1071//1810
f 877//1875 1071//1876 1072//1877
f 1072//1877 1071//1876 1070//1837
f 1072//1838 1070//1878 882//1879
f 882//1879 1070//1878 880//1880
f 882//1847 880//1881 1205//1846
f 1205//1882 880//1882 879//1882
f 377//1883 1177//1884 376//1885
f 697//1886 373//1887 372//1888
f 375//1889 1178//1889 697//1889
f 372//1888 374//1890 697//1886
f 697//1886 374//1890 375//1891
f 376//1885 1177//1884 375//1892
f 375//1893 1177//1893 1178//1893
f 700//1894 699//1894 1178//1894
f 700//1895 1178//1895 1177//1895
f 700//1896 1177//1896 378//1896
f 378//1897 1177//1897 377//1897
f 1144//1898 1157//1898 670//1898
f 670//1899 128//1900 129//1901
f 1179//1902 127//1903 128//1902
f 1179//1902 128//1902 1157//1904
f 670//1899 129//1901 131//1905
f 670//1899 131//1905 132//1906
f 1157//1907 128//1907 670//1907
f 125//1908 127//1908 712//1908
f 712//1909 127//1909 1179//1909
f 712//1910 1179//1910 713//1910
f 713//1911 1179//1911 1157//1911
f 382//1912 408//1913 1180//1914
f 1180//1914 408//1913 409//1915
f 382//1916 1180//1917 1181//1918
f 382//1916 1181//1918 383//1919
f 383//1919 1181//1918 1141//1920
f 383//1919 1141//1920 386//1921
f 1160//1922 1181//1922 715//1922
f 716//1923 715//1923 1181//1923
f 716//1924 1181//1924 1180//1924
f 716//1925 1180//1925 387//1925
f 387//1926 1180//1926 409//1926
f 239//1927 238//1928 1182//1929
f 120//1930 1132//1931 118//1932
f 1182//1929 238//1928 1158//1933
f 1158//1933 238//1928 117//1934
f 1158//1933 117//1934 1132//1931
f 1132//1931 117//1934 118//1932
f 241//1935 239//1935 727//1935
f 727//1936 239//1936 1182//1936
f 727//1937 1182//1937 728//1937
f 728//1938 1182//1938 1158//1938
f 728//1939 1158//1939 1159//1939
f 396//1940 1183//1941 395//1942
f 1184//1943 1162//1944 393//1945
f 395//1942 1183//1941 393//1946
f 393//1947 1183//1947 1184//1947
f 637//1948 246//1949 245//1950
f 245//1950 393//1951 637//1948
f 637//1952 393//1945 1162//1944
f 731//1953 730//1953 1184//1953
f 731//1954 1184//1954 1183//1954
f 731//1955 1183//1955 398//1955
f 398//1956 1183//1956 396//1956
f 1162//1957 1184//1957 730//1957
f 1185//1958 232//1959 230//1960
f 236//1961 610//1962 234//1963
f 1185//1958 230//1960 1161//1964
f 1161//1964 230//1960 229//1965
f 1161//1964 229//1965 610//1962
f 610//1962 229//1965 234//1963
f 1161//1966 1156//1966 742//1966
f 225//1967 232//1967 741//1967
f 741//1968 232//1968 1185//1968
f 741//1969 1185//1969 742//1969
f 742//1970 1185//1970 1161//1970
f 1165//1971 1124//1972 605//1973
f 1186//1974 1165//1971 289//1975
f 605//1973 281//1976 280//1977
f 288//1978 287//1979 289//1980
f 289//1980 287//1979 1186//1981
f 280//1977 289//1975 605//1973
f 605//1973 289//1975 1165//1971
f 744//1982 1165//1982 1186//1982
f 745//1983 744//1983 1186//1983
f 745//1984 1186//1984 284//1984
f 284//1985 1186//1985 287//1985
f 284//1986 287//1986 285//1986
f 216//1987 91//1988 578//1989
f 578//1989 91//1988 217//1990
f 1164//1991 578//1989 1118//1992
f 216//1987 578//1989 1164//1991
f 214//1993 215//1994 1187//1995
f 1187//1995 215//1994 216//1987
f 1187//1995 216//1987 1164//1991
f 756//1996 1164//1996 1163//1996
f 1187//1997 1164//1997 756//1997
f 1187//1998 756//1998 758//1998
f 1187//1999 758//1999 214//1999
f 214//2000 758//2000 213//2000
f 298//2001 1188//2002 299//2003
f 299//2003 1188//2002 300//2004
f 300//2005 1188//2005 1189//2005
f 574//2006 276//2007 275//2008
f 574//2006 275//2008 292//2009
f 574//2006 292//2009 300//2010
f 574//2011 300//2011 1189//2011
f 298//2012 297//2012 296//2012
f 761//2013 760//2013 1189//2013
f 761//2014 1189//2014 1188//2014
f 761//2015 1188//2015 296//2015
f 296//2016 1188//2016 298//2016
f 1111//2017 1166//2017 545//2017
f 545//2018 203//2019 204//2020
f 1190//2021 201//2022 203//2023
f 1190//2021 203//2023 1166//2024
f 545//2018 204//2020 206//2025
f 545//2018 206//2025 207//2026
f 1166//2027 203//2027 545//2027
f 200//2028 201//2028 774//2028
f 774//2029 201//2029 1190//2029
f 774//2030 1190//2030 775//2030
f 775//2031 1190//2031 772//2031
f 772//2032 1190//2032 1166//2032
f 1192//2033 1167//2033 1191//2033
f 1103//2034 1192//2034 513//2034
f 513//2035 1192//2035 189//2035
f 513//2036 189//2037 190//2038
f 1191//2039 84//2039 1192//2039
f 1192//2040 84//2040 189//2040
f 190//2038 193//2041 513//2036
f 513//2036 193//2041 195//2042
f 1193//2043 1155//2043 1154//2043
f 1154//2044 1194//2044 1193//2044
f 305//2045 306//2046 1194//2047
f 1194//2047 306//2046 1193//2048
f 1154//2049 1109//2049 543//2049
f 302//2050 1194//2051 1154//2052
f 543//2053 271//2054 270//2055
f 304//2056 305//2056 302//2056
f 302//2050 305//2057 1194//2051
f 270//2055 302//2050 543//2053
f 543//2053 302//2050 1154//2052
f 1152//2058 1101//2059 507//2060
f 361//2061 1195//2062 1152//2058
f 369//2063 368//2064 361//2065
f 361//2065 368//2064 1195//2066
f 507//2060 407//2067 359//2068
f 359//2068 361//2061 507//2060
f 507//2060 361//2061 1152//2058
f 783//2069 1153//2069 1152//2069
f 783//2070 1152//2070 1195//2070
f 784//2071 783//2071 1195//2071
f 784//2072 1195//2073 366//2074
f 366//2074 1195//2073 368//2075
f 1095//2076 1170//2077 480//2078
f 138//2079 140//2079 1196//2079
f 1196//2080 140//2081 139//2082
f 1196//2080 139//2082 1170//2077
f 139//2082 110//2083 480//2078
f 480//2078 110//2083 242//2084
f 1170//2077 139//2082 480//2078
f 797//2085 1170//2085 1168//2085
f 1196//2086 1170//2086 797//2086
f 1196//2087 797//2087 796//2087
f 1196//2088 796//2088 138//2088
f 138//2089 796//2089 137//2089
f 348//2090 350//2091 1197//2092
f 1197//2092 350//2091 351//2093
f 348//2094 1197//2095 1198//2096
f 348//2094 1198//2096 1150//2097
f 348//2094 1150//2097 257//2098
f 257//2098 1150//2097 1092//2099
f 257//2098 1092//2099 258//2100
f 799//2101 1150//2101 1198//2101
f 800//2102 799//2102 1198//2102
f 800//2103 1198//2103 1197//2103
f 800//2104 1197//2104 355//2104
f 355//2105 1197//2105 351//2105
f 149//2106 152//2107 1199//2108
f 156//2109 451//2110 154//2111
f 1199//2108 152//2107 1172//2112
f 1172//2112 152//2107 151//2113
f 1172//2112 151//2113 451//2110
f 451//2110 151//2113 154//2111
f 811//2114 1172//2114 1169//2114
f 1199//2115 1172//2115 811//2115
f 1199//2116 811//2116 810//2116
f 1199//2117 810//2117 149//2117
f 149//2118 810//2118 147//2118
f 337//2119 338//2120 1200//2120
f 1200//2120 338//2120 339//2121
f 337//2122 1200//2122 1201//2122
f 442//2123 335//2124 262//2125
f 442//2123 262//2125 261//2126
f 442//2123 261//2126 337//2127
f 442//2128 337//2128 1201//2128
f 1171//2129 1201//2129 813//2129
f 814//2130 813//2130 1201//2130
f 814//2131 1201//2131 1200//2131
f 814//2132 1200//2132 340//2132
f 340//2133 1200//2133 339//2133
f 1079//2134 1175//2134 411//2134
f 411//2135 162//2136 163//2137
f 411//2135 163//2137 103//2138
f 411//2135 103//2138 104//2139
f 1202//2140 161//2141 162//2142
f 1202//2140 162//2142 1175//2143
f 1175//2144 162//2144 411//2144
f 159//2145 161//2145 826//2145
f 826//2146 161//2146 1202//2146
f 826//2147 1202//2147 827//2147
f 827//2148 1202//2148 1175//2148
f 827//2149 1175//2149 1151//2149
f 1174//2150 1076//2150 872//2150
f 326//2151 1203//2152 1174//2153
f 327//2154 328//2155 326//2156
f 326//2156 328//2155 1203//2157
f 872//2158 325//2159 324//2160
f 872//2158 324//2160 323//2161
f 872//2158 323//2161 326//2151
f 872//2158 326//2151 1174//2153
f 829//2162 1174//2163 1203//2164
f 830//2165 829//2162 1203//2164
f 830//2166 1203//2167 330//2168
f 330//2168 1203//2167 328//2169
f 1071//2170 1173//2170 841//2170
f 171//2171 99//2172 841//2173
f 841//2173 99//2172 173//2174
f 1204//2175 170//2176 171//2177
f 1204//2175 171//2177 1173//2178
f 1173//2179 171//2179 841//2179
f 168//2180 169//2180 836//2180
f 836//2181 169//2181 170//2181
f 836//2182 170//2182 1204//2182
f 836//2183 1204//2183 837//2183
f 837//2184 1204//2184 1173//2184
f 879//2185 1206//2185 1205//2185
f 879//2186 881//2186 1206//2186
f 181//2187 182//2187 881//2187
f 881//2188 182//2188 1206//2188
f 1176//2189 888//2189 886//2189
f 929//2190 922//2190 1207//2190
f 922//2191 1208//2191 1207//2191
f 924//2192 1209//2192 922//2192
f 922//2193 1209//2193 1208//2193
f 1209//2194 924//2194 1210//2194
f 1210//2195 924//2195 923//2195
f 1210//2196 923//2196 1211//2196
f 928//2197 1212//2197 923//2197
f 923//2198 1212//2198 1211//2198
f 928//2199 1213//2199 1212//2199
f 926//2200 1214//2200 928//2200
f 928//2201 1214//2201 1213//2201
f 1214//2202 926//2202 1215//2202
f 1215//2203 926//2203 925//2203
f 1215//2204 925//2204 1216//2204
f 929//2205 1217//2205 925//2205
f 925//2206 1217//2206 1216//2206
f 1207//2207 1218//2207 929//2207
f 929//2208 1218//2208 1219//2208
f 929//2209 1219//2209 1217//2209
f 1222//2210 1220//2210 1221//2210
f 1223//2211 1222//2211 1221//2211
f 1029//2212 933//2212 1025//2212
f 1025//2213 933//2213 1026//2213
f 1026//2214 933//2214 931//2214
f 1026//2215 931//2215 930//2215
f 1026//2216 930//2216 1023//2216
f 1023//2217 930//2217 936//2217
f 1023//2218 936//2218 994//2218
f 994//2219 936//2219 935//2219
f 994//2220 935//2220 1027//2220
f 1027//2221 935//2221 1028//2221
f 1028//2222 935//2222 934//2222
f 1028//2223 934//2223 1029//2223
f 1029//2224 934//2224 932//2224
f 1029//2225 932//2225 933//2225
f 1039//2226 945//2226 1040//2226
f 1040//2227 945//2227 943//2227
f 1040//2228 943//2228 1042//2228
f 1042//2229 943//2229 942//2229
f 1042//2230 942//2230 1041//2230
f 1041//2231 942//2231 941//2231
f 1041//2232 941//2232 1038//2232
f 1038//2233 941//2233 937//2233
f 1038//2234 937//2234 1037//2234
f 1037//2235 937//2235 938//2235
f 1037//2236 938//2236 1039//2236
f 1039//2237 938//2237 946//2237
f 1039//2238 946//2238 945//2238
f 952//2239 1224//2239 953//2239
f 1224//2191 952//2191 1225//2191
f 1225//2193 952//2193 1226//2193
f 1226//2192 952//2192 951//2192
f 950//2240 1227//2240 951//2240
f 951//2241 1227//2241 1226//2241
f 950//2242 1228//2242 1227//2242
f 1228//2198 950//2198 1229//2198
f 1229//2243 950//2243 949//2243
f 1229//2244 949//2244 1230//2244
f 1230//2245 949//2245 1231//2245
f 1231//2246 949//2246 948//2246
f 948//2247 1232//2247 1231//2247
f 947//2248 1233//2248 948//2248
f 948//2249 1233//2249 1232//2249
f 947//2250 1234//2250 1233//2250
f 1224//2251 1235//2251 953//2251
f 953//2252 1235//2252 1236//2252
f 953//2253 1236//2253 947//2253
f 947//2254 1236//2254 1234//2254
f 1237//2255 1238//2255 1239//2255
f 1239//2256 1240//2257 1237//2258
f 1239//2256 1241//2259 1240//2257
f 1052//2260 991//2260 1046//2260
f 1046//2261 991//2261 990//2261
f 1046//2262 990//2262 1047//2262
f 1047//2263 990//2263 989//2263
f 1047//2264 989//2264 1050//2264
f 1050//2265 989//2265 988//2265
f 1050//2266 988//2266 1051//2266
f 1051//2267 988//2267 987//2267
f 1051//2268 987//2268 1048//2268
f 1048//2269 987//2269 986//2269
f 1048//2270 986//2270 1049//2270
f 1049//2271 986//2271 985//2271
f 1049//2272 985//2272 1052//2272
f 1052//2273 985//2273 991//2273
f 1061//2274 978//2274 983//2274
f 1061//2275 983//2275 1063//2275
f 1063//2276 983//2276 202//2276
f 1063//2277 202//2277 1062//2277
f 1062//2278 202//2278 984//2278
f 1062//2279 984//2279 1055//2279
f 1055//2280 984//2280 979//2280
f 1055//2281 979//2281 1057//2281
f 1057//2282 979//2282 980//2282
f 1057//2283 980//2283 982//2283
f 1057//2284 982//2284 1059//2284
f 1059//2285 982//2285 977//2285
f 1059//2286 977//2286 1060//2286
f 1060//2287 977//2287 1061//2287
f 1061//2288 977//2288 978//2288
f 920//2289 956//2289 1242//2289
f 957//2290 1243//2290 956//2290
f 956//2291 1243//2291 1244//2291
f 956//2292 1244//2292 1242//2292
f 1243//2293 957//2293 1245//2293
f 1245//2240 957//2240 955//2240
f 1245//2294 955//2294 1246//2294
f 954//2243 1247//2243 955//2243
f 955//2198 1247//2198 1246//2198
f 954//2295 1248//2295 1247//2295
f 958//2200 1249//2200 954//2200
f 954//2296 1249//2296 1248//2296
f 1249//2202 958//2202 1250//2202
f 1250//2297 958//2297 921//2297
f 1250//2298 921//2298 1251//2298
f 920//2205 1252//2205 921//2205
f 921//2299 1252//2299 1251//2299
f 1242//2300 1253//2300 920//2300
f 920//2208 1253//2208 1254//2208
f 920//2301 1254//2301 1252//2301
f 1256//2302 1257//2303 1255//2304
f 1256//2302 1255//2304 1258//2305
f 962//2306 1002//2306 917//2306
f 917//2307 1002//2307 918//2307
f 918//2308 1002//2308 993//2308
f 918//2263 993//2263 964//2263
f 964//2262 993//2262 995//2262
f 964//2309 995//2309 963//2309
f 963//2310 995//2310 998//2310
f 963//2311 998//2311 959//2311
f 959//2312 998//2312 1000//2312
f 959//2313 1000//2313 960//2313
f 960//2314 1000//2314 997//2314
f 960//2315 997//2315 962//2315
f 962//2316 997//2316 1001//2316
f 962//2317 1001//2317 1002//2317
f 969//2218 1004//2218 1006//2218
f 969//2318 1006//2318 966//2318
f 966//2319 1006//2319 967//2319
f 967//2320 1006//2320 1003//2320
f 967//2321 1003//2321 968//2321
f 968//2322 1003//2322 1010//2322
f 968//2323 1010//2323 927//2323
f 927//2324 1010//2324 1009//2324
f 927//2325 1009//2325 965//2325
f 965//2326 1009//2326 1008//2326
f 965//2327 1008//2327 944//2327
f 944//2328 1008//2328 1007//2328
f 944//2329 1007//2329 1004//2329
f 944//2330 1004//2330 969//2330
f 999//2331 1015//2331 1259//2331
f 1015//2332 1260//2332 1259//2332
f 1014//2333 1261//2333 1015//2333
f 1015//2334 1261//2334 1260//2334
f 1261//2335 1014//2335 1262//2335
f 1262//2336 1014//2336 1016//2336
f 1262//2337 1016//2337 1263//2337
f 1013//2338 1264//2338 1016//2338
f 1016//2339 1264//2339 1263//2339
f 1013//2340 1265//2340 1264//2340
f 1012//2341 1266//2341 1013//2341
f 1013//2342 1266//2342 1265//2342
f 1266//2343 1012//2343 1267//2343
f 1267//2344 1012//2344 1011//2344
f 1267//2345 1011//2345 1268//2345
f 999//2346 1269//2346 1011//2346
f 1011//2347 1269//2347 1268//2347
f 1259//2348 1270//2348 999//2348
f 999//2349 1270//2349 1271//2349
f 999//2350 1271//2350 1269//2350
f 1272//2351 1273//2351 1274//2351
f 1273//2352 1275//2352 1274//2352
f 1273//2353 1272//2353 1276//2353
f 1018//2354 1277//2354 1024//2354
f 1277//2355 1018//2355 1278//2355
f 1278//2356 1018//2356 1279//2356
f 1279//2333 1018//2333 1017//2333
f 1021//2357 1280//2357 1017//2357
f 1017//2358 1280//2358 1279//2358
f 1019//2359 1281//2359 1021//2359
f 1021//2360 1281//2360 1280//2360
f 1019//2361 1282//2361 1281//2361
f 1020//2362 1283//2362 1019//2362
f 1019//2363 1283//2363 1282//2363
f 1053//2364 1284//2364 1020//2364
f 1020//2365 1284//2365 1283//2365
f 1284//2366 1053//2366 1285//2366
f 1285//2367 1053//2367 1022//2367
f 1285//2368 1022//2368 1286//2368
f 1024//2346 1287//2346 1022//2346
f 1022//2347 1287//2347 1286//2347
f 1277//2369 1288//2369 1024//2369
f 1024//2370 1288//2370 1289//2370
f 1024//2350 1289//2350 1287//2350
f 1290//2371 1291//2371 1292//2371
f 1291//2372 1294//2372 1293//2372
f 1291//2373 1290//2373 1294//2373
f 1035//2331 1295//2331 1032//2331
f 1295//2355 1035//2355 1296//2355
f 1296//2374 1035//2374 1297//2374
f 1297//2333 1035//2333 1034//2333
f 1033//2375 1298//2375 1034//2375
f 1034//2376 1298//2376 1297//2376
f 1033//2377 1299//2377 1298//2377
f 1299//2339 1033//2339 1300//2339
f 1300//2378 1033//2378 1036//2378
f 1300//2379 1036//2379 1301//2379
f 1301//2380 1036//2380 1302//2380
f 1302//2381 1036//2381 1030//2381
f 1302//2382 1030//2382 1303//2382
f 1303//2383 1030//2383 341//2383
f 1303//2384 341//2384 1304//2384
f 1304//2385 341//2385 1031//2385
f 1032//2386 1305//2386 1031//2386
f 1031//2387 1305//2387 1304//2387
f 1295//2369 1306//2369 1032//2369
f 1032//2388 1306//2388 1307//2388
f 1032//2350 1307//2350 1305//2350
f 1310//2389 1309//2389 1308//2389
f 1308//2390 1311//2390 1310//2390
f 1308//2391 1312//2391 1311//2391
f 12//2392 14//2393 96//2394
f 96//2395 84//2395 1191//2395
f 1167//2396 96//2394 1191//2397
f 96//2394 1167//2396 12//2392
f 12//2392 1167//2396 1155//2398
f 8//2399 6//2400 314//2401
f 316//2402 888//2402 314//2402
f 314//2401 888//2403 1176//2404
f 314//2401 1176//2404 8//2399
f 8//2399 1176//2404 1205//2405
f 1315//2406 1316//2406 1317//2406
f 1317//2407 1316//2407 1318//2407
f 1317//2408 1318//2408 1319//2408
f 1319//2409 1318//2409 1320//2409
f 1319//2410 1320//2410 1321//2410
f 1321//2411 1320//2411 1322//2411
f 1322//2412 1320//2412 1323//2412
f 1322//2413 1323//2413 1324//2413
f 1324//2414 1323//2414 1325//2414
f 1325//2415 1323//2415 1326//2415
f 1327//2416 1328//2416 1326//2416
f 1326//2417 1328//2417 1325//2417
f 1329//2418 1330//2418 1331//2418
f 1331//2419 1332//2419 1329//2419
f 1329//2420 1332//2420 1327//2420
f 1327//2421 1332//2421 1328//2421
f 1314//2422 1313//2422 1333//2422
f 1313//2423 1334//2423 1333//2423
f 1333//2424 1334//2424 1330//2424
f 1330//2425 1334//2425 1331//2425
f 1313//2426 1314//2426 1335//2426
f 1335//2427 1314//2427 1336//2427
f 1335//2428 1336//2428 1337//2428
f 1335//2429 1337//2429 1338//2429
f 1318//1299 1316//1299 1339//1299
f 1340//1299 1341//1299 1336//1299
f 1336//1299 1341//1299 1337//1299
f 1339//1299 1342//1299 1318//1299
f 1318//1299 1342//1299 1320//1299
f 1320//1299 1342//1299 1343//1299
f 1320//1299 1343//1299 1323//1299
f 1323//1299 1343//1299 1344//1299
f 1323//1299 1344//1299 1345//1299
f 1323//1299 1345//1299 1326//1299
f 1345//1299 1346//1299 1326//1299
f 1326//1299 1346//1299 1347//1299
f 1326//1299 1347//1299 1327//1299
f 1327//1299 1347//1299 1348//1299
f 1327//1299 1348//1299 1329//1299
f 1329//1299 1348//1299 1349//1299
f 1329//1299 1349//1299 1330//1299
f 1330//1299 1349//1299 1350//1299
f 1330//1299 1350//1299 1333//1299
f 1333//1299 1350//1299 1351//1299
f 1333//1299 1351//1299 1314//1299
f 1314//1299 1351//1299 1352//1299
f 1314//1299 1352//1299 1336//1299
f 1336//1299 1352//1299 1340//1299
f 1353//2430 1340//2430 1352//2430
f 1045//2431 1354//2431 1353//2431
f 1045//2432 1353//2432 1044//2432
f 5//2433 1054//2433 1355//2433
f 1355//2434 1054//2434 1056//2434
f 1355//2435 1056//2435 1342//2435
f 1044//2436 1353//2436 1352//2436
f 1044//2437 1352//2438 1043//2438
f 1043//2438 1352//2438 1351//2437
f 1043//2439 1351//2439 1067//2439
f 1067//2439 1351//2439 1350//2439
f 1067//2440 1350//2440 1068//2440
f 1068//2440 1350//2440 1349//2440
f 1068//2441 1349//2442 1069//2441
f 1069//2441 1349//2442 1348//2441
f 1069//2443 1348//2443 996//2443
f 996//2443 1348//2443 1347//2443
f 996//2444 1347//2445 1064//2444
f 1064//2444 1347//2445 1346//2445
f 1064//2446 1346//2446 1065//2446
f 1065//2446 1346//2446 1345//2446
f 1065//2447 1345//2447 1066//2447
f 1066//2447 1345//2447 1344//2447
f 1066//2448 1344//2448 1058//2448
f 1058//2449 1344//2449 1343//2449
f 1058//2450 1343//2450 1056//2450
f 1056//2451 1343//2451 1342//2451
f 1356//2452 889//2452 905//2452
f 2//2453 914//2453 1357//2453
f 1357//2454 914//2454 939//2454
f 1357//2455 939//2455 906//2455
f 915//2456 916//2456 1356//2456
f 915//2457 1356//2457 981//2457
f 981//2458 1356//2458 905//2458
f 981//2459 905//2459 973//2459
f 973//2459 905//2459 903//2459
f 973//2448 903//2448 974//2448
f 974//2448 903//2448 901//2448
f 974//2447 901//2447 975//2447
f 975//2447 901//2447 899//2460
f 975//2446 899//2446 976//2446
f 976//2446 899//2446 897//2446
f 976//2445 897//2444 961//2445
f 961//2445 897//2444 913//2444
f 961//2443 913//2443 970//2443
f 970//2443 913//2443 912//2443
f 970//2461 912//2461 971//2442
f 971//2442 912//2461 911//2441
f 971//2440 911//2440 972//2440
f 972//2440 911//2440 909//2440
f 972//2439 909//2439 940//2439
f 940//2462 909//2462 907//2462
f 940//2463 907//2463 939//2463
f 939//2464 907//2464 906//2464
f 892//2465 1358//2465 1359//2465
f 892//2466 1359//2466 891//2466
f 891//2467 1359//2467 904//2467
f 1359//2468 1360//2468 904//2468
f 904//2469 1360//2469 902//2469
f 1360//2470 1361//2470 902//2470
f 902//2471 1361//2471 900//2471
f 1361//2472 1362//2472 900//2472
f 900//2473 1362//2473 898//2473
f 1362//2474 1363//2474 898//2474
f 898//2475 1363//2475 896//2475
f 896//2476 1363//2476 1364//2476
f 896//2477 1364//2477 1365//2477
f 896//2478 1365//2478 910//2478
f 1365//2479 1366//2479 910//2479
f 910//2480 1366//2480 908//2480
f 1366//2481 1367//2481 908//2481
f 1367//2482 1368//2482 908//2482
f 908//2483 1368//2483 894//2483
f 1368//2484 1369//2484 894//2484
f 1370//2485 893//2485 1371//2485
f 1371//2486 893//2486 894//2486
f 1371//2487 894//2487 1369//2487
f 5//2488 4//2488 1054//2488
f 1045//2489 24//2489 1354//2489
f 1354//2490 24//2490 23//2490
f 16//1230 81//1230 1372//1287
f 16//1230 1372//1287 916//1287
f 1356//2491 916//1287 1372//1287
f 1373//58 2//2492 1357//58
f 1373//58 80//1230 2//2492
f 2//2492 80//1230 16//1230
f 16//1230 80//1230 81//1230
f 82//1299 1374//1320 23//1299
f 23//1299 1374//1320 1354//2493
f 1375//2494 5//1311 1355//2495
f 1353//2496 1354//2493 1374//1320
f 1375//2494 83//1299 5//1311
f 5//1311 83//1299 23//1299
f 23//1299 83//1299 82//1299
f 1256//2497 1258//2497 1379//2497
f 1255//2498 1376//2498 1258//2498
f 1383//2499 1250//2499 1381//2499
f 1381//2500 1257//2500 1377//2500
f 1381//2501 1377//2501 1383//2501
f 1384//2502 1245//2502 1379//2502
f 1242//2503 1255//2503 1253//2503
f 1253//2504 1255//2504 1382//2504
f 1253//2505 1382//2505 1254//2505
f 1254//2506 1382//2506 1252//2506
f 1378//2507 1251//2507 1252//2507
f 1378//2508 1252//2508 1257//2508
f 1257//2509 1252//2509 1382//2509
f 1257//2510 1382//2510 1255//2510
f 1257//2511 1381//2511 1378//2511
f 1381//2512 1250//2512 1378//2512
f 1378//2513 1250//2513 1251//2513
f 1383//2514 1249//2514 1250//2514
f 1248//2515 1249//2515 1383//2515
f 1248//2516 1383//2516 1377//2516
f 1256//2517 1377//2517 1257//2517
f 1256//2518 1380//2518 1377//2518
f 1377//2519 1380//2520 1247//2521
f 1377//2519 1247//2521 1248//2522
f 1380//2523 1385//2523 1247//2523
f 1247//2524 1385//2524 1246//2524
f 1256//2525 1379//2525 1380//2525
f 1380//2526 1379//2526 1385//2526
f 1379//2527 1245//2527 1385//2527
f 1385//2528 1245//2528 1246//2528
f 1384//2529 1243//2529 1245//2529
f 1244//2530 1243//2530 1384//2530
f 1244//2531 1384//2531 1376//2531
f 1376//2532 1384//2532 1379//2532
f 1376//2533 1379//2533 1258//2533
f 1376//2534 1255//2534 1242//2534
f 1376//2535 1242//2535 1244//2535
f 1387//2536 1223//2536 1213//2536
f 1223//2537 1221//2537 1390//2537
f 1388//2538 1391//2538 1220//2538
f 1223//2539 1387//2539 1222//2539
f 1220//2540 1391//2541 1221//2542
f 1392//2543 1215//2543 1387//2543
f 1393//2544 1210//2544 1221//2544
f 1207//2545 1391//2545 1218//2545
f 1218//2546 1391//2546 1219//2546
f 1219//2547 1391//2547 1388//2547
f 1219//2548 1388//2548 1217//2548
f 1389//2549 1216//2549 1217//2549
f 1389//2550 1217//2550 1388//2550
f 1220//2551 1222//2551 1388//2551
f 1388//2552 1222//2552 1389//2552
f 1222//2553 1387//2553 1215//2553
f 1222//2554 1215//2554 1389//2554
f 1389//2555 1215//2555 1216//2555
f 1392//2556 1214//2556 1215//2556
f 1213//2557 1214//2557 1392//2557
f 1213//2558 1392//2558 1387//2558
f 1223//2559 1212//2559 1213//2559
f 1223//2560 1390//2561 1394//2562
f 1223//2560 1394//2562 1212//2563
f 1212//2524 1394//2524 1211//2524
f 1390//2564 1221//2564 1210//2564
f 1390//2565 1210//2565 1394//2565
f 1394//2566 1210//2566 1211//2566
f 1393//2567 1209//2567 1210//2567
f 1208//2568 1209//2568 1393//2568
f 1208//2569 1393//2569 1386//2569
f 1386//2570 1393//2570 1221//2570
f 1221//2542 1391//2541 1386//2571
f 1386//2572 1391//2572 1207//2572
f 1386//2573 1207//2573 1208//2573
f 1241//2574 1395//2574 1230//2574
f 1397//2575 1232//2575 1398//2575
f 1399//2576 1227//2576 1400//2576
f 1224//2577 1237//2577 1235//2577
f 1235//2578 1237//2578 1236//2578
f 1236//2579 1237//2579 1234//2579
f 1396//2580 1233//2580 1234//2580
f 1396//2581 1234//2581 1240//2581
f 1240//2582 1234//2582 1237//2582
f 1240//2583 1398//2583 1232//2583
f 1240//2584 1232//2584 1396//2584
f 1396//2585 1232//2585 1233//2585
f 1397//2586 1231//2586 1232//2586
f 1230//2515 1231//2515 1397//2515
f 1230//2587 1397//2587 1241//2587
f 1241//2588 1397//2588 1398//2588
f 1241//2589 1398//2589 1240//2589
f 1395//2590 1229//2590 1230//2590
f 1241//2591 1239//2591 1395//2591
f 1395//2592 1239//2592 1401//2592
f 1395//2593 1401//2593 1229//2593
f 1229//2524 1401//2524 1228//2524
f 1239//2594 1400//2594 1227//2594
f 1239//2595 1227//2595 1401//2595
f 1401//2528 1227//2528 1228//2528
f 1399//2596 1226//2596 1227//2596
f 1225//2597 1226//2597 1399//2597
f 1225//2598 1399//2598 1238//2598
f 1238//2599 1399//2599 1400//2599
f 1238//2600 1400//2600 1239//2600
f 1238//2601 1237//2601 1224//2601
f 1238//2602 1224//2602 1225//2602
f 1309//2603 1310//2603 1405//2603
f 1309//2604 1406//2604 1308//2604
f 1311//2605 1402//2605 1310//2605
f 1407//2606 1303//2606 1405//2606
f 1408//2607 1298//2607 1312//2607
f 1295//2608 1406//2608 1306//2608
f 1306//2609 1406//2609 1307//2609
f 1307//2610 1406//2610 1309//2610
f 1307//2611 1309//2611 1305//2611
f 1403//2612 1304//2612 1305//2612
f 1403//2613 1305//2613 1309//2613
f 1309//2614 1405//2614 1403//2614
f 1405//2615 1303//2615 1403//2615
f 1403//2616 1303//2616 1304//2616
f 1407//2617 1302//2617 1303//2617
f 1301//2618 1302//2618 1407//2618
f 1301//2619 1407//2619 1402//2619
f 1402//2620 1407//2620 1405//2620
f 1402//2621 1405//2621 1310//2621
f 1402//2622 1311//2622 1300//2622
f 1402//2623 1300//2623 1301//2623
f 1311//2624 1404//2624 1409//2624
f 1311//2625 1409//2625 1300//2625
f 1300//2626 1409//2626 1299//2626
f 1311//2627 1312//2627 1404//2627
f 1404//2628 1312//2628 1298//2628
f 1404//2629 1298//2629 1409//2630
f 1409//2631 1298//2631 1299//2631
f 1408//2632 1297//2632 1298//2632
f 1296//2633 1297//2633 1408//2633
f 1296//2634 1408//2634 1308//2634
f 1308//2635 1408//2635 1312//2635
f 1308//2636 1406//2637 1295//2638
f 1308//2636 1295//2638 1296//2639
f 1275//2640 1412//2640 1274//2640
f 1273//2641 1411//2642 1275//2643
f 1272//2644 1410//2644 1276//2644
f 1272//2645 1274//2645 1410//2645
f 1415//2646 1267//2646 1416//2646
f 1417//2647 1262//2647 1276//2647
f 1259//2648 1410//2648 1270//2648
f 1270//2649 1410//2649 1274//2649
f 1270//2650 1274//2650 1271//2650
f 1271//2651 1274//2651 1269//2651
f 1413//2652 1268//2652 1269//2652
f 1413//2653 1269//2653 1412//2653
f 1412//2654 1269//2654 1274//2654
f 1412//2655 1275//2655 1413//2655
f 1275//2656 1416//2656 1267//2656
f 1275//2657 1267//2657 1413//2657
f 1413//2658 1267//2658 1268//2658
f 1415//2659 1266//2659 1267//2659
f 1265//2660 1266//2660 1415//2660
f 1265//2661 1415//2661 1411//2661
f 1411//2662 1415//2662 1416//2662
f 1411//2642 1416//2663 1275//2643
f 1411//2664 1264//2664 1265//2664
f 1273//2665 1414//2665 1411//2665
f 1411//2666 1414//2666 1418//2666
f 1411//2667 1418//2667 1264//2667
f 1264//2668 1418//2668 1263//2668
f 1273//2669 1276//2669 1414//2669
f 1414//2670 1276//2670 1262//2670
f 1414//2671 1262//2671 1418//2671
f 1418//2631 1262//2631 1263//2631
f 1417//2632 1261//2632 1262//2632
f 1260//2672 1261//2672 1417//2672
f 1260//2673 1417//2673 1410//2673
f 1410//2674 1417//2674 1276//2674
f 1410//2675 1259//2675 1260//2675
f 1419//2676 1293//2676 1283//2676
f 1292//2677 1422//2677 1290//2677
f 1291//2678 1293//2678 1419//2678
f 1423//2679 1285//2679 1291//2679
f 1291//2680 1419//2680 1423//2680
f 1424//2681 1280//2681 1294//2681
f 1277//2682 1422//2682 1288//2682
f 1288//2683 1422//2683 1289//2683
f 1289//2684 1422//2684 1292//2684
f 1289//2611 1292//2611 1287//2611
f 1420//2652 1286//2652 1287//2652
f 1420//2685 1287//2685 1292//2685
f 1292//2686 1291//2686 1420//2686
f 1291//2687 1285//2687 1420//2687
f 1420//2688 1285//2688 1286//2688
f 1423//2659 1284//2659 1285//2659
f 1283//2689 1284//2689 1423//2689
f 1283//2690 1423//2690 1419//2690
f 1293//2691 1282//2691 1283//2691
f 1293//2692 1421//2692 1281//2692
f 1293//2693 1281//2693 1282//2693
f 1293//2694 1294//2694 1421//2694
f 1421//2695 1294//2695 1280//2695
f 1421//2696 1280//2696 1281//2696
f 1424//2697 1279//2697 1280//2697
f 1278//2698 1279//2698 1424//2698
f 1278//2699 1424//2699 1290//2699
f 1290//2700 1424//2700 1294//2700
f 1290//2701 1422//2701 1277//2701
f 1290//2702 1277//2702 1278//2702
f 313//2703 1425//2703 312//2703
f 312//2704 1425//2704 311//2704
f 1426//2705 308//2705 310//2705
f 308//2706 307//2706 310//2706
f 309//2707 1426//2707 310//2707
f 187//2708 1427//2708 97//2708
f 97//2709 1427//2709 186//2709
f 1428//2710 184//2710 185//2710
f 184//2711 183//2711 185//2711
f 1428//2712 185//2712 1429//2712
f 1425//2713 313//2713 18//2713
f 7//2714 1425//2714 18//2714
f 314//2715 6//2715 315//2715
f 315//2716 6//2716 18//2716
f 315//2717 18//2717 313//2717
f 184//2718 1206//2718 182//2718
f 1206//2719 184//2719 9//2719
f 1428//2720 10//2720 9//2720
f 1428//2721 9//2721 184//2721
f 1205//2722 1206//2722 8//2722
f 8//2723 1206//2723 9//2723
f 1427//2724 187//2724 22//2724
f 15//2725 1427//2725 22//2725
f 96//2726 14//2726 188//2726
f 188//2727 14//2727 22//2727
f 188//2728 22//2728 187//2728
f 308//2729 1193//2729 306//2729
f 1193//2730 308//2730 19//2730
f 1426//2731 3//2731 19//2731
f 1426//2732 19//2732 308//2732
f 12//2733 1155//2733 1193//2733
f 12//2734 1193//2734 19//2734
f 268//2735 869//2735 322//2735
f 869//2736 268//2736 269//2736
f 321//2737 320//2737 317//2737
f 322//2738 869//2738 317//2738
f 871//2739 321//2739 869//2739
f 869//2740 321//2740 317//2740
f 868//2741 863//2741 861//2741
f 855//2742 859//2742 863//2742
f 855//2743 863//2743 873//2743
f 873//2744 863//2745 868//2746
f 873//2744 868//2746 866//1233
f 856//2747 855//2748 873//2749
f 856//2747 873//2749 864//2750
f 878//2751 849//2751 851//2751
f 842//1233 844//2752 878//2753
f 878//2753 844//2752 848//2754
f 878//2755 848//2755 849//2755
f 849//2756 848//2756 852//2756
f 845//2757 848//2757 844//2757
f 838//2758 172//2759 175//2760
f 176//2761 839//2761 175//2761
f 175//2760 839//2762 838//2758
f 176//2763 175//2763 177//2763
f 838//2764 174//2764 98//2764
f 838//2765 98//2765 172//2765
f 165//2766 414//2766 100//2766
f 100//2767 414//2767 412//2767
f 100//2768 412//2768 101//2768
f 410//2769 102//2770 412//2771
f 102//2770 101//2772 412//2771
f 426//2773 422//2773 821//2773
f 821//2774 422//2774 423//2774
f 428//2775 426//2775 421//2775
f 421//2776 426//2776 821//2776
f 421//2777 821//2777 416//2777
f 416//2778 821//2778 417//2778
f 415//2779 421//2779 416//2779
f 440//2780 437//2780 435//2780
f 440//2781 439//2781 815//2781
f 440//2782 815//2782 437//2782
f 437//2783 815//2783 430//2783
f 437//2784 430//2784 432//2784
f 434//2785 430//2786 815//2787
f 434//2785 815//2787 438//2788
f 443//2789 334//2790 336//2791
f 443//2789 263//2792 334//2790
f 266//2793 265//2793 264//2793
f 264//2794 263//2794 443//2794
f 445//2795 266//2795 443//2795
f 443//2796 266//2796 264//2796
f 106//2797 448//2797 153//2797
f 153//2798 448//2798 449//2798
f 153//2799 449//2799 150//2799
f 155//2800 150//2800 449//2800
f 449//2801 107//2801 155//2801
f 461//2802 457//2802 806//2802
f 806//2803 457//2803 458//2803
f 452//2804 453//2804 806//2804
f 806//2805 453//2805 456//2805
f 806//2806 456//2806 461//2806
f 461//2807 456//2807 460//2807
f 455//2808 456//2808 453//2808
f 473//2809 470//2809 468//2809
f 473//2810 472//2810 801//2810
f 473//2811 801//2811 470//2811
f 470//2812 801//2812 464//2812
f 470//2813 464//2813 465//2813
f 467//2814 464//2815 801//2816
f 467//2814 801//2816 471//2817
f 349//2818 260//2818 447//2818
f 345//2819 347//2819 346//2819
f 347//2820 349//2820 447//2820
f 475//2821 346//2821 447//2821
f 447//2822 346//2822 347//2822
f 145//2823 478//2823 141//2823
f 141//2824 478//2824 479//2824
f 141//2825 479//2825 143//2825
f 141//2826 146//2826 145//2826
f 477//2827 109//2827 479//2827
f 109//2828 143//2828 479//2828
f 491//2829 487//2829 792//2829
f 792//2830 487//2830 488//2830
f 481//2831 482//2831 792//2831
f 792//2832 482//2832 486//2832
f 792//2833 486//2833 491//2833
f 491//2834 486//2834 490//2834
f 485//2835 486//2835 482//2835
f 503//2836 500//2836 498//2836
f 503//2837 502//2837 785//2837
f 503//2838 785//2838 500//2838
f 500//2839 785//2839 495//2839
f 500//2840 495//2840 493//2840
f 497//2841 495//2842 785//2843
f 497//2841 785//2843 501//2844
f 506//2845 360//2845 362//2845
f 506//2846 362//2846 476//2846
f 358//2847 356//2847 352//2847
f 352//2848 360//2848 506//2848
f 505//2849 358//2849 506//2849
f 506//2850 358//2850 352//2850
f 113//2851 668//2851 134//2851
f 134//2852 668//2852 667//2852
f 134//2853 667//2853 130//2853
f 113//2854 134//2854 111//2854
f 667//2855 666//2856 133//2857
f 667//2855 133//2857 130//2858
f 708//2859 676//2859 678//2859
f 671//2860 672//2860 708//2860
f 708//2861 672//2861 675//2861
f 708//2862 675//2862 676//2862
f 676//2863 675//2863 679//2863
f 674//2864 675//2864 672//2864
f 693//2865 689//2865 687//2865
f 693//2866 691//2866 701//2866
f 693//2867 701//2867 689//2867
f 689//2868 701//2868 682//2868
f 689//2869 682//2869 686//2869
f 683//2870 682//2871 701//2872
f 683//2870 701//2872 690//2873
f 694//2874 253//2875 254//2876
f 694//2874 371//2877 253//2875
f 370//2878 255//2878 364//2878
f 364//2879 371//2879 694//2879
f 696//2880 370//2880 694//2880
f 694//2881 370//2881 364//2881
f 537//2882 535//2882 533//2882
f 529//2883 528//2883 535//2883
f 529//2884 535//2884 781//2884
f 781//2885 535//2885 537//2885
f 781//2886 537//2886 539//2886
f 531//2887 529//2888 781//2889
f 531//2887 781//2889 536//2890
f 525//2891 520//2891 777//2891
f 777//2892 520//2892 521//2892
f 514//2893 515//2893 777//2893
f 777//2894 515//2894 519//2894
f 777//2895 519//2895 525//2895
f 525//2896 519//2896 523//2896
f 517//2897 519//2897 515//2897
f 196//2898 510//2898 191//2898
f 191//2899 510//2899 512//2899
f 191//2900 512//2900 192//2900
f 191//2901 94//2901 196//2901
f 512//2902 509//2903 194//2904
f 194//2904 192//2905 512//2902
f 768//2906 553//2906 555//2906
f 548//2907 549//2907 768//2907
f 768//2908 549//2908 552//2908
f 768//2909 552//2909 553//2909
f 553//2910 552//2910 558//2910
f 551//2911 552//2911 549//2911
f 570//2912 566//2912 564//2912
f 561//2913 559//2913 566//2913
f 561//2914 566//2914 762//2914
f 762//2915 566//2915 570//2915
f 762//2916 570//2916 568//2916
f 563//2917 561//2918 762//2919
f 563//2917 762//2919 567//2920
f 303//2921 272//2921 508//2921
f 273//2922 294//2922 301//2922
f 301//2923 303//2924 508//2925
f 542//2926 273//2926 508//2926
f 508//2925 273//2927 301//2923
f 210//2928 547//2928 92//2928
f 92//2929 547//2929 544//2929
f 92//2930 544//2930 93//2930
f 544//2931 208//2932 205//2933
f 544//2931 205//2933 93//2934
f 589//2935 585//2935 753//2935
f 753//2936 585//2936 586//2936
f 588//2937 589//2937 584//2937
f 584//2938 589//2938 753//2938
f 584//2939 753//2939 580//2939
f 580//2940 753//2940 583//2940
f 579//2941 584//2941 580//2941
f 601//2942 598//2942 596//2942
f 601//2943 600//2943 748//2943
f 601//2944 748//2944 598//2944
f 598//2945 748//2945 593//2945
f 598//2946 593//2946 591//2946
f 595//2947 593//2948 748//2949
f 595//2947 748//2949 599//2950
f 573//2951 291//2952 293//2953
f 573//2951 277//2954 291//2952
f 278//2955 282//2955 290//2955
f 290//2956 277//2956 573//2956
f 571//2957 278//2957 573//2957
f 573//2958 278//2958 290//2958
f 223//2959 576//2959 219//2959
f 219//2960 576//2960 577//2960
f 219//2961 577//2961 220//2961
f 219//2962 224//2962 223//2962
f 575//2963 90//2963 577//2963
f 90//2964 220//2964 577//2964
f 620//2965 616//2965 737//2965
f 737//2966 616//2966 617//2966
f 619//2967 620//2967 615//2967
f 615//2968 620//2968 737//2968
f 615//2969 737//2969 612//2969
f 612//2970 737//2970 611//2970
f 614//2971 615//2971 612//2971
f 633//2972 630//2972 628//2972
f 625//2973 623//2973 630//2973
f 625//2974 630//2974 732//2974
f 732//2975 630//2975 633//2975
f 732//2976 633//2976 632//2976
f 627//2977 625//2978 732//2979
f 627//2977 732//2979 631//2980
f 604//2981 404//2982 406//2983
f 604//2981 403//2984 404//2982
f 243//2985 402//2985 401//2985
f 401//2986 403//2986 604//2986
f 603//2987 243//2987 604//2987
f 604//2988 243//2988 401//2988
f 87//2989 607//2989 233//2989
f 233//2990 607//2990 608//2990
f 233//2991 608//2991 228//2991
f 235//2992 228//2992 608//2992
f 608//2993 88//2993 235//2993
f 652//2994 648//2994 723//2994
f 723//2995 648//2995 649//2995
f 644//2996 643//2996 723//2996
f 723//2997 643//2997 647//2997
f 723//2998 647//2998 652//2998
f 652//2999 647//2999 651//2999
f 642//3000 647//3000 643//3000
f 663//3001 660//3001 658//3001
f 663//3002 662//3002 719//3002
f 663//3003 719//3003 660//3003
f 660//3004 719//3004 654//3004
f 660//3005 654//3005 655//3005
f 657//3006 654//3007 719//3008
f 657//3006 719//3008 661//3009
f 606//3010 394//3010 248//3010
f 392//3011 394//3011 606//3011
f 635//3012 391//3012 606//3012
f 606//3013 391//3013 392//3013
f 121//3014 640//3014 114//3014
f 114//3015 640//3015 641//3015
f 114//3016 641//3016 115//3016
f 641//3017 639//3018 119//3019
f 119//3019 115//3020 641//3017
f 638//3021 384//3021 385//3021
f 251//3022 250//3022 249//3022
f 249//3023 384//3023 638//3023
f 665//3024 251//3024 638//3024
f 638//3025 251//3025 249//3025
f 1374//3026 82//3026 65//3026
f 65//3027 1338//3027 1374//3027
f 1374//3028 1338//3028 1337//3028
f 1374//3029 1337//3029 1341//3029
f 1374//3030 1341//3030 1353//3030
f 1353//3031 1341//3031 1340//3031
f 1373//3032 1370//3032 80//3032
f 80//3033 1370//3033 46//3033
f 893//3034 1370//3034 1373//3034
f 893//3035 1373//3035 895//3035
f 895//3036 1373//3036 906//3036
f 906//3037 1373//3037 1357//3037
f 1375//3038 1315//3038 83//3038
f 83//3039 1315//3039 71//3039
f 1355//3040 1342//3040 1375//3040
f 1375//3041 1342//3041 1339//3041
f 1375//3042 1339//3042 1316//3042
f 1375//3043 1316//3043 1315//3043
f 1372//3044 81//3044 44//3044
f 889//3045 1356//3045 890//3045
f 890//3046 1356//3046 1372//3046
f 890//3047 1372//3047 892//3047
f 892//3048 1372//3048 1358//3048
f 1358//3049 1372//3049 44//3049
f 1430//3050 1431//3050 1432//3050
f 1432//3051 1431//3051 1433//3051
f 1432//3052 1433//3052 1434//3052
f 1432//3053 1434//3053 1435//3053
f 1435//3054 1434//3054 1436//3054
f 1437//3055 1438//3055 1430//3055
f 1430//3056 1438//3056 1431//3056
f 1438//3057 1437//3057 1439//3057
f 1439//3058 1437//3058 1440//3058
f 1441//3059 1442//3059 1440//3059
f 1440//3060 1442//3060 1439//3060
f 1442//3061 1441//3061 1443//3061
f 1443//3062 1441//3062 1444//3062
f 1445//3063 1446//3063 1444//3063
f 1444//3064 1446//3064 1443//3064
f 1446//3065 1445//3065 1447//3065
f 1447//3066 1445//3066 1448//3066
f 1447//3067 1448//3067 1435//3067
f 1447//3068 1435//3068 1436//3068
f 39//3069 41//3070 1482//3071
f 1482//3071 41//3070 1449//3072
f 1465//3073 35//3074 1481//3075
f 1465//3073 1450//3076 35//3074
f 35//3074 1450//3076 1466//3077
f 35//3074 1466//3077 33//3078
f 33//3078 1466//3077 1451//3079
f 33//3078 1451//3079 26//3080
f 43//3081 1475//3082 41//3070
f 41//3070 1475//3082 1479//3083
f 41//3070 1479//3083 1449//3072
f 35//3074 37//3084 1481//3075
f 1481//3075 37//3084 1482//3085
f 1482//3085 37//3084 39//3086
f 1451//3087 1470//3088 26//3089
f 26//3089 1470//3088 1469//3090
f 26//3089 1469//3090 28//3091
f 28//3091 1469//3090 1452//3092
f 1452//3092 1474//3093 28//3091
f 28//3091 1474//3093 1486//3094
f 28//3091 1486//3094 31//3095
f 31//3095 1486//3094 1473//3096
f 31//3095 1473//3096 1471//3097
f 31//3095 1471//3097 43//3098
f 43//3098 1471//3097 1485//3099
f 43//3100 1485//3100 1476//3100
f 43//3101 1476//3101 1475//3101
f 1441//3102 1440//3103 1480//3104
f 1440//3103 1453//3105 1454//3106
f 1440//3103 1454//3106 1480//3104
f 1437//3107 1484//3107 1455//3107
f 1437//3108 1455//3109 1440//3103
f 1440//3103 1455//3109 1453//3105
f 1445//3110 1444//3111 1483//3112
f 1483//3112 1444//3111 1480//3113
f 1480//3113 1444//3111 1441//3114
f 1430//3115 1457//3116 1458//3117
f 1430//3115 1458//3117 1437//3118
f 1437//3118 1458//3117 1484//3119
f 1456//3120 1435//3121 1459//3122
f 1459//3122 1435//3121 1448//3123
f 1459//3122 1448//3123 1460//3124
f 1460//3124 1448//3123 1445//3110
f 1460//3124 1445//3110 1477//3125
f 1483//3112 1477//3125 1445//3110
f 1432//3126 1461//3127 1430//3115
f 1430//3115 1461//3127 1457//3116
f 1456//3120 1462//3128 1435//3121
f 1435//3121 1462//3128 1432//3126
f 1462//3128 1463//3129 1432//3126
f 1432//3126 1463//3129 1461//3127
f 1464//3130 1454//3130 1465//3130
f 1465//3131 1454//3131 1453//3131
f 1465//3132 1453//3132 1450//3132
f 1450//3133 1453//3134 1466//3135
f 1466//3135 1453//3134 1455//3136
f 1466//3137 1455//3138 1484//3139
f 1457//3140 1467//3140 1458//3140
f 1458//3141 1467//3141 1451//3141
f 1458//3142 1451//3143 1484//3144
f 1484//3144 1451//3143 1468//3145
f 1484//3139 1468//3146 1466//3137
f 1463//3147 1452//3147 1461//3147
f 1461//3148 1452//3148 1469//3148
f 1461//3149 1469//3149 1457//3149
f 1457//3150 1469//3150 1470//3150
f 1457//3151 1470//3151 1467//3151
f 1456//3152 1471//3152 1472//3152
f 1472//3153 1471//3153 1473//3153
f 1472//3154 1473//3155 1462//3156
f 1462//3156 1473//3155 1486//3157
f 1462//3158 1486//3159 1463//3160
f 1463//3160 1486//3159 1474//3161
f 1463//3162 1474//3162 1452//3162
f 1460//3163 1475//3163 1476//3163
f 1460//3164 1476//3164 1459//3164
f 1459//3165 1476//3165 1485//3165
f 1459//3166 1485//3166 1456//3166
f 1456//3167 1485//3167 1471//3167
f 1477//3168 1449//3168 1478//3168
f 1478//3169 1449//3169 1479//3169
f 1478//3170 1479//3171 1460//3172
f 1460//3172 1479//3171 1475//3173
f 1480//3174 1454//3174 1481//3174
f 1481//3175 1454//3175 1464//3175
f 1482//3176 1449//3177 1483//3178
f 1483//3178 1449//3177 1477//3179
f 64//3180 1446//3180 62//3180
f 62//3181 1446//3181 1447//3181
f 1446//3182 64//3182 1443//3182
f 1443//3183 64//3183 66//3183
f 1436//3184 77//3184 1447//3184
f 1447//3185 77//3185 62//3185
f 73//3186 1442//3186 66//3186
f 66//3187 1442//3187 1443//3187
f 1431//3188 68//3188 1433//3188
f 1433//3189 68//3189 78//3189
f 1433//3190 78//3190 1434//3190
f 1434//3191 78//3191 1436//3191
f 1436//3192 78//3192 77//3192
f 1442//3193 73//3193 1439//3193
f 1439//3194 73//3194 70//3194
f 1438//3195 74//3195 1431//3195
f 1431//3196 74//3196 68//3196
f 74//3197 1438//3197 70//3197
f 70//3198 1438//3198 1439//3198
f 30//3199 55//3199 29//3199
f 29//3200 55//3200 54//3200
f 29//3201 54//3201 27//3201
f 27//3202 54//3202 25//3202
f 25//3203 54//3203 60//3203
f 25//3204 60//3204 32//3204
f 32//3205 60//3205 50//3205
f 42//3206 57//3206 30//3206
f 30//3207 57//3207 55//3207
f 45//3208 34//3208 50//3208
f 50//3209 34//3209 32//3209
f 40//3210 47//3210 42//3210
f 42//3211 47//3211 57//3211
f 34//3212 45//3212 36//3212
f 36//3213 45//3213 53//3213
f 38//3214 48//3214 40//3214
f 40//3215 48//3215 47//3215
f 48//3216 38//3216 53//3216
f 53//3217 38//3217 36//3217
f 1472//3218 1462//3218 1456//3218
f 1478//3219 1460//3219 1477//3219
f 1470//3220 1451//3220 1467//3220
f 1451//3221 1466//3221 1468//3221
f 1481//3222 1464//3222 1465//3222
f 21//3223 1483//3223 11//3223
f 11//3224 1483//3224 1480//3224
f 13//3225 1482//3225 21//3225
f 21//3226 1482//3226 1483//3226
f 1481//3227 20//3227 1480//3227
f 1480//3228 20//3228 11//3228
f 20//3229 1481//3229 13//3229
f 13//3230 1481//3230 1482//3230
f 76//3231 71//3231 1315//3231
f 1315//3232 1317//3232 76//3232
f 1317//3233 1319//3233 76//3233
f 76//3234 1319//3234 75//3234
f 1319//3235 1321//3235 75//3235
f 75//3236 1321//3237 69//3238
f 1321//3237 1322//3239 69//3238
f 1322//3240 1324//3240 69//3240
f 69//3241 1324//3241 79//3241
f 1324//3242 1325//3242 79//3242
f 79//3243 1325//3243 67//3243
f 1325//3244 1328//3244 67//3244
f 1328//3245 1332//3245 67//3245
f 67//3246 1332//3246 63//3246
f 1332//3247 1331//3247 63//3247
f 1331//3248 1334//3248 63//3248
f 63//3249 1334//3249 72//3249
f 72//3250 1334//3250 1313//3250
f 1338//3251 65//3251 1335//3251
f 1335//3252 65//3252 72//3252
f 1335//3253 72//3253 1313//3253
f 59//3254 46//3254 1370//3254
f 1370//3255 1371//3255 59//3255
f 1371//3256 1369//3256 59//3256
f 59//3257 1369//3257 58//3257
f 1369//3258 1368//3258 58//3258
f 58//3259 1368//3260 56//3261
f 1368//3260 1367//3262 56//3261
f 1367//3263 1366//3263 56//3263
f 56//3264 1366//3264 61//3264
f 1366//3265 1365//3265 61//3265
f 61//3266 1365//3266 52//3266
f 1365//3267 1364//3267 52//3267
f 1364//3268 1363//3268 52//3268
f 52//3269 1363//3269 51//3269
f 1363//3270 1362//3270 51//3270
f 1362//3271 1361//3271 51//3271
f 51//3272 1361//3272 49//3272
f 49//3273 1361//3273 1360//3273
f 1358//3274 44//3274 1359//3274
f 1359//3275 44//3275 49//3275
f 1359//3276 49//3276 1360//3276
